?subject	?property	?value
<http://dbpedia.org/resource/Lombardy>	<http://www.w3.org/1999/02/22-rdf-syntax-ns#type>	<http://www.w3.org/2002/07/owl#Thing>
<http://dbpedia.org/resource/Lombardy>	<http://www.w3.org/1999/02/22-rdf-syntax-ns#type>	<http://dbpedia.org/ontology/Place>
<http://dbpedia.org/resource/Lombardy>	<http://www.w3.org/1999/02/22-rdf-syntax-ns#type>	<http://dbpedia.org/ontology/Location>
<http://dbpedia.org/resource/Lombardy>	<http://www.w3.org/1999/02/22-rdf-syntax-ns#type>	<http://www.wikidata.org/entity/Q3455524>
<http://dbpedia.org/resource/Lombardy>	<http://www.w3.org/1999/02/22-rdf-syntax-ns#type>	<http://dbpedia.org/ontology/AdministrativeRegion>
<http://dbpedia.org/resource/Lombardy>	<http://www.w3.org/1999/02/22-rdf-syntax-ns#type>	<http://dbpedia.org/ontology/PopulatedPlace>
<http://dbpedia.org/resource/Lombardy>	<http://www.w3.org/1999/02/22-rdf-syntax-ns#type>	<http://dbpedia.org/ontology/Region>
<http://dbpedia.org/resource/Lombardy>	<http://www.w3.org/1999/02/22-rdf-syntax-ns#type>	<http://schema.org/AdministrativeArea>
<http://dbpedia.org/resource/Lombardy>	<http://www.w3.org/1999/02/22-rdf-syntax-ns#type>	<http://schema.org/Place>
<http://dbpedia.org/resource/Lombardy>	<http://www.w3.org/1999/02/22-rdf-syntax-ns#type>	<http://www.w3.org/2003/01/geo/wgs84_pos#SpatialThing>
<http://dbpedia.org/resource/Lombardy>	<http://www.w3.org/1999/02/22-rdf-syntax-ns#type>	<http://umbel.org/umbel/rc/Location_Underspecified>
<http://dbpedia.org/resource/Lombardy>	<http://www.w3.org/1999/02/22-rdf-syntax-ns#type>	<http://umbel.org/umbel/rc/PopulatedPlace>
<http://dbpedia.org/resource/Lombardy>	<http://www.w3.org/2000/01/rdf-schema#seeAlso>	<http://dbpedia.org/resource/Milan>
<http://dbpedia.org/resource/Lombardy>	<http://www.w3.org/2000/01/rdf-schema#seeAlso>	<http://dbpedia.org/resource/Tourism>
<http://dbpedia.org/resource/Lombardy>	<http://www.w3.org/2000/01/rdf-schema#seeAlso>	<http://dbpedia.org/resource/List_of_European_Union_regions_by_GDP>
<http://dbpedia.org/resource/Lombardy>	<http://www.w3.org/2000/01/rdf-schema#seeAlso>	<http://dbpedia.org/resource/Lombardy_(historical_region)>
<http://dbpedia.org/resource/Lombardy>	<http://www.w3.org/2002/07/owl#sameAs>	<http://rdf.freebase.com/ns/m.0bzty>
<http://dbpedia.org/resource/Lombardy>	<http://www.w3.org/2002/07/owl#sameAs>	<http://www4.wiwiss.fu-berlin.de/eurostat/resource/regions/Lombardia>
<http://dbpedia.org/resource/Lombardy>	<http://www.w3.org/2002/07/owl#sameAs>	<http://d-nb.info/gnd/4036294-2>
<http://dbpedia.org/resource/Lombardy>	<http://www.w3.org/2002/07/owl#sameAs>	<http://viaf.org/viaf/134323144>
<http://dbpedia.org/resource/Lombardy>	<http://www.w3.org/2002/07/owl#sameAs>	<http://yago-knowledge.org/resource/Lombardy>
<http://dbpedia.org/resource/Lombardy>	<http://www.w3.org/2002/07/owl#sameAs>	<http://www.wikidata.org/entity/Q1210>
<http://dbpedia.org/resource/Lombardy>	<http://www.w3.org/2002/07/owl#sameAs>	<http://www.wikidata.org/entity/Q3687395>
<http://dbpedia.org/resource/Lombardy>	<http://www.w3.org/2002/07/owl#sameAs>	<http://de.dbpedia.org/resource/Lombardei>
<http://dbpedia.org/resource/Lombardy>	<http://www.w3.org/2002/07/owl#sameAs>	<http://es.dbpedia.org/resource/Lombard\u00EDa>
<http://dbpedia.org/resource/Lombardy>	<http://www.w3.org/2002/07/owl#sameAs>	<http://it.dbpedia.org/resource/Consiglio_regionale_della_Lombardia>
<http://dbpedia.org/resource/Lombardy>	<http://www.w3.org/2002/07/owl#sameAs>	<http://it.dbpedia.org/resource/Lombardia>
<http://dbpedia.org/resource/Lombardy>	<http://www.w3.org/2002/07/owl#sameAs>	<http://nl.dbpedia.org/resource/Lombardije>
<http://dbpedia.org/resource/Lombardy>	<http://www.w3.org/2002/07/owl#sameAs>	<http://pl.dbpedia.org/resource/Lombardia>
<http://dbpedia.org/resource/Lombardy>	<http://www.w3.org/2002/07/owl#sameAs>	<http://tr.dbpedia.org/resource/Lombardiya>
<http://dbpedia.org/resource/Lombardy>	<http://www.w3.org/2002/07/owl#sameAs>	<http://commons.dbpedia.org/resource/Lombardia>
<http://dbpedia.org/resource/Lombardy>	<http://www.w3.org/2002/07/owl#sameAs>	<http://fr.dbpedia.org/resource/Lombardie>
<http://dbpedia.org/resource/Lombardy>	<http://www.w3.org/2002/07/owl#sameAs>	<http://da.dbpedia.org/resource/Lombardiet>
<http://dbpedia.org/resource/Lombardy>	<http://www.w3.org/2002/07/owl#sameAs>	<http://he.dbpedia.org/resource/\u05DC\u05D5\u05DE\u05D1\u05E8\u05D3\u05D9\u05D4>
<http://dbpedia.org/resource/Lombardy>	<http://www.w3.org/2002/07/owl#sameAs>	<http://hu.dbpedia.org/resource/Lombardia>
<http://dbpedia.org/resource/Lombardy>	<http://www.w3.org/2002/07/owl#sameAs>	<http://ja.dbpedia.org/resource/\u30ED\u30F3\u30D0\u30EB\u30C7\u30A3\u30A2\u5DDE>
<http://dbpedia.org/resource/Lombardy>	<http://www.w3.org/2002/07/owl#sameAs>	<http://pt.dbpedia.org/resource/Lombardia>
<http://dbpedia.org/resource/Lombardy>	<http://www.w3.org/2002/07/owl#sameAs>	<http://ro.dbpedia.org/resource/Lombardia>
<http://dbpedia.org/resource/Lombardy>	<http://www.w3.org/2002/07/owl#sameAs>	<http://ru.dbpedia.org/resource/\u041B\u043E\u043C\u0431\u0430\u0440\u0434\u0438\u044F>
<http://dbpedia.org/resource/Lombardy>	<http://www.w3.org/2002/07/owl#sameAs>	<http://zh.dbpedia.org/resource/\u4F26\u5DF4\u7B2C\u5927\u533A>
<http://dbpedia.org/resource/Lombardy>	<http://www.w3.org/2002/07/owl#sameAs>	<http://sv.dbpedia.org/resource/Lombardiet>
<http://dbpedia.org/resource/Lombardy>	<http://www.w3.org/2002/07/owl#sameAs>	<http://vi.dbpedia.org/resource/Lombardia>
<http://dbpedia.org/resource/Lombardy>	<http://www.w3.org/2002/07/owl#sameAs>	<http://be.dbpedia.org/resource/\u041B\u0430\u043C\u0431\u0430\u0440\u0434\u044B\u044F>
<http://dbpedia.org/resource/Lombardy>	<http://www.w3.org/2002/07/owl#sameAs>	<http://el.dbpedia.org/resource/\u039B\u03BF\u03BC\u03B2\u03B1\u03C1\u03B4\u03AF\u03B1>
<http://dbpedia.org/resource/Lombardy>	<http://www.w3.org/2002/07/owl#sameAs>	<http://id.dbpedia.org/resource/Lombardia>
<http://dbpedia.org/resource/Lombardy>	<http://www.w3.org/2002/07/owl#sameAs>	<http://ko.dbpedia.org/resource/\uB86C\uBC14\uB974\uB514\uC544\uC8FC>
<http://dbpedia.org/resource/Lombardy>	<http://www.w3.org/2002/07/owl#sameAs>	<http://ca.dbpedia.org/resource/Llombardia>
<http://dbpedia.org/resource/Lombardy>	<http://www.w3.org/2002/07/owl#sameAs>	<http://et.dbpedia.org/resource/Lombardia>
<http://dbpedia.org/resource/Lombardy>	<http://www.w3.org/2002/07/owl#sameAs>	<http://d-nb.info/gnd/1025664-7>
<http://dbpedia.org/resource/Lombardy>	<http://www.w3.org/2002/07/owl#sameAs>	<http://d-nb.info/gnd/1087376874>
<http://dbpedia.org/resource/Lombardy>	<http://www.w3.org/2002/07/owl#sameAs>	<http://d-nb.info/gnd/16112797-6>
<http://dbpedia.org/resource/Lombardy>	<http://www.w3.org/2002/07/owl#sameAs>	<http://d-nb.info/gnd/4840113-4>
<http://dbpedia.org/resource/Lombardy>	<http://www.w3.org/2002/07/owl#sameAs>	<http://sws.geonames.org/3174618/>
<http://dbpedia.org/resource/Lombardy>	<http://www.w3.org/2002/07/owl#sameAs>	<http://musicbrainz.org/area/e9534cdf-f4d6-4346-bfbe-6a34619e518a>
<http://dbpedia.org/resource/Lombardy>	<http://www.w3.org/2002/07/owl#sameAs>	<http://viaf.org/viaf/134876348>
<http://dbpedia.org/resource/Lombardy>	<http://www.w3.org/2002/07/owl#sameAs>	<http://viaf.org/viaf/237032978>
<http://dbpedia.org/resource/Lombardy>	<http://www.w3.org/2002/07/owl#sameAs>	<http://af.dbpedia.org/resource/Lombardye>
<http://dbpedia.org/resource/Lombardy>	<http://www.w3.org/2002/07/owl#sameAs>	<http://als.dbpedia.org/resource/Lombardei>
<http://dbpedia.org/resource/Lombardy>	<http://www.w3.org/2002/07/owl#sameAs>	<http://am.dbpedia.org/resource/\u120E\u121D\u1263\u122D\u12F2\u12EB>
<http://dbpedia.org/resource/Lombardy>	<http://www.w3.org/2002/07/owl#sameAs>	<http://an.dbpedia.org/resource/Lombard\u00EDa>
<http://dbpedia.org/resource/Lombardy>	<http://www.w3.org/2002/07/owl#sameAs>	<http://ar.dbpedia.org/resource/\u0644\u0648\u0645\u0628\u0627\u0631\u062F\u064A\u0627>
<http://dbpedia.org/resource/Lombardy>	<http://www.w3.org/2002/07/owl#sameAs>	<http://arz.dbpedia.org/resource/\u0644\u0648\u0645\u0628\u0627\u0631\u062F\u064A\u0627>
<http://dbpedia.org/resource/Lombardy>	<http://www.w3.org/2002/07/owl#sameAs>	<http://ast.dbpedia.org/resource/Lombard\u00EDa>
<http://dbpedia.org/resource/Lombardy>	<http://www.w3.org/2002/07/owl#sameAs>	<http://az.dbpedia.org/resource/Lombardiya>
<http://dbpedia.org/resource/Lombardy>	<http://www.w3.org/2002/07/owl#sameAs>	<http://az.dbpedia.org/resource/Lombardiya_Regional_\u015Euras\u0131>
<http://dbpedia.org/resource/Lombardy>	<http://www.w3.org/2002/07/owl#sameAs>	<http://azb.dbpedia.org/resource/\u0644\u0648\u0645\u0628\u0627\u0631\u062F\u06CC\u0627>
<http://dbpedia.org/resource/Lombardy>	<http://www.w3.org/2002/07/owl#sameAs>	<http://bg.dbpedia.org/resource/\u041B\u043E\u043C\u0431\u0430\u0440\u0434\u0438\u044F>
<http://dbpedia.org/resource/Lombardy>	<http://www.w3.org/2002/07/owl#sameAs>	<http://bn.dbpedia.org/resource/\u09B2\u09CB\u09AE\u09CD\u09AC\u09BE\u09B0\u09A6\u09BF\u09AF\u09BC\u09BE>
<http://dbpedia.org/resource/Lombardy>	<http://www.w3.org/2002/07/owl#sameAs>	<http://br.dbpedia.org/resource/Lombardia>
<http://dbpedia.org/resource/Lombardy>	<http://www.w3.org/2002/07/owl#sameAs>	<http://bs.dbpedia.org/resource/Lombardija>
<http://dbpedia.org/resource/Lombardy>	<http://www.w3.org/2002/07/owl#sameAs>	<http://ceb.dbpedia.org/resource/Lombardia>
<http://dbpedia.org/resource/Lombardy>	<http://www.w3.org/2002/07/owl#sameAs>	<http://ckb.dbpedia.org/resource/\u0644\u06C6\u0645\u0628\u0627\u0631\u062F\u06CC\u0627>
<http://dbpedia.org/resource/Lombardy>	<http://www.w3.org/2002/07/owl#sameAs>	<http://cs.dbpedia.org/resource/Lombardie>
<http://dbpedia.org/resource/Lombardy>	<http://www.w3.org/2002/07/owl#sameAs>	<http://cv.dbpedia.org/resource/\u041B\u043E\u043C\u0431\u0430\u0440\u0434\u0438>
<http://dbpedia.org/resource/Lombardy>	<http://www.w3.org/2002/07/owl#sameAs>	<http://cy.dbpedia.org/resource/Lombardia>
<http://dbpedia.org/resource/Lombardy>	<http://www.w3.org/2002/07/owl#sameAs>	<http://eo.dbpedia.org/resource/Lombardio>
<http://dbpedia.org/resource/Lombardy>	<http://www.w3.org/2002/07/owl#sameAs>	<http://eu.dbpedia.org/resource/Lombardia>
<http://dbpedia.org/resource/Lombardy>	<http://www.w3.org/2002/07/owl#sameAs>	<http://fa.dbpedia.org/resource/\u0644\u0645\u0628\u0627\u0631\u062F\u06CC>
<http://dbpedia.org/resource/Lombardy>	<http://www.w3.org/2002/07/owl#sameAs>	<http://fi.dbpedia.org/resource/Lombardia>
<http://dbpedia.org/resource/Lombardy>	<http://www.w3.org/2002/07/owl#sameAs>	<http://fo.dbpedia.org/resource/Lombardia>
<http://dbpedia.org/resource/Lombardy>	<http://www.w3.org/2002/07/owl#sameAs>	<http://fy.dbpedia.org/resource/Lombardije>
<http://dbpedia.org/resource/Lombardy>	<http://www.w3.org/2002/07/owl#sameAs>	<http://ga.dbpedia.org/resource/An_Lombaird>
<http://dbpedia.org/resource/Lombardy>	<http://www.w3.org/2002/07/owl#sameAs>	<http://gd.dbpedia.org/resource/Lombardia>
<http://dbpedia.org/resource/Lombardy>	<http://www.w3.org/2002/07/owl#sameAs>	<http://gl.dbpedia.org/resource/Lombard\u00EDa>
<http://dbpedia.org/resource/Lombardy>	<http://www.w3.org/2002/07/owl#sameAs>	<http://hr.dbpedia.org/resource/Lombardija>
<http://dbpedia.org/resource/Lombardy>	<http://www.w3.org/2002/07/owl#sameAs>	<http://hy.dbpedia.org/resource/\u053C\u0578\u0574\u0562\u0561\u0580\u0564\u056B\u0561>
<http://dbpedia.org/resource/Lombardy>	<http://www.w3.org/2002/07/owl#sameAs>	<http://ia.dbpedia.org/resource/Lombardia>
<http://dbpedia.org/resource/Lombardy>	<http://www.w3.org/2002/07/owl#sameAs>	<http://io.dbpedia.org/resource/Lombardia>
<http://dbpedia.org/resource/Lombardy>	<http://www.w3.org/2002/07/owl#sameAs>	<http://is.dbpedia.org/resource/Langbar\u00F0aland>
<http://dbpedia.org/resource/Lombardy>	<http://www.w3.org/2002/07/owl#sameAs>	<http://jv.dbpedia.org/resource/Lombardia>
<http://dbpedia.org/resource/Lombardy>	<http://www.w3.org/2002/07/owl#sameAs>	<http://ka.dbpedia.org/resource/\u10DA\u10DD\u10DB\u10D1\u10D0\u10E0\u10D3\u10D8\u10D0>
<http://dbpedia.org/resource/Lombardy>	<http://www.w3.org/2002/07/owl#sameAs>	<http://kk.dbpedia.org/resource/\u041B\u043E\u043C\u0431\u0430\u0440\u0434\u0438\u044F>
<http://dbpedia.org/resource/Lombardy>	<http://www.w3.org/2002/07/owl#sameAs>	<http://ku.dbpedia.org/resource/Lombardiya>
<http://dbpedia.org/resource/Lombardy>	<http://www.w3.org/2002/07/owl#sameAs>	<http://ky.dbpedia.org/resource/\u041B\u043E\u043C\u0431\u0430\u0440\u0434\u0438\u044F>
<http://dbpedia.org/resource/Lombardy>	<http://www.w3.org/2002/07/owl#sameAs>	<http://la.dbpedia.org/resource/Langobardia>
<http://dbpedia.org/resource/Lombardy>	<http://www.w3.org/2002/07/owl#sameAs>	<http://li.dbpedia.org/resource/Lombardije>
<http://dbpedia.org/resource/Lombardy>	<http://www.w3.org/2002/07/owl#sameAs>	<http://lmo.dbpedia.org/resource/Consili_regional_de_la_Lombardia>
<http://dbpedia.org/resource/Lombardy>	<http://www.w3.org/2002/07/owl#sameAs>	<http://lmo.dbpedia.org/resource/Lombardia>
<http://dbpedia.org/resource/Lombardy>	<http://www.w3.org/2002/07/owl#sameAs>	<http://lt.dbpedia.org/resource/Lombardija>
<http://dbpedia.org/resource/Lombardy>	<http://www.w3.org/2002/07/owl#sameAs>	<http://lv.dbpedia.org/resource/Lombardija>
<http://dbpedia.org/resource/Lombardy>	<http://www.w3.org/2002/07/owl#sameAs>	<http://mk.dbpedia.org/resource/\u041B\u043E\u043C\u0431\u0430\u0440\u0434\u0438\u0458\u0430>
<http://dbpedia.org/resource/Lombardy>	<http://www.w3.org/2002/07/owl#sameAs>	<http://mn.dbpedia.org/resource/\u041B\u043E\u043C\u0431\u0430\u0440\u0434_\u043C\u0443\u0436>
<http://dbpedia.org/resource/Lombardy>	<http://www.w3.org/2002/07/owl#sameAs>	<http://mr.dbpedia.org/resource/\u0932\u094B\u0902\u092C\u093E\u0930\u094D\u0926\u093F\u092F\u093E>
<http://dbpedia.org/resource/Lombardy>	<http://www.w3.org/2002/07/owl#sameAs>	<http://ms.dbpedia.org/resource/Lombardia>
<http://dbpedia.org/resource/Lombardy>	<http://www.w3.org/2002/07/owl#sameAs>	<http://mzn.dbpedia.org/resource/\u0644\u0645\u0628\u0627\u0631\u062F\u06CC>
<http://dbpedia.org/resource/Lombardy>	<http://www.w3.org/2002/07/owl#sameAs>	<http://nap.dbpedia.org/resource/Lummard\u00ECa>
<http://dbpedia.org/resource/Lombardy>	<http://www.w3.org/2002/07/owl#sameAs>	<http://nn.dbpedia.org/resource/Lombardia>
<http://dbpedia.org/resource/Lombardy>	<http://www.w3.org/2002/07/owl#sameAs>	<http://no.dbpedia.org/resource/Lombardia>
<http://dbpedia.org/resource/Lombardy>	<http://www.w3.org/2002/07/owl#sameAs>	<http://oc.dbpedia.org/resource/Lombardia>
<http://dbpedia.org/resource/Lombardy>	<http://www.w3.org/2002/07/owl#sameAs>	<http://os.dbpedia.org/resource/\u041B\u043E\u043C\u0431\u0430\u0440\u0434\u0438>
<http://dbpedia.org/resource/Lombardy>	<http://www.w3.org/2002/07/owl#sameAs>	<http://pa.dbpedia.org/resource/\u0A32\u0A4B\u0A02\u0A2C\u0A3E\u0A30\u0A26\u0A40\u0A06>
<http://dbpedia.org/resource/Lombardy>	<http://www.w3.org/2002/07/owl#sameAs>	<http://pms.dbpedia.org/resource/Lombard\u00ECa>
<http://dbpedia.org/resource/Lombardy>	<http://www.w3.org/2002/07/owl#sameAs>	<http://pnb.dbpedia.org/resource/\u0635\u0648\u0628\u06C1_\u0644\u0645\u0628\u0627\u0631\u0688\u06CC>
<http://dbpedia.org/resource/Lombardy>	<http://www.w3.org/2002/07/owl#sameAs>	<http://qu.dbpedia.org/resource/Lombardia>
<http://dbpedia.org/resource/Lombardy>	<http://www.w3.org/2002/07/owl#sameAs>	<http://scn.dbpedia.org/resource/Lummard\u00ECa>
<http://dbpedia.org/resource/Lombardy>	<http://www.w3.org/2002/07/owl#sameAs>	<http://sco.dbpedia.org/resource/Lombardy>
<http://dbpedia.org/resource/Lombardy>	<http://www.w3.org/2002/07/owl#sameAs>	<http://sh.dbpedia.org/resource/Lombardija>
<http://dbpedia.org/resource/Lombardy>	<http://www.w3.org/2002/07/owl#sameAs>	<http://simple.dbpedia.org/resource/Lombardy>
<http://dbpedia.org/resource/Lombardy>	<http://www.w3.org/2002/07/owl#sameAs>	<http://sk.dbpedia.org/resource/Lombardsko>
<http://dbpedia.org/resource/Lombardy>	<http://www.w3.org/2002/07/owl#sameAs>	<http://sl.dbpedia.org/resource/Lombardija>
<http://dbpedia.org/resource/Lombardy>	<http://www.w3.org/2002/07/owl#sameAs>	<http://sq.dbpedia.org/resource/Lombardia>
<http://dbpedia.org/resource/Lombardy>	<http://www.w3.org/2002/07/owl#sameAs>	<http://sr.dbpedia.org/resource/\u041B\u043E\u043C\u0431\u0430\u0440\u0434\u0438\u0458\u0430>
<http://dbpedia.org/resource/Lombardy>	<http://www.w3.org/2002/07/owl#sameAs>	<http://sw.dbpedia.org/resource/Lombardia>
<http://dbpedia.org/resource/Lombardy>	<http://www.w3.org/2002/07/owl#sameAs>	<http://ta.dbpedia.org/resource/\u0BB2\u0BCB\u0BAE\u0BCD\u0BAA\u0BBE\u0BB0\u0BCD\u0B9F\u0BBF>
<http://dbpedia.org/resource/Lombardy>	<http://www.w3.org/2002/07/owl#sameAs>	<http://th.dbpedia.org/resource/\u0E41\u0E04\u0E27\u0E49\u0E19\u0E25\u0E2D\u0E21\u0E1A\u0E32\u0E23\u0E4C\u0E40\u0E14\u0E35\u0E22>
<http://dbpedia.org/resource/Lombardy>	<http://www.w3.org/2002/07/owl#sameAs>	<http://tl.dbpedia.org/resource/Lombardia>
<http://dbpedia.org/resource/Lombardy>	<http://www.w3.org/2002/07/owl#sameAs>	<http://tt.dbpedia.org/resource/\u041B\u043E\u043C\u0431\u0430\u0440\u0434\u0438\u044F>
<http://dbpedia.org/resource/Lombardy>	<http://www.w3.org/2002/07/owl#sameAs>	<http://uk.dbpedia.org/resource/\u041B\u043E\u043C\u0431\u0430\u0440\u0434\u0456\u044F>
<http://dbpedia.org/resource/Lombardy>	<http://www.w3.org/2002/07/owl#sameAs>	<http://ur.dbpedia.org/resource/\u0644\u0648\u0645\u0628\u0627\u0631\u062F\u06CC\u06C1>
<http://dbpedia.org/resource/Lombardy>	<http://www.w3.org/2002/07/owl#sameAs>	<http://vec.dbpedia.org/resource/\u0141onbardia>
<http://dbpedia.org/resource/Lombardy>	<http://www.w3.org/2002/07/owl#sameAs>	<http://war.dbpedia.org/resource/Lombardiya>
<http://dbpedia.org/resource/Lombardy>	<http://www.w3.org/2002/07/owl#sameAs>	<http://ce.dbpedia.org/resource/\u041B\u043E\u043C\u0431\u0430\u0440\u0434\u0438>
<http://dbpedia.org/resource/Lombardy>	<http://www.w3.org/2002/07/owl#sameAs>	<https://global.dbpedia.org/id/FMrt>
<http://dbpedia.org/resource/Lombardy>	<http://xmlns.com/foaf/0.1/name>	"Lombardy"@en
<http://dbpedia.org/resource/Lombardy>	<http://www.w3.org/2000/01/rdf-schema#label>	"Lombardy"@en
<http://dbpedia.org/resource/Lombardy>	<http://www.w3.org/2000/01/rdf-schema#label>	"Lombardie"@cs
<http://dbpedia.org/resource/Lombardy>	<http://www.w3.org/2000/01/rdf-schema#label>	"Llombardia"@ca
<http://dbpedia.org/resource/Lombardy>	<http://www.w3.org/2000/01/rdf-schema#label>	"لومبارديا"@ar
<http://dbpedia.org/resource/Lombardy>	<http://www.w3.org/2000/01/rdf-schema#label>	"Λομβαρδία"@el
<http://dbpedia.org/resource/Lombardy>	<http://www.w3.org/2000/01/rdf-schema#label>	"Lombardei"@de
<http://dbpedia.org/resource/Lombardy>	<http://www.w3.org/2000/01/rdf-schema#label>	"Lombardio"@eo
<http://dbpedia.org/resource/Lombardy>	<http://www.w3.org/2000/01/rdf-schema#label>	"Lombardia"@eu
<http://dbpedia.org/resource/Lombardy>	<http://www.w3.org/2000/01/rdf-schema#label>	"Lombardía"@es
<http://dbpedia.org/resource/Lombardy>	<http://www.w3.org/2000/01/rdf-schema#label>	"Lombardie"@fr
<http://dbpedia.org/resource/Lombardy>	<http://www.w3.org/2000/01/rdf-schema#label>	"An Lombaird"@ga
<http://dbpedia.org/resource/Lombardy>	<http://www.w3.org/2000/01/rdf-schema#label>	"Lombardia"@in
<http://dbpedia.org/resource/Lombardy>	<http://www.w3.org/2000/01/rdf-schema#label>	"Consiglio regionale della Lombardia"@it
<http://dbpedia.org/resource/Lombardy>	<http://www.w3.org/2000/01/rdf-schema#label>	"Lombardia"@it
<http://dbpedia.org/resource/Lombardy>	<http://www.w3.org/2000/01/rdf-schema#label>	"ロンバルディア州"@ja
<http://dbpedia.org/resource/Lombardy>	<http://www.w3.org/2000/01/rdf-schema#label>	"롬바르디아주"@ko
<http://dbpedia.org/resource/Lombardy>	<http://www.w3.org/2000/01/rdf-schema#label>	"Lombardia"@pl
<http://dbpedia.org/resource/Lombardy>	<http://www.w3.org/2000/01/rdf-schema#label>	"Lombardije"@nl
<http://dbpedia.org/resource/Lombardy>	<http://www.w3.org/2000/01/rdf-schema#label>	"Lombardia"@pt
<http://dbpedia.org/resource/Lombardy>	<http://www.w3.org/2000/01/rdf-schema#label>	"Ломбардія"@uk
<http://dbpedia.org/resource/Lombardy>	<http://www.w3.org/2000/01/rdf-schema#label>	"Lombardiet"@sv
<http://dbpedia.org/resource/Lombardy>	<http://www.w3.org/2000/01/rdf-schema#label>	"Ломбардия"@ru
<http://dbpedia.org/resource/Lombardy>	<http://www.w3.org/2000/01/rdf-schema#label>	"伦巴第大区"@zh
<http://dbpedia.org/resource/Lombardy>	<http://dbpedia.org/property/areaCodeType>	<http://dbpedia.org/resource/ISO_3166>
<http://dbpedia.org/resource/Lombardy>	<http://purl.org/dc/terms/subject>	<http://dbpedia.org/resource/Category:Regions_of_Italy>
<http://dbpedia.org/resource/Lombardy>	<http://purl.org/dc/terms/subject>	<http://dbpedia.org/resource/Category:NUTS_2_statistical_regions_of_the_European_Union>
<http://dbpedia.org/resource/Lombardy>	<http://purl.org/dc/terms/subject>	<http://dbpedia.org/resource/Category:Wine_regions_of_Italy>
<http://dbpedia.org/resource/Lombardy>	<http://purl.org/dc/terms/subject>	<http://dbpedia.org/resource/Category:Lombardy>
<http://dbpedia.org/resource/Lombardy>	<http://dbpedia.org/ontology/wikiPageWikiLink>	<http://dbpedia.org/resource/Indicazione_Geografica_Tipica>
<http://dbpedia.org/resource/Lombardy>	<http://dbpedia.org/ontology/wikiPageWikiLink>	<http://dbpedia.org/resource/Carpathian_basin>
<http://dbpedia.org/resource/Lombardy>	<http://dbpedia.org/ontology/wikiPageWikiLink>	<http://dbpedia.org/resource/Fine_particulate_matter>
<http://dbpedia.org/resource/Lombardy>	<http://dbpedia.org/ontology/wikiPageWikiLink>	<http://dbpedia.org/resource/Azalea>
<http://dbpedia.org/resource/Lombardy>	<http://dbpedia.org/ontology/wikiPageWikiLink>	<http://dbpedia.org/resource/Acacia>
<http://dbpedia.org/resource/Lombardy>	<http://dbpedia.org/ontology/wikiPageWikiLink>	<http://dbpedia.org/resource/K\u00F6ppen_climate_classification>
<http://dbpedia.org/resource/Lombardy>	<http://dbpedia.org/ontology/wikiPageWikiLink>	<http://dbpedia.org/resource/Red_deer>
<http://dbpedia.org/resource/Lombardy>	<http://dbpedia.org/ontology/wikiPageWikiLink>	<http://dbpedia.org/resource/Armani>
<http://dbpedia.org/resource/Lombardy>	<http://dbpedia.org/ontology/wikiPageWikiLink>	<http://dbpedia.org/resource/Company_town>
<http://dbpedia.org/resource/Lombardy>	<http://dbpedia.org/ontology/wikiPageWikiLink>	<http://dbpedia.org/resource/Iveco_EuroCargo>
<http://dbpedia.org/resource/Lombardy>	<http://dbpedia.org/ontology/wikiPageWikiLink>	<http://dbpedia.org/resource/AgustaWestland>
<http://dbpedia.org/resource/Lombardy>	<http://dbpedia.org/ontology/wikiPageWikiLink>	<http://dbpedia.org/resource/First-level_NUTS_of_the_European_Union>
<http://dbpedia.org/resource/Lombardy>	<http://dbpedia.org/ontology/wikiPageWikiLink>	<http://dbpedia.org/resource/Ibex>
<http://dbpedia.org/resource/Lombardy>	<http://dbpedia.org/ontology/wikiPageWikiLink>	<http://dbpedia.org/resource/Como_Cathedral>
<http://dbpedia.org/resource/Lombardy>	<http://dbpedia.org/ontology/wikiPageWikiLink>	<http://dbpedia.org/resource/University_History_Museum,_University_of_Pavia>
<http://dbpedia.org/resource/Lombardy>	<http://dbpedia.org/ontology/wikiPageWikiLink>	<http://dbpedia.org/resource/MV_Agusta_Turismo_Veloce>
<http://dbpedia.org/resource/Lombardy>	<http://dbpedia.org/ontology/wikiPageWikiLink>	<http://dbpedia.org/resource/2020\u201321_Serie_B>
<http://dbpedia.org/resource/Lombardy>	<http://dbpedia.org/ontology/wikiPageWikiLink>	<http://dbpedia.org/resource/Gross_regional_product>
<http://dbpedia.org/resource/Lombardy>	<http://dbpedia.org/ontology/wikiPageWikiLink>	<http://dbpedia.org/resource/Alessandro_Manzoni>
<http://dbpedia.org/resource/Lombardy>	<http://dbpedia.org/ontology/wikiPageWikiLink>	<http://dbpedia.org/resource/Alessandro_Volta>
<http://dbpedia.org/resource/Lombardy>	<http://dbpedia.org/ontology/wikiPageWikiLink>	<http://dbpedia.org/resource/Alps>
<http://dbpedia.org/resource/Lombardy>	<http://dbpedia.org/ontology/wikiPageWikiLink>	<http://dbpedia.org/resource/Apennine_Mountains>
<http://dbpedia.org/resource/Lombardy>	<http://dbpedia.org/ontology/wikiPageWikiLink>	<http://dbpedia.org/resource/Apulia>
<http://dbpedia.org/resource/Lombardy>	<http://dbpedia.org/ontology/wikiPageWikiLink>	<http://dbpedia.org/resource/Azerbaijan>
<http://dbpedia.org/resource/Lombardy>	<http://dbpedia.org/ontology/wikiPageWikiLink>	<http://dbpedia.org/resource/Baden-W\u00FCrttemberg>
<http://dbpedia.org/resource/Lombardy>	<http://dbpedia.org/ontology/wikiPageWikiLink>	<http://dbpedia.org/resource/Battle_of_Marignano>
<http://dbpedia.org/resource/Lombardy>	<http://dbpedia.org/ontology/wikiPageWikiLink>	<http://dbpedia.org/resource/Bavaria>
<http://dbpedia.org/resource/Lombardy>	<http://dbpedia.org/ontology/wikiPageWikiLink>	<http://dbpedia.org/resource/Bergamo>
<http://dbpedia.org/resource/Lombardy>	<http://dbpedia.org/ontology/wikiPageWikiLink>	<http://dbpedia.org/resource/Calabria>
<http://dbpedia.org/resource/Lombardy>	<http://dbpedia.org/ontology/wikiPageWikiLink>	<http://dbpedia.org/resource/Como>
<http://dbpedia.org/resource/Lombardy>	<http://dbpedia.org/ontology/wikiPageWikiLink>	<http://dbpedia.org/resource/Emilia-Romagna>
<http://dbpedia.org/resource/Lombardy>	<http://dbpedia.org/ontology/wikiPageWikiLink>	<http://dbpedia.org/resource/European_Union>
<http://dbpedia.org/resource/Lombardy>	<http://dbpedia.org/ontology/wikiPageWikiLink>	<http://dbpedia.org/resource/FIS_Alpine_Ski_World_Cup>
<http://dbpedia.org/resource/Lombardy>	<http://dbpedia.org/ontology/wikiPageWikiLink>	<http://dbpedia.org/resource/Inter_Milan>
<http://dbpedia.org/resource/Lombardy>	<http://dbpedia.org/ontology/wikiPageWikiLink>	<http://dbpedia.org/resource/Islam>
<http://dbpedia.org/resource/Lombardy>	<http://dbpedia.org/ontology/wikiPageWikiLink>	<http://dbpedia.org/resource/Kuwait>
<http://dbpedia.org/resource/Lombardy>	<http://dbpedia.org/ontology/wikiPageWikiLink>	<http://dbpedia.org/resource/Lazio>
<http://dbpedia.org/resource/Lombardy>	<http://dbpedia.org/ontology/wikiPageWikiLink>	<http://dbpedia.org/resource/Leonardo_da_Vinci>
<http://dbpedia.org/resource/Lombardy>	<http://dbpedia.org/ontology/wikiPageWikiLink>	<http://dbpedia.org/resource/Lepontine_Alps>
<http://dbpedia.org/resource/Lombardy>	<http://dbpedia.org/ontology/wikiPageWikiLink>	<http://dbpedia.org/resource/Milan>
<http://dbpedia.org/resource/Lombardy>	<http://dbpedia.org/ontology/wikiPageWikiLink>	<http://dbpedia.org/resource/Napoleon>
<http://dbpedia.org/resource/Lombardy>	<http://dbpedia.org/ontology/wikiPageWikiLink>	<http://dbpedia.org/resource/Piedmont>
<http://dbpedia.org/resource/Lombardy>	<http://dbpedia.org/ontology/wikiPageWikiLink>	<http://dbpedia.org/resource/Po_(river)>
<http://dbpedia.org/resource/Lombardy>	<http://dbpedia.org/ontology/wikiPageWikiLink>	<http://dbpedia.org/resource/Quebec>
<http://dbpedia.org/resource/Lombardy>	<http://dbpedia.org/ontology/wikiPageWikiLink>	<http://dbpedia.org/resource/Rhaetian_Alps>
<http://dbpedia.org/resource/Lombardy>	<http://dbpedia.org/ontology/wikiPageWikiLink>	<http://dbpedia.org/resource/Sardinia>
<http://dbpedia.org/resource/Lombardy>	<http://dbpedia.org/ontology/wikiPageWikiLink>	<http://dbpedia.org/resource/Saxony>
<http://dbpedia.org/resource/Lombardy>	<http://dbpedia.org/ontology/wikiPageWikiLink>	<http://dbpedia.org/resource/Saxony-Anhalt>
<http://dbpedia.org/resource/Lombardy>	<http://dbpedia.org/ontology/wikiPageWikiLink>	<http://dbpedia.org/resource/Sicily>
<http://dbpedia.org/resource/Lombardy>	<http://dbpedia.org/ontology/wikiPageWikiLink>	<http://dbpedia.org/resource/South_Holland>
<http://dbpedia.org/resource/Lombardy>	<http://dbpedia.org/ontology/wikiPageWikiLink>	<http://dbpedia.org/resource/Trentino-Alto_Adige/S\u00FCdtirol>
<http://dbpedia.org/resource/Lombardy>	<http://dbpedia.org/ontology/wikiPageWikiLink>	<http://dbpedia.org/resource/Umbria>
<http://dbpedia.org/resource/Lombardy>	<http://dbpedia.org/ontology/wikiPageWikiLink>	<http://dbpedia.org/resource/Veneto>
<http://dbpedia.org/resource/Lombardy>	<http://dbpedia.org/ontology/wikiPageWikiLink>	<http://dbpedia.org/resource/Virgil>
<http://dbpedia.org/resource/Lombardy>	<http://dbpedia.org/ontology/wikiPageWikiLink>	<http://dbpedia.org/resource/AgustaWestland_AW109>
<http://dbpedia.org/resource/Lombardy>	<http://dbpedia.org/ontology/wikiPageWikiLink>	<http://dbpedia.org/resource/AgustaWestland_AW139>
<http://dbpedia.org/resource/Lombardy>	<http://dbpedia.org/ontology/wikiPageWikiLink>	<http://dbpedia.org/resource/Gallo-Roman_culture>
<http://dbpedia.org/resource/Lombardy>	<http://dbpedia.org/ontology/wikiPageWikiLink>	<http://dbpedia.org/resource/Italian_agile_frog>
<http://dbpedia.org/resource/Lombardy>	<http://dbpedia.org/ontology/wikiPageWikiLink>	<http://dbpedia.org/resource/Mostarda>
<http://dbpedia.org/resource/Lombardy>	<http://dbpedia.org/ontology/wikiPageWikiLink>	<http://dbpedia.org/resource/New_Cathedral,_Brescia>
<http://dbpedia.org/resource/Lombardy>	<http://dbpedia.org/ontology/wikiPageWikiLink>	<http://dbpedia.org/resource/Mille_Miglia>
<http://dbpedia.org/resource/Lombardy>	<http://dbpedia.org/ontology/wikiPageWikiLink>	<http://dbpedia.org/resource/Santa_Maria_Maggiore,_Bergamo>
<http://dbpedia.org/resource/Lombardy>	<http://dbpedia.org/ontology/wikiPageWikiLink>	<http://dbpedia.org/resource/Metropolitan_cities_of_Italy>
<http://dbpedia.org/resource/Lombardy>	<http://dbpedia.org/ontology/wikiPageWikiLink>	<http://dbpedia.org/resource/Sycamore>
<http://dbpedia.org/resource/Lombardy>	<http://dbpedia.org/ontology/wikiPageWikiLink>	<http://dbpedia.org/resource/Adriatic_Sea>
<http://dbpedia.org/resource/Lombardy>	<http://dbpedia.org/ontology/wikiPageWikiLink>	<http://dbpedia.org/resource/Albanian_language>
<http://dbpedia.org/resource/Lombardy>	<http://dbpedia.org/ontology/wikiPageWikiLink>	<http://dbpedia.org/resource/Ancient_Rome>
<http://dbpedia.org/resource/Lombardy>	<http://dbpedia.org/ontology/wikiPageWikiLink>	<http://dbpedia.org/resource/Andrea_Mantegna>
<http://dbpedia.org/resource/Lombardy>	<http://dbpedia.org/ontology/wikiPageWikiLink>	<http://dbpedia.org/resource/Association_football>
<http://dbpedia.org/resource/Lombardy>	<http://dbpedia.org/ontology/wikiPageWikiLink>	<http://dbpedia.org/resource/Attilio_Fontana>
<http://dbpedia.org/resource/Lombardy>	<http://dbpedia.org/ontology/wikiPageWikiLink>	<http://dbpedia.org/resource/Austrian_Empire>
<http://dbpedia.org/resource/Lombardy>	<http://dbpedia.org/ontology/wikiPageWikiLink>	<http://dbpedia.org/resource/Auvergne-Rh\u00F4ne-Alpes>
<http://dbpedia.org/resource/Lombardy>	<http://dbpedia.org/ontology/wikiPageWikiLink>	<http://dbpedia.org/resource/Bormio>
<http://dbpedia.org/resource/Lombardy>	<http://dbpedia.org/ontology/wikiPageWikiLink>	<http://dbpedia.org/resource/Brescia>
<http://dbpedia.org/resource/Lombardy>	<http://dbpedia.org/ontology/wikiPageWikiLink>	<http://dbpedia.org/resource/Brescia_Calcio>
<http://dbpedia.org/resource/Lombardy>	<http://dbpedia.org/ontology/wikiPageWikiLink>	<http://dbpedia.org/resource/Campo_dei_Fiori_di_Varese>
<http://dbpedia.org/resource/Lombardy>	<http://dbpedia.org/ontology/wikiPageWikiLink>	<http://dbpedia.org/resource/Catalonia>
<http://dbpedia.org/resource/Lombardy>	<http://dbpedia.org/ontology/wikiPageWikiLink>	<http://dbpedia.org/resource/Catholic_Church>
<http://dbpedia.org/resource/Lombardy>	<http://dbpedia.org/ontology/wikiPageWikiLink>	<http://dbpedia.org/resource/Central_European_Summer_Time>
<http://dbpedia.org/resource/Lombardy>	<http://dbpedia.org/ontology/wikiPageWikiLink>	<http://dbpedia.org/resource/Central_European_Time>
<http://dbpedia.org/resource/Lombardy>	<http://dbpedia.org/ontology/wikiPageWikiLink>	<http://dbpedia.org/resource/Cesare_Beccaria>
<http://dbpedia.org/resource/Lombardy>	<http://dbpedia.org/ontology/wikiPageWikiLink>	<http://dbpedia.org/resource/Charlemagne>
<http://dbpedia.org/resource/Lombardy>	<http://dbpedia.org/ontology/wikiPageWikiLink>	<http://dbpedia.org/resource/Christian_Democracy_(Italy)>
<http://dbpedia.org/resource/Lombardy>	<http://dbpedia.org/ontology/wikiPageWikiLink>	<http://dbpedia.org/resource/Cisalpine_Republic>
<http://dbpedia.org/resource/Lombardy>	<http://dbpedia.org/ontology/wikiPageWikiLink>	<http://dbpedia.org/resource/Cremona>
<http://dbpedia.org/resource/Lombardy>	<http://dbpedia.org/ontology/wikiPageWikiLink>	<http://dbpedia.org/resource/Dominican_Order>
<http://dbpedia.org/resource/Lombardy>	<http://dbpedia.org/ontology/wikiPageWikiLink>	<http://dbpedia.org/resource/Duchy_of_Milan>
<http://dbpedia.org/resource/Lombardy>	<http://dbpedia.org/ontology/wikiPageWikiLink>	<http://dbpedia.org/resource/First_French_Empire>
<http://dbpedia.org/resource/Lombardy>	<http://dbpedia.org/ontology/wikiPageWikiLink>	<http://dbpedia.org/resource/Germanic_languages>
<http://dbpedia.org/resource/Lombardy>	<http://dbpedia.org/ontology/wikiPageWikiLink>	<http://dbpedia.org/resource/Giuseppe_Verdi>
<http://dbpedia.org/resource/Lombardy>	<http://dbpedia.org/ontology/wikiPageWikiLink>	<http://dbpedia.org/resource/Holy_Roman_Empire>
<http://dbpedia.org/resource/Lombardy>	<http://dbpedia.org/ontology/wikiPageWikiLink>	<http://dbpedia.org/resource/Italian_Grand_Prix>
<http://dbpedia.org/resource/Lombardy>	<http://dbpedia.org/ontology/wikiPageWikiLink>	<http://dbpedia.org/resource/Italian_Socialist_Party>
<http://dbpedia.org/resource/Lombardy>	<http://dbpedia.org/ontology/wikiPageWikiLink>	<http://dbpedia.org/resource/Jews>
<http://dbpedia.org/resource/Lombardy>	<http://dbpedia.org/ontology/wikiPageWikiLink>	<http://dbpedia.org/resource/Kingdom_of_Italy>
<http://dbpedia.org/resource/Lombardy>	<http://dbpedia.org/ontology/wikiPageWikiLink>	<http://dbpedia.org/resource/Kingdom_of_Italy_(Napoleonic)>
<http://dbpedia.org/resource/Lombardy>	<http://dbpedia.org/ontology/wikiPageWikiLink>	<http://dbpedia.org/resource/Kingdom_of_Lombardy\u2013Venetia>
<http://dbpedia.org/resource/Lombardy>	<http://dbpedia.org/ontology/wikiPageWikiLink>	<http://dbpedia.org/resource/Lake_Garda>
<http://dbpedia.org/resource/Lombardy>	<http://dbpedia.org/ontology/wikiPageWikiLink>	<http://dbpedia.org/resource/Lecco>
<http://dbpedia.org/resource/Lombardy>	<http://dbpedia.org/ontology/wikiPageWikiLink>	<http://dbpedia.org/resource/Lega_Nord>
<http://dbpedia.org/resource/Lombardy>	<http://dbpedia.org/ontology/wikiPageWikiLink>	<http://dbpedia.org/resource/List_of_grape_varieties>
<http://dbpedia.org/resource/Lombardy>	<http://dbpedia.org/ontology/wikiPageWikiLink>	<http://dbpedia.org/resource/Lodi,_Lombardy>
<http://dbpedia.org/resource/Lombardy>	<http://dbpedia.org/ontology/wikiPageWikiLink>	<http://dbpedia.org/resource/Lombard_language>
<http://dbpedia.org/resource/Lombardy>	<http://dbpedia.org/ontology/wikiPageWikiLink>	<http://dbpedia.org/resource/Mantua>
<http://dbpedia.org/resource/Lombardy>	<http://dbpedia.org/ontology/wikiPageWikiLink>	<http://dbpedia.org/resource/Metropolitan_City_of_Milan>
<http://dbpedia.org/resource/Lombardy>	<http://dbpedia.org/ontology/wikiPageWikiLink>	<http://dbpedia.org/resource/Metropolitan_area>
<http://dbpedia.org/resource/Lombardy>	<http://dbpedia.org/ontology/wikiPageWikiLink>	<http://dbpedia.org/resource/Mincio>
<http://dbpedia.org/resource/Lombardy>	<http://dbpedia.org/ontology/wikiPageWikiLink>	<http://dbpedia.org/resource/Monza>
<http://dbpedia.org/resource/Lombardy>	<http://dbpedia.org/ontology/wikiPageWikiLink>	<http://dbpedia.org/resource/Old_Swiss_Confederacy>
<http://dbpedia.org/resource/Lombardy>	<http://dbpedia.org/ontology/wikiPageWikiLink>	<http://dbpedia.org/resource/Papal_States>
<http://dbpedia.org/resource/Lombardy>	<http://dbpedia.org/ontology/wikiPageWikiLink>	<http://dbpedia.org/resource/Pavia>
<http://dbpedia.org/resource/Lombardy>	<http://dbpedia.org/ontology/wikiPageWikiLink>	<http://dbpedia.org/resource/Pliny_the_Elder>
<http://dbpedia.org/resource/Lombardy>	<http://dbpedia.org/ontology/wikiPageWikiLink>	<http://dbpedia.org/resource/Politics_of_Lombardy>
<http://dbpedia.org/resource/Lombardy>	<http://dbpedia.org/ontology/wikiPageWikiLink>	<http://dbpedia.org/resource/Pope_John_XXIII>
<http://dbpedia.org/resource/Lombardy>	<http://dbpedia.org/ontology/wikiPageWikiLink>	<http://dbpedia.org/resource/Prehistoric_pile_dwellings_around_the_Alps>
<http://dbpedia.org/resource/Lombardy>	<http://dbpedia.org/ontology/wikiPageWikiLink>	<http://dbpedia.org/resource/Protestantism>
<http://dbpedia.org/resource/Lombardy>	<http://dbpedia.org/ontology/wikiPageWikiLink>	<http://dbpedia.org/resource/Province_of_Bergamo>
<http://dbpedia.org/resource/Lombardy>	<http://dbpedia.org/ontology/wikiPageWikiLink>	<http://dbpedia.org/resource/Province_of_Brescia>
<http://dbpedia.org/resource/Lombardy>	<http://dbpedia.org/ontology/wikiPageWikiLink>	<http://dbpedia.org/resource/Province_of_Como>
<http://dbpedia.org/resource/Lombardy>	<http://dbpedia.org/ontology/wikiPageWikiLink>	<http://dbpedia.org/resource/Province_of_Cremona>
<http://dbpedia.org/resource/Lombardy>	<http://dbpedia.org/ontology/wikiPageWikiLink>	<http://dbpedia.org/resource/Province_of_Lecco>
<http://dbpedia.org/resource/Lombardy>	<http://dbpedia.org/ontology/wikiPageWikiLink>	<http://dbpedia.org/resource/Province_of_Mantua>
<http://dbpedia.org/resource/Lombardy>	<http://dbpedia.org/ontology/wikiPageWikiLink>	<http://dbpedia.org/resource/Province_of_Monza_and_Brianza>
<http://dbpedia.org/resource/Lombardy>	<http://dbpedia.org/ontology/wikiPageWikiLink>	<http://dbpedia.org/resource/Province_of_Novara>
<http://dbpedia.org/resource/Lombardy>	<http://dbpedia.org/ontology/wikiPageWikiLink>	<http://dbpedia.org/resource/Province_of_Pavia>
<http://dbpedia.org/resource/Lombardy>	<http://dbpedia.org/ontology/wikiPageWikiLink>	<http://dbpedia.org/resource/Province_of_Sondrio>
<http://dbpedia.org/resource/Lombardy>	<http://dbpedia.org/ontology/wikiPageWikiLink>	<http://dbpedia.org/resource/Province_of_Varese>
<http://dbpedia.org/resource/Lombardy>	<http://dbpedia.org/ontology/wikiPageWikiLink>	<http://dbpedia.org/resource/Provinces_of_Italy>
<http://dbpedia.org/resource/Lombardy>	<http://dbpedia.org/ontology/wikiPageWikiLink>	<http://dbpedia.org/resource/Regional_Council_of_Lombardy>
<http://dbpedia.org/resource/Lombardy>	<http://dbpedia.org/ontology/wikiPageWikiLink>	<http://dbpedia.org/resource/Regions_of_Italy>
<http://dbpedia.org/resource/Lombardy>	<http://dbpedia.org/ontology/wikiPageWikiLink>	<http://dbpedia.org/resource/Renaissance>
<http://dbpedia.org/resource/Lombardy>	<http://dbpedia.org/ontology/wikiPageWikiLink>	<http://dbpedia.org/resource/Republic_of_Venice>
<http://dbpedia.org/resource/Lombardy>	<http://dbpedia.org/ontology/wikiPageWikiLink>	<http://dbpedia.org/resource/Romance_languages>
<http://dbpedia.org/resource/Lombardy>	<http://dbpedia.org/ontology/wikiPageWikiLink>	<http://dbpedia.org/resource/Ros\u00E9>
<http://dbpedia.org/resource/Lombardy>	<http://dbpedia.org/ontology/wikiPageWikiLink>	<http://dbpedia.org/resource/San_Pietro_in_Ciel_d\u0027Oro>
<http://dbpedia.org/resource/Lombardy>	<http://dbpedia.org/ontology/wikiPageWikiLink>	<http://dbpedia.org/resource/Second_Italian_War_of_Independence>
<http://dbpedia.org/resource/Lombardy>	<http://dbpedia.org/ontology/wikiPageWikiLink>	<http://dbpedia.org/resource/Silvio_Berlusconi>
<http://dbpedia.org/resource/Lombardy>	<http://dbpedia.org/ontology/wikiPageWikiLink>	<http://dbpedia.org/resource/South_Tyrol>
<http://dbpedia.org/resource/Lombardy>	<http://dbpedia.org/ontology/wikiPageWikiLink>	<http://dbpedia.org/resource/Ticino>
<http://dbpedia.org/resource/Lombardy>	<http://dbpedia.org/ontology/wikiPageWikiLink>	<http://dbpedia.org/resource/Varese>
<http://dbpedia.org/resource/Lombardy>	<http://dbpedia.org/ontology/wikiPageWikiLink>	<http://dbpedia.org/resource/Western_Roman_Empire>
<http://dbpedia.org/resource/Lombardy>	<http://dbpedia.org/ontology/wikiPageWikiLink>	<http://dbpedia.org/resource/World_Health_Organization>
<http://dbpedia.org/resource/Lombardy>	<http://dbpedia.org/ontology/wikiPageWikiLink>	<http://dbpedia.org/resource/World_Heritage_Site>
<http://dbpedia.org/resource/Lombardy>	<http://dbpedia.org/ontology/wikiPageWikiLink>	<http://dbpedia.org/resource/Claudio_Monteverdi>
<http://dbpedia.org/resource/Lombardy>	<http://dbpedia.org/ontology/wikiPageWikiLink>	<http://dbpedia.org/resource/OTO_Melara>
<http://dbpedia.org/resource/Lombardy>	<http://dbpedia.org/ontology/wikiPageWikiLink>	<http://dbpedia.org/resource/Risotto>
<http://dbpedia.org/resource/Lombardy>	<http://dbpedia.org/ontology/wikiPageWikiLink>	<http://dbpedia.org/resource/Vigevano>
<http://dbpedia.org/resource/Lombardy>	<http://dbpedia.org/ontology/wikiPageWikiLink>	<http://dbpedia.org/resource/The_Betrothed_(Manzoni_novel)>
<http://dbpedia.org/resource/Lombardy>	<http://dbpedia.org/ontology/wikiPageWikiLink>	<http://dbpedia.org/resource/Chamois>
<http://dbpedia.org/resource/Lombardy>	<http://dbpedia.org/ontology/wikiPageWikiLink>	<http://dbpedia.org/resource/Elm>
<http://dbpedia.org/resource/Lombardy>	<http://dbpedia.org/ontology/wikiPageWikiLink>	<http://dbpedia.org/resource/Hohenstaufen>
<http://dbpedia.org/resource/Lombardy>	<http://dbpedia.org/ontology/wikiPageWikiLink>	<http://dbpedia.org/resource/House_of_Sforza>
<http://dbpedia.org/resource/Lombardy>	<http://dbpedia.org/ontology/wikiPageWikiLink>	<http://dbpedia.org/resource/Lombards>
<http://dbpedia.org/resource/Lombardy>	<http://dbpedia.org/ontology/wikiPageWikiLink>	<http://dbpedia.org/resource/Luxottica>
<http://dbpedia.org/resource/Lombardy>	<http://dbpedia.org/ontology/wikiPageWikiLink>	<http://dbpedia.org/resource/Mascarpone>
<http://dbpedia.org/resource/Lombardy>	<http://dbpedia.org/ontology/wikiPageWikiLink>	<http://dbpedia.org/resource/Polenta>
<http://dbpedia.org/resource/Lombardy>	<http://dbpedia.org/ontology/wikiPageWikiLink>	<http://dbpedia.org/resource/Praetorian_prefecture_of_Italy>
<http://dbpedia.org/resource/Lombardy>	<http://dbpedia.org/ontology/wikiPageWikiLink>	<http://dbpedia.org/resource/The_Last_Supper_(Leonardo)>
<http://dbpedia.org/resource/Lombardy>	<http://dbpedia.org/ontology/wikiPageWikiLink>	<http://dbpedia.org/resource/Aermacchi>
<http://dbpedia.org/resource/Lombardy>	<http://dbpedia.org/ontology/wikiPageWikiLink>	<http://dbpedia.org/resource/Bonarda_Piemontese>
<http://dbpedia.org/resource/Lombardy>	<http://dbpedia.org/ontology/wikiPageWikiLink>	<http://dbpedia.org/resource/Certosa_di_Pavia>
<http://dbpedia.org/resource/Lombardy>	<http://dbpedia.org/ontology/wikiPageWikiLink>	<http://dbpedia.org/resource/Denominazione_di_origine_controllata>
<http://dbpedia.org/resource/Lombardy>	<http://dbpedia.org/ontology/wikiPageWikiLink>	<http://dbpedia.org/resource/Provolone>
<http://dbpedia.org/resource/Lombardy>	<http://dbpedia.org/ontology/wikiPageWikiLink>	<http://dbpedia.org/resource/Royal_Villa_of_Monza>
<http://dbpedia.org/resource/Lombardy>	<http://dbpedia.org/ontology/wikiPageWikiLink>	<http://dbpedia.org/resource/SDF_Group>
<http://dbpedia.org/resource/Lombardy>	<http://dbpedia.org/ontology/wikiPageWikiLink>	<http://dbpedia.org/resource/Presolana>
<http://dbpedia.org/resource/Lombardy>	<http://dbpedia.org/ontology/wikiPageWikiLink>	<http://dbpedia.org/resource/Taleggio_cheese>
<http://dbpedia.org/resource/Lombardy>	<http://dbpedia.org/ontology/wikiPageWikiLink>	<http://dbpedia.org/resource/Valtellina_Casera>
<http://dbpedia.org/resource/Lombardy>	<http://dbpedia.org/ontology/wikiPageWikiLink>	<http://dbpedia.org/resource/Pavia_Civic_Museums>
<http://dbpedia.org/resource/Lombardy>	<http://dbpedia.org/ontology/wikiPageWikiLink>	<http://dbpedia.org/resource/Ambrose>
<http://dbpedia.org/resource/Lombardy>	<http://dbpedia.org/ontology/wikiPageWikiLink>	<http://dbpedia.org/resource/Aurora_Pro_Patria_1919>
<http://dbpedia.org/resource/Lombardy>	<http://dbpedia.org/ontology/wikiPageWikiLink>	<http://dbpedia.org/resource/Byzantine_Empire>
<http://dbpedia.org/resource/Lombardy>	<http://dbpedia.org/ontology/wikiPageWikiLink>	<http://dbpedia.org/resource/Calcio_Lecco_1912>
<http://dbpedia.org/resource/Lombardy>	<http://dbpedia.org/ontology/wikiPageWikiLink>	<http://dbpedia.org/resource/Ceresara>
<http://dbpedia.org/resource/Lombardy>	<http://dbpedia.org/ontology/wikiPageWikiLink>	<http://dbpedia.org/resource/Como_1907>
<http://dbpedia.org/resource/Lombardy>	<http://dbpedia.org/ontology/wikiPageWikiLink>	<http://dbpedia.org/resource/Gardone_Val_Trompia>
<http://dbpedia.org/resource/Lombardy>	<http://dbpedia.org/ontology/wikiPageWikiLink>	<http://dbpedia.org/resource/Gaul>
<http://dbpedia.org/resource/Lombardy>	<http://dbpedia.org/ontology/wikiPageWikiLink>	<http://dbpedia.org/resource/Grisons>
<http://dbpedia.org/resource/Lombardy>	<http://dbpedia.org/ontology/wikiPageWikiLink>	<http://dbpedia.org/resource/Italian_Communist_Party>
<http://dbpedia.org/resource/Lombardy>	<http://dbpedia.org/ontology/wikiPageWikiLink>	<http://dbpedia.org/resource/Luthier>
<http://dbpedia.org/resource/Lombardy>	<http://dbpedia.org/ontology/wikiPageWikiLink>	<http://dbpedia.org/resource/Nerviano>
<http://dbpedia.org/resource/Lombardy>	<http://dbpedia.org/ontology/wikiPageWikiLink>	<http://dbpedia.org/resource/Nuevo_Le\u00F3n>
<http://dbpedia.org/resource/Lombardy>	<http://dbpedia.org/ontology/wikiPageWikiLink>	<http://dbpedia.org/resource/Val_Camonica>
<http://dbpedia.org/resource/Lombardy>	<http://dbpedia.org/ontology/wikiPageWikiLink>	<http://dbpedia.org/resource/Adda_(river)>
<http://dbpedia.org/resource/Lombardy>	<http://dbpedia.org/ontology/wikiPageWikiLink>	<http://dbpedia.org/resource/Bronze_Age>
<http://dbpedia.org/resource/Lombardy>	<http://dbpedia.org/ontology/wikiPageWikiLink>	<http://dbpedia.org/resource/Crustacean>
<http://dbpedia.org/resource/Lombardy>	<http://dbpedia.org/ontology/wikiPageWikiLink>	<http://dbpedia.org/resource/Etruscan_civilization>
<http://dbpedia.org/resource/Lombardy>	<http://dbpedia.org/ontology/wikiPageWikiLink>	<http://dbpedia.org/resource/European_Space_Agency>
<http://dbpedia.org/resource/Lombardy>	<http://dbpedia.org/ontology/wikiPageWikiLink>	<http://dbpedia.org/resource/Gross_domestic_product>
<http://dbpedia.org/resource/Lombardy>	<http://dbpedia.org/ontology/wikiPageWikiLink>	<http://dbpedia.org/resource/Iron_Age>
<http://dbpedia.org/resource/Lombardy>	<http://dbpedia.org/ontology/wikiPageWikiLink>	<http://dbpedia.org/resource/Lake_Como>
<http://dbpedia.org/resource/Lombardy>	<http://dbpedia.org/ontology/wikiPageWikiLink>	<http://dbpedia.org/resource/Lake_Iseo>
<http://dbpedia.org/resource/Lombardy>	<http://dbpedia.org/ontology/wikiPageWikiLink>	<http://dbpedia.org/resource/Lake_Lugano>
<http://dbpedia.org/resource/Lombardy>	<http://dbpedia.org/ontology/wikiPageWikiLink>	<http://dbpedia.org/resource/Lake_Maggiore>
<http://dbpedia.org/resource/Lombardy>	<http://dbpedia.org/ontology/wikiPageWikiLink>	<http://dbpedia.org/resource/Meda,_Lombardy>
<http://dbpedia.org/resource/Lombardy>	<http://dbpedia.org/ontology/wikiPageWikiLink>	<http://dbpedia.org/resource/Monte_San_Giorgio>
<http://dbpedia.org/resource/Lombardy>	<http://dbpedia.org/ontology/wikiPageWikiLink>	<http://dbpedia.org/resource/Oglio>
<http://dbpedia.org/resource/Lombardy>	<http://dbpedia.org/ontology/wikiPageWikiLink>	<http://dbpedia.org/resource/Ortler_Alps>
<http://dbpedia.org/resource/Lombardy>	<http://dbpedia.org/ontology/wikiPageWikiLink>	<http://dbpedia.org/resource/Pandemic>
<http://dbpedia.org/resource/Lombardy>	<http://dbpedia.org/ontology/wikiPageWikiLink>	<http://dbpedia.org/resource/Piaggio>
<http://dbpedia.org/resource/Lombardy>	<http://dbpedia.org/ontology/wikiPageWikiLink>	<http://dbpedia.org/resource/Piz_Bernina>
<http://dbpedia.org/resource/Lombardy>	<http://dbpedia.org/ontology/wikiPageWikiLink>	<http://dbpedia.org/resource/Pizzoccheri>
<http://dbpedia.org/resource/Lombardy>	<http://dbpedia.org/ontology/wikiPageWikiLink>	<http://dbpedia.org/resource/Pope_Paul_VI>
<http://dbpedia.org/resource/Lombardy>	<http://dbpedia.org/ontology/wikiPageWikiLink>	<http://dbpedia.org/resource/Prehistory>
<http://dbpedia.org/resource/Lombardy>	<http://dbpedia.org/ontology/wikiPageWikiLink>	<http://dbpedia.org/resource/Province_of_Lodi>
<http://dbpedia.org/resource/Lombardy>	<http://dbpedia.org/ontology/wikiPageWikiLink>	<http://dbpedia.org/resource/Ravioli>
<http://dbpedia.org/resource/Lombardy>	<http://dbpedia.org/ontology/wikiPageWikiLink>	<http://dbpedia.org/resource/Roman_people>
<http://dbpedia.org/resource/Lombardy>	<http://dbpedia.org/ontology/wikiPageWikiLink>	<http://dbpedia.org/resource/Serie_A>
<http://dbpedia.org/resource/Lombardy>	<http://dbpedia.org/ontology/wikiPageWikiLink>	<http://dbpedia.org/resource/Valtellina>
<http://dbpedia.org/resource/Lombardy>	<http://dbpedia.org/ontology/wikiPageWikiLink>	<http://dbpedia.org/resource/Alder>
<http://dbpedia.org/resource/Lombardy>	<http://dbpedia.org/ontology/wikiPageWikiLink>	<http://dbpedia.org/resource/Autobianchi>
<http://dbpedia.org/resource/Lombardy>	<http://dbpedia.org/ontology/wikiPageWikiLink>	<http://dbpedia.org/resource/Dialect>
<http://dbpedia.org/resource/Lombardy>	<http://dbpedia.org/ontology/wikiPageWikiLink>	<http://dbpedia.org/resource/Duchy_of_Mantua>
<http://dbpedia.org/resource/Lombardy>	<http://dbpedia.org/ontology/wikiPageWikiLink>	<http://dbpedia.org/resource/Eastern_Christianity>
<http://dbpedia.org/resource/Lombardy>	<http://dbpedia.org/ontology/wikiPageWikiLink>	<http://dbpedia.org/resource/Giro_d\u0027Italia>
<http://dbpedia.org/resource/Lombardy>	<http://dbpedia.org/ontology/wikiPageWikiLink>	<http://dbpedia.org/resource/Iveco>
<http://dbpedia.org/resource/Lombardy>	<http://dbpedia.org/ontology/wikiPageWikiLink>	<http://dbpedia.org/resource/Juniper>
<http://dbpedia.org/resource/Lombardy>	<http://dbpedia.org/ontology/wikiPageWikiLink>	<http://dbpedia.org/resource/Larch>
<http://dbpedia.org/resource/Lombardy>	<http://dbpedia.org/ontology/wikiPageWikiLink>	<http://dbpedia.org/resource/Light_truck>
<http://dbpedia.org/resource/Lombardy>	<http://dbpedia.org/ontology/wikiPageWikiLink>	<http://dbpedia.org/resource/Populus>
<http://dbpedia.org/resource/Lombardy>	<http://dbpedia.org/ontology/wikiPageWikiLink>	<http://dbpedia.org/resource/Saffron>
<http://dbpedia.org/resource/Lombardy>	<http://dbpedia.org/ontology/wikiPageWikiLink>	<http://dbpedia.org/resource/Stoat>
<http://dbpedia.org/resource/Lombardy>	<http://dbpedia.org/ontology/wikiPageWikiLink>	<http://dbpedia.org/resource/Trainer_aircraft>
<http://dbpedia.org/resource/Lombardy>	<http://dbpedia.org/ontology/wikiPageWikiLink>	<http://dbpedia.org/resource/Diglossia>
<http://dbpedia.org/resource/Lombardy>	<http://dbpedia.org/ontology/wikiPageWikiLink>	<http://dbpedia.org/resource/Pallacanestro_Brescia>
<http://dbpedia.org/resource/Lombardy>	<http://dbpedia.org/ontology/wikiPageWikiLink>	<http://dbpedia.org/resource/Treviglio>
<http://dbpedia.org/resource/Lombardy>	<http://dbpedia.org/ontology/wikiPageWikiLink>	<http://dbpedia.org/resource/Acquafredda>
<http://dbpedia.org/resource/Lombardy>	<http://dbpedia.org/ontology/wikiPageWikiLink>	<http://dbpedia.org/resource/Calvisano>
<http://dbpedia.org/resource/Lombardy>	<http://dbpedia.org/ontology/wikiPageWikiLink>	<http://dbpedia.org/resource/Desiderius>
<http://dbpedia.org/resource/Lombardy>	<http://dbpedia.org/ontology/wikiPageWikiLink>	<http://dbpedia.org/resource/Early_Middle_Ages>
<http://dbpedia.org/resource/Lombardy>	<http://dbpedia.org/ontology/wikiPageWikiLink>	<http://dbpedia.org/resource/Humulus_lupulus>
<http://dbpedia.org/resource/Lombardy>	<http://dbpedia.org/ontology/wikiPageWikiLink>	<http://dbpedia.org/resource/Remedello>
<http://dbpedia.org/resource/Lombardy>	<http://dbpedia.org/ontology/wikiPageWikiLink>	<http://dbpedia.org/resource/Roe_deer>
<http://dbpedia.org/resource/Lombardy>	<http://dbpedia.org/ontology/wikiPageWikiLink>	<http://dbpedia.org/resource/Siege_of_Pavia_(773\u2013774)>
<http://dbpedia.org/resource/Lombardy>	<http://dbpedia.org/ontology/wikiPageWikiLink>	<http://dbpedia.org/resource/Visano>
<http://dbpedia.org/resource/Lombardy>	<http://dbpedia.org/ontology/wikiPageWikiLink>	<http://dbpedia.org/resource/Campanula_isophylla>
<http://dbpedia.org/resource/Lombardy>	<http://dbpedia.org/ontology/wikiPageWikiLink>	<http://dbpedia.org/resource/Hornbeam>
<http://dbpedia.org/resource/Lombardy>	<http://dbpedia.org/ontology/wikiPageWikiLink>	<http://dbpedia.org/resource/Kingdom_of_the_Lombards>
<http://dbpedia.org/resource/Lombardy>	<http://dbpedia.org/ontology/wikiPageWikiLink>	<http://dbpedia.org/resource/Turr\u00F3n>
<http://dbpedia.org/resource/Lombardy>	<http://dbpedia.org/ontology/wikiPageWikiLink>	<http://dbpedia.org/resource/Four_Motors_for_Europe>
<http://dbpedia.org/resource/Lombardy>	<http://dbpedia.org/ontology/wikiPageWikiLink>	<http://dbpedia.org/resource/Canzo>
<http://dbpedia.org/resource/Lombardy>	<http://dbpedia.org/ontology/wikiPageWikiLink>	<http://dbpedia.org/resource/Bitto>
<http://dbpedia.org/resource/Lombardy>	<http://dbpedia.org/ontology/wikiPageWikiLink>	<http://dbpedia.org/resource/Humid_subtropical_climate>
<http://dbpedia.org/resource/Lombardy>	<http://dbpedia.org/ontology/wikiPageWikiLink>	<http://dbpedia.org/resource/2020\u201321_LBA_season>
<http://dbpedia.org/resource/Lombardy>	<http://dbpedia.org/ontology/wikiPageWikiLink>	<http://dbpedia.org/resource/Lombard_Street,_London>
<http://dbpedia.org/resource/Lombardy>	<http://dbpedia.org/ontology/wikiPageWikiLink>	<http://dbpedia.org/resource/Allium_insubricum>
<http://dbpedia.org/resource/Lombardy>	<http://dbpedia.org/ontology/wikiPageWikiLink>	<http://dbpedia.org/resource/Tanfoglio>
<http://dbpedia.org/resource/Lombardy>	<http://dbpedia.org/ontology/wikiPageWikiLink>	<http://dbpedia.org/resource/SAES_Getters>
<http://dbpedia.org/resource/Lombardy>	<http://dbpedia.org/ontology/wikiPageWikiLink>	<http://dbpedia.org/resource/Amaretti_di_Saronno>
<http://dbpedia.org/resource/Lombardy>	<http://dbpedia.org/ontology/wikiPageWikiLink>	<http://dbpedia.org/resource/Santa_Maria_del_Carmine,_Pavia>
<http://dbpedia.org/resource/Lombardy>	<http://dbpedia.org/ontology/wikiPageWikiLink>	<http://dbpedia.org/resource/Cinque_Vette_Park>
<http://dbpedia.org/resource/Lombardy>	<http://dbpedia.org/ontology/wikiPageWikiLink>	<http://dbpedia.org/resource/Category:Regions_of_Italy>
<http://dbpedia.org/resource/Lombardy>	<http://dbpedia.org/ontology/wikiPageWikiLink>	<http://dbpedia.org/resource/Groundsel>
<http://dbpedia.org/resource/Lombardy>	<http://dbpedia.org/ontology/wikiPageWikiLink>	<http://dbpedia.org/resource/Alfa_Romeo>
<http://dbpedia.org/resource/Lombardy>	<http://dbpedia.org/ontology/wikiPageWikiLink>	<http://dbpedia.org/resource/Caravaggio>
<http://dbpedia.org/resource/Lombardy>	<http://dbpedia.org/ontology/wikiPageWikiLink>	<http://dbpedia.org/resource/Champagne>
<http://dbpedia.org/resource/Lombardy>	<http://dbpedia.org/ontology/wikiPageWikiLink>	<http://dbpedia.org/resource/Frederick_Barbarossa>
<http://dbpedia.org/resource/Lombardy>	<http://dbpedia.org/ontology/wikiPageWikiLink>	<http://dbpedia.org/resource/Frederick_II,_Holy_Roman_Emperor>
<http://dbpedia.org/resource/Lombardy>	<http://dbpedia.org/ontology/wikiPageWikiLink>	<http://dbpedia.org/resource/Kingdom_of_Italy_(Holy_Roman_Empire)>
<http://dbpedia.org/resource/Lombardy>	<http://dbpedia.org/ontology/wikiPageWikiLink>	<http://dbpedia.org/resource/Lamborghini>
<http://dbpedia.org/resource/Lombardy>	<http://dbpedia.org/ontology/wikiPageWikiLink>	<http://dbpedia.org/resource/Olimpia_Milano>
<http://dbpedia.org/resource/Lombardy>	<http://dbpedia.org/ontology/wikiPageWikiLink>	<http://dbpedia.org/resource/Pallacanestro_Cant\u00F9>
<http://dbpedia.org/resource/Lombardy>	<http://dbpedia.org/ontology/wikiPageWikiLink>	<http://dbpedia.org/resource/Pallacanestro_Varese>
<http://dbpedia.org/resource/Lombardy>	<http://dbpedia.org/ontology/wikiPageWikiLink>	<http://dbpedia.org/resource/Varzi>
<http://dbpedia.org/resource/Lombardy>	<http://dbpedia.org/ontology/wikiPageWikiLink>	<http://dbpedia.org/resource/Zegna>
<http://dbpedia.org/resource/Lombardy>	<http://dbpedia.org/ontology/wikiPageWikiLink>	<http://dbpedia.org/resource/Basilica_of_Sant\u0027Eustorgio>
<http://dbpedia.org/resource/Lombardy>	<http://dbpedia.org/ontology/wikiPageWikiLink>	<http://dbpedia.org/resource/Giuliano_Pisapia>
<http://dbpedia.org/resource/Lombardy>	<http://dbpedia.org/ontology/wikiPageWikiLink>	<http://dbpedia.org/resource/Late_Latin>
<http://dbpedia.org/resource/Lombardy>	<http://dbpedia.org/ontology/wikiPageWikiLink>	<http://dbpedia.org/resource/Lingerie>
<http://dbpedia.org/resource/Lombardy>	<http://dbpedia.org/ontology/wikiPageWikiLink>	<http://dbpedia.org/resource/Proto-Germanic_language>
<http://dbpedia.org/resource/Lombardy>	<http://dbpedia.org/ontology/wikiPageWikiLink>	<http://dbpedia.org/resource/STMicroelectronics>
<http://dbpedia.org/resource/Lombardy>	<http://dbpedia.org/ontology/wikiPageWikiLink>	<http://dbpedia.org/resource/Gauls>
<http://dbpedia.org/resource/Lombardy>	<http://dbpedia.org/ontology/wikiPageWikiLink>	<http://dbpedia.org/resource/Brembo>
<http://dbpedia.org/resource/Lombardy>	<http://dbpedia.org/ontology/wikiPageWikiLink>	<http://dbpedia.org/resource/Bresaola>
<http://dbpedia.org/resource/Lombardy>	<http://dbpedia.org/ontology/wikiPageWikiLink>	<http://dbpedia.org/resource/Longobardia>
<http://dbpedia.org/resource/Lombardy>	<http://dbpedia.org/ontology/wikiPageWikiLink>	<http://dbpedia.org/resource/Orography>
<http://dbpedia.org/resource/Lombardy>	<http://dbpedia.org/ontology/wikiPageWikiLink>	<http://dbpedia.org/resource/Signoria>
<http://dbpedia.org/resource/Lombardy>	<http://dbpedia.org/ontology/wikiPageWikiLink>	<http://dbpedia.org/resource/Cypress>
<http://dbpedia.org/resource/Lombardy>	<http://dbpedia.org/ontology/wikiPageWikiLink>	<http://dbpedia.org/resource/COVID-19_pandemic_in_Italy>
<http://dbpedia.org/resource/Lombardy>	<http://dbpedia.org/ontology/wikiPageWikiLink>	<http://dbpedia.org/resource/Teatro_Fraschini>
<http://dbpedia.org/resource/Lombardy>	<http://dbpedia.org/ontology/wikiPageWikiLink>	<http://dbpedia.org/resource/Tempio_Civico_della_Beata_Vergine_Incoronata>
<http://dbpedia.org/resource/Lombardy>	<http://dbpedia.org/ontology/wikiPageWikiLink>	<http://dbpedia.org/resource/Tortelli>
<http://dbpedia.org/resource/Lombardy>	<http://dbpedia.org/ontology/wikiPageWikiLink>	<http://dbpedia.org/resource/Zuppa_pavese>
<http://dbpedia.org/resource/Lombardy>	<http://dbpedia.org/ontology/wikiPageWikiLink>	<http://dbpedia.org/resource/Abbiategrasso>
<http://dbpedia.org/resource/Lombardy>	<http://dbpedia.org/ontology/wikiPageWikiLink>	<http://dbpedia.org/resource/Agrate_Brianza>
<http://dbpedia.org/resource/Lombardy>	<http://dbpedia.org/ontology/wikiPageWikiLink>	<http://dbpedia.org/resource/Asola,_Lombardy>
<http://dbpedia.org/resource/Lombardy>	<http://dbpedia.org/ontology/wikiPageWikiLink>	<http://dbpedia.org/resource/Canneto_sull\u0027Oglio>
<http://dbpedia.org/resource/Lombardy>	<http://dbpedia.org/ontology/wikiPageWikiLink>	<http://dbpedia.org/resource/Cant\u00F9>
<http://dbpedia.org/resource/Lombardy>	<http://dbpedia.org/ontology/wikiPageWikiLink>	<http://dbpedia.org/resource/Casalmoro>
<http://dbpedia.org/resource/Lombardy>	<http://dbpedia.org/ontology/wikiPageWikiLink>	<http://dbpedia.org/resource/Casaloldo>
<http://dbpedia.org/resource/Lombardy>	<http://dbpedia.org/ontology/wikiPageWikiLink>	<http://dbpedia.org/resource/Casalromano>
<http://dbpedia.org/resource/Lombardy>	<http://dbpedia.org/ontology/wikiPageWikiLink>	<http://dbpedia.org/resource/Castel_Goffredo>
<http://dbpedia.org/resource/Lombardy>	<http://dbpedia.org/ontology/wikiPageWikiLink>	<http://dbpedia.org/resource/Castiglione_delle_Stiviere>
<http://dbpedia.org/resource/Lombardy>	<http://dbpedia.org/ontology/wikiPageWikiLink>	<http://dbpedia.org/resource/Celts>
<http://dbpedia.org/resource/Lombardy>	<http://dbpedia.org/ontology/wikiPageWikiLink>	<http://dbpedia.org/resource/Corbetta,_Lombardy>
<http://dbpedia.org/resource/Lombardy>	<http://dbpedia.org/ontology/wikiPageWikiLink>	<http://dbpedia.org/resource/Cornaredo>
<http://dbpedia.org/resource/Lombardy>	<http://dbpedia.org/ontology/wikiPageWikiLink>	<http://dbpedia.org/resource/Cortina_d\u0027Ampezzo>
<http://dbpedia.org/resource/Lombardy>	<http://dbpedia.org/ontology/wikiPageWikiLink>	<http://dbpedia.org/resource/Duchy_of_Bavaria>
<http://dbpedia.org/resource/Lombardy>	<http://dbpedia.org/ontology/wikiPageWikiLink>	<http://dbpedia.org/resource/Franks>
<http://dbpedia.org/resource/Lombardy>	<http://dbpedia.org/ontology/wikiPageWikiLink>	<http://dbpedia.org/resource/Giussano>
<http://dbpedia.org/resource/Lombardy>	<http://dbpedia.org/ontology/wikiPageWikiLink>	<http://dbpedia.org/resource/Golasecca>
<http://dbpedia.org/resource/Lombardy>	<http://dbpedia.org/ontology/wikiPageWikiLink>	<http://dbpedia.org/resource/Golden_eagle>
<http://dbpedia.org/resource/Lombardy>	<http://dbpedia.org/ontology/wikiPageWikiLink>	<http://dbpedia.org/resource/Guerino_Vanoli_Basket>
<http://dbpedia.org/resource/Lombardy>	<http://dbpedia.org/ontology/wikiPageWikiLink>	<http://dbpedia.org/resource/Human_Development_Index>
<http://dbpedia.org/resource/Lombardy>	<http://dbpedia.org/ontology/wikiPageWikiLink>	<http://dbpedia.org/resource/Innocenti>
<http://dbpedia.org/resource/Lombardy>	<http://dbpedia.org/ontology/wikiPageWikiLink>	<http://dbpedia.org/resource/Isola_Dovarese>
<http://dbpedia.org/resource/Lombardy>	<http://dbpedia.org/ontology/wikiPageWikiLink>	<http://dbpedia.org/resource/Italy_in_the_Middle_Ages>
<http://dbpedia.org/resource/Lombardy>	<http://dbpedia.org/ontology/wikiPageWikiLink>	<http://dbpedia.org/resource/Lainate>
<http://dbpedia.org/resource/Lombardy>	<http://dbpedia.org/ontology/wikiPageWikiLink>	<http://dbpedia.org/resource/Lissone>
<http://dbpedia.org/resource/Lombardy>	<http://dbpedia.org/ontology/wikiPageWikiLink>	<http://dbpedia.org/resource/Lombardic_language>
<http://dbpedia.org/resource/Lombardy>	<http://dbpedia.org/ontology/wikiPageWikiLink>	<http://dbpedia.org/resource/Mariana_Mantovana>
<http://dbpedia.org/resource/Lombardy>	<http://dbpedia.org/ontology/wikiPageWikiLink>	<http://dbpedia.org/resource/Mariano_Comense>
<http://dbpedia.org/resource/Lombardy>	<http://dbpedia.org/ontology/wikiPageWikiLink>	<http://dbpedia.org/resource/Mediolanum>
<http://dbpedia.org/resource/Lombardy>	<http://dbpedia.org/ontology/wikiPageWikiLink>	<http://dbpedia.org/resource/Medole>
<http://dbpedia.org/resource/Lombardy>	<http://dbpedia.org/ontology/wikiPageWikiLink>	<http://dbpedia.org/resource/Mesolithic>
<http://dbpedia.org/resource/Lombardy>	<http://dbpedia.org/ontology/wikiPageWikiLink>	<http://dbpedia.org/resource/Mortara,_Lombardy>
<http://dbpedia.org/resource/Lombardy>	<http://dbpedia.org/ontology/wikiPageWikiLink>	<http://dbpedia.org/resource/Olive>
<http://dbpedia.org/resource/Lombardy>	<http://dbpedia.org/ontology/wikiPageWikiLink>	<http://dbpedia.org/resource/Olona>
<http://dbpedia.org/resource/Lombardy>	<http://dbpedia.org/ontology/wikiPageWikiLink>	<http://dbpedia.org/resource/Ostrogothic_Kingdom>
<http://dbpedia.org/resource/Lombardy>	<http://dbpedia.org/ontology/wikiPageWikiLink>	<http://dbpedia.org/resource/Ozone>
<http://dbpedia.org/resource/Lombardy>	<http://dbpedia.org/ontology/wikiPageWikiLink>	<http://dbpedia.org/resource/Piubega>
<http://dbpedia.org/resource/Lombardy>	<http://dbpedia.org/ontology/wikiPageWikiLink>	<http://dbpedia.org/resource/Sabbioneta>
<http://dbpedia.org/resource/Lombardy>	<http://dbpedia.org/ontology/wikiPageWikiLink>	<http://dbpedia.org/resource/Samarate>
<http://dbpedia.org/resource/Lombardy>	<http://dbpedia.org/ontology/wikiPageWikiLink>	<http://dbpedia.org/resource/Seregno>
<http://dbpedia.org/resource/Lombardy>	<http://dbpedia.org/ontology/wikiPageWikiLink>	<http://dbpedia.org/resource/Sesto_Calende>
<http://dbpedia.org/resource/Lombardy>	<http://dbpedia.org/ontology/wikiPageWikiLink>	<http://dbpedia.org/resource/Seveso>
<http://dbpedia.org/resource/Lombardy>	<http://dbpedia.org/ontology/wikiPageWikiLink>	<http://dbpedia.org/resource/Solferino>
<http://dbpedia.org/resource/Lombardy>	<http://dbpedia.org/ontology/wikiPageWikiLink>	<http://dbpedia.org/resource/Suzzara>
<http://dbpedia.org/resource/Lombardy>	<http://dbpedia.org/ontology/wikiPageWikiLink>	<http://dbpedia.org/resource/Tirano>
<http://dbpedia.org/resource/Lombardy>	<http://dbpedia.org/ontology/wikiPageWikiLink>	<http://dbpedia.org/resource/Triassic>
<http://dbpedia.org/resource/Lombardy>	<http://dbpedia.org/ontology/wikiPageWikiLink>	<http://dbpedia.org/resource/Venegono_Superiore>
<http://dbpedia.org/resource/Lombardy>	<http://dbpedia.org/ontology/wikiPageWikiLink>	<http://dbpedia.org/resource/Vergiate>
<http://dbpedia.org/resource/Lombardy>	<http://dbpedia.org/ontology/wikiPageWikiLink>	<http://dbpedia.org/resource/Willow>
<http://dbpedia.org/resource/Lombardy>	<http://dbpedia.org/ontology/wikiPageWikiLink>	<http://dbpedia.org/resource/Brianza>
<http://dbpedia.org/resource/Lombardy>	<http://dbpedia.org/ontology/wikiPageWikiLink>	<http://dbpedia.org/resource/Duchy_of_Amalfi>
<http://dbpedia.org/resource/Lombardy>	<http://dbpedia.org/ontology/wikiPageWikiLink>	<http://dbpedia.org/resource/House_of_Gonzaga>
<http://dbpedia.org/resource/Lombardy>	<http://dbpedia.org/ontology/wikiPageWikiLink>	<http://dbpedia.org/resource/Magnolia>
<http://dbpedia.org/resource/Lombardy>	<http://dbpedia.org/ontology/wikiPageWikiLink>	<http://dbpedia.org/resource/Antonio_Stradivari>
<http://dbpedia.org/resource/Lombardy>	<http://dbpedia.org/ontology/wikiPageWikiLink>	<http://dbpedia.org/resource/Beretta_ARX160>
<http://dbpedia.org/resource/Lombardy>	<http://dbpedia.org/ontology/wikiPageWikiLink>	<http://dbpedia.org/resource/Caviar>
<http://dbpedia.org/resource/Lombardy>	<http://dbpedia.org/ontology/wikiPageWikiLink>	<http://dbpedia.org/resource/Duchy_of_Gaeta>
<http://dbpedia.org/resource/Lombardy>	<http://dbpedia.org/ontology/wikiPageWikiLink>	<http://dbpedia.org/resource/Edict_of_Milan>
<http://dbpedia.org/resource/Lombardy>	<http://dbpedia.org/ontology/wikiPageWikiLink>	<http://dbpedia.org/resource/Moto_Guzzi>
<http://dbpedia.org/resource/Lombardy>	<http://dbpedia.org/ontology/wikiPageWikiLink>	<http://dbpedia.org/resource/Oceanic_climate>
<http://dbpedia.org/resource/Lombardy>	<http://dbpedia.org/ontology/wikiPageWikiLink>	<http://dbpedia.org/resource/Duchy_of_Benevento>
<http://dbpedia.org/resource/Lombardy>	<http://dbpedia.org/ontology/wikiPageWikiLink>	<http://dbpedia.org/resource/Late_antiquity>
<http://dbpedia.org/resource/Lombardy>	<http://dbpedia.org/ontology/wikiPageWikiLink>	<http://dbpedia.org/resource/Iveco_Daily>
<http://dbpedia.org/resource/Lombardy>	<http://dbpedia.org/ontology/wikiPageWikiLink>	<http://dbpedia.org/resource/Piccolo_Teatro_(Milan)>
<http://dbpedia.org/resource/Lombardy>	<http://dbpedia.org/ontology/wikiPageWikiLink>	<http://dbpedia.org/resource/Whirlpool_Corporation>
<http://dbpedia.org/resource/Lombardy>	<http://dbpedia.org/ontology/wikiPageWikiLink>	<http://dbpedia.org/resource/Basilica_of_Sant\u0027Abbondio>
<http://dbpedia.org/resource/Lombardy>	<http://dbpedia.org/ontology/wikiPageWikiLink>	<http://dbpedia.org/resource/Getter>
<http://dbpedia.org/resource/Lombardy>	<http://dbpedia.org/ontology/wikiPageWikiLink>	<http://dbpedia.org/resource/Grana_Padano>
<http://dbpedia.org/resource/Lombardy>	<http://dbpedia.org/ontology/wikiPageWikiLink>	<http://dbpedia.org/resource/Rock_Drawings_in_Valcamonica>
<http://dbpedia.org/resource/Lombardy>	<http://dbpedia.org/ontology/wikiPageWikiLink>	<http://dbpedia.org/resource/Cappella_Colleoni>
<http://dbpedia.org/resource/Lombardy>	<http://dbpedia.org/ontology/wikiPageWikiLink>	<http://dbpedia.org/resource/Sparkling_wine_production>
<http://dbpedia.org/resource/Lombardy>	<http://dbpedia.org/ontology/wikiPageWikiLink>	<http://dbpedia.org/resource/SAME_(tractors)>
<http://dbpedia.org/resource/Lombardy>	<http://dbpedia.org/ontology/wikiPageWikiLink>	<http://dbpedia.org/resource/Cotoletta>
<http://dbpedia.org/resource/Lombardy>	<http://dbpedia.org/ontology/wikiPageWikiLink>	<http://dbpedia.org/resource/Gerolamo_Cardano>
<http://dbpedia.org/resource/Lombardy>	<http://dbpedia.org/ontology/wikiPageWikiLink>	<http://dbpedia.org/resource/Prada>
<http://dbpedia.org/resource/Lombardy>	<http://dbpedia.org/ontology/wikiPageWikiLink>	<http://dbpedia.org/resource/Representative_democracy>
<http://dbpedia.org/resource/Lombardy>	<http://dbpedia.org/ontology/wikiPageWikiLink>	<http://dbpedia.org/resource/Crespi_d\u0027Adda>
<http://dbpedia.org/resource/Lombardy>	<http://dbpedia.org/ontology/wikiPageWikiLink>	<http://dbpedia.org/resource/Gaetano_Donizetti>
<http://dbpedia.org/resource/Lombardy>	<http://dbpedia.org/ontology/wikiPageWikiLink>	<http://dbpedia.org/resource/Gandino>
<http://dbpedia.org/resource/Lombardy>	<http://dbpedia.org/ontology/wikiPageWikiLink>	<http://dbpedia.org/resource/Grumello_del_Monte>
<http://dbpedia.org/resource/Lombardy>	<http://dbpedia.org/ontology/wikiPageWikiLink>	<http://dbpedia.org/resource/Beretta_92>
<http://dbpedia.org/resource/Lombardy>	<http://dbpedia.org/ontology/wikiPageWikiLink>	<http://dbpedia.org/resource/Dolce_&_Gabbana>
<http://dbpedia.org/resource/Lombardy>	<http://dbpedia.org/ontology/wikiPageWikiLink>	<http://dbpedia.org/resource/Gorgonzola>
<http://dbpedia.org/resource/Lombardy>	<http://dbpedia.org/ontology/wikiPageWikiLink>	<http://dbpedia.org/resource/Moraine>
<http://dbpedia.org/resource/Lombardy>	<http://dbpedia.org/ontology/wikiPageWikiLink>	<http://dbpedia.org/resource/Nitrogen_dioxide>
<http://dbpedia.org/resource/Lombardy>	<http://dbpedia.org/ontology/wikiPageWikiLink>	<http://dbpedia.org/resource/Pirelli>
<http://dbpedia.org/resource/Lombardy>	<http://dbpedia.org/ontology/wikiPageWikiLink>	<http://dbpedia.org/resource/Puppet_state>
<http://dbpedia.org/resource/Lombardy>	<http://dbpedia.org/ontology/wikiPageWikiLink>	<http://dbpedia.org/resource/Visconti_of_Milan>
<http://dbpedia.org/resource/Lombardy>	<http://dbpedia.org/ontology/wikiPageWikiLink>	<http://dbpedia.org/resource/Domini_di_Terraferma>
<http://dbpedia.org/resource/Lombardy>	<http://dbpedia.org/ontology/wikiPageWikiLink>	<http://dbpedia.org/resource/Franciacorta>
<http://dbpedia.org/resource/Lombardy>	<http://dbpedia.org/ontology/wikiPageWikiLink>	<http://dbpedia.org/resource/Oltrep\u00F2_Pavese>
<http://dbpedia.org/resource/Lombardy>	<http://dbpedia.org/ontology/wikiPageWikiLink>	<http://dbpedia.org/resource/AgustaWestland_AW189>
<http://dbpedia.org/resource/Lombardy>	<http://dbpedia.org/ontology/wikiPageWikiLink>	<http://dbpedia.org/resource/Castelseprio_(archaeological_park)>
<http://dbpedia.org/resource/Lombardy>	<http://dbpedia.org/ontology/wikiPageWikiLink>	<http://dbpedia.org/resource/Proto-Albanian_language>
<http://dbpedia.org/resource/Lombardy>	<http://dbpedia.org/ontology/wikiPageWikiLink>	<http://dbpedia.org/resource/2020\u201321_Serie_C>
<http://dbpedia.org/resource/Lombardy>	<http://dbpedia.org/ontology/wikiPageWikiLink>	<http://dbpedia.org/resource/Last_Glacial_Period>
<http://dbpedia.org/resource/Lombardy>	<http://dbpedia.org/ontology/wikiPageWikiLink>	<http://dbpedia.org/resource/Sacri_Monti_of_Piedmont_and_Lombardy>
<http://dbpedia.org/resource/Lombardy>	<http://dbpedia.org/ontology/wikiPageWikiLink>	<http://dbpedia.org/resource/Cassoeula>
<http://dbpedia.org/resource/Lombardy>	<http://dbpedia.org/ontology/wikiPageWikiLink>	<http://dbpedia.org/resource/Duchy_of_Naples>
<http://dbpedia.org/resource/Lombardy>	<http://dbpedia.org/ontology/wikiPageWikiLink>	<http://dbpedia.org/resource/Grigna>
<http://dbpedia.org/resource/Lombardy>	<http://dbpedia.org/ontology/wikiPageWikiLink>	<http://dbpedia.org/resource/Ossobuco>
<http://dbpedia.org/resource/Lombardy>	<http://dbpedia.org/ontology/wikiPageWikiLink>	<http://dbpedia.org/resource/Quadrilatero_della_moda>
<http://dbpedia.org/resource/Lombardy>	<http://dbpedia.org/ontology/wikiPageWikiLink>	<http://dbpedia.org/resource/San_Michele_Maggiore,_Pavia>
<http://dbpedia.org/resource/Lombardy>	<http://dbpedia.org/ontology/wikiPageWikiLink>	<http://dbpedia.org/resource/Tempio_Voltiano>
<http://dbpedia.org/resource/Lombardy>	<http://dbpedia.org/ontology/wikiPageWikiLink>	<http://dbpedia.org/resource/Canegrate_culture>
<http://dbpedia.org/resource/Lombardy>	<http://dbpedia.org/ontology/wikiPageWikiLink>	<http://dbpedia.org/resource/Casoncelli>
<http://dbpedia.org/resource/Lombardy>	<http://dbpedia.org/ontology/wikiPageWikiLink>	<http://dbpedia.org/resource/Robiola>
<http://dbpedia.org/resource/Lombardy>	<http://dbpedia.org/ontology/wikiPageWikiLink>	<http://dbpedia.org/resource/List_of_Italian_regions_by_Human_Development_Index>
<http://dbpedia.org/resource/Lombardy>	<http://dbpedia.org/ontology/wikiPageWikiLink>	<http://dbpedia.org/resource/Association_of_the_Alpine_States>
<http://dbpedia.org/resource/Lombardy>	<http://dbpedia.org/ontology/wikiPageWikiLink>	<http://dbpedia.org/resource/Airolo>
<http://dbpedia.org/resource/Lombardy>	<http://dbpedia.org/ontology/wikiPageWikiLink>	<http://dbpedia.org/resource/Battle_of_Pavia>
<http://dbpedia.org/resource/Lombardy>	<http://dbpedia.org/ontology/wikiPageWikiLink>	<http://dbpedia.org/resource/Bedretto>
<http://dbpedia.org/resource/Lombardy>	<http://dbpedia.org/ontology/wikiPageWikiLink>	<http://dbpedia.org/resource/Chiasso>
<http://dbpedia.org/resource/Lombardy>	<http://dbpedia.org/ontology/wikiPageWikiLink>	<http://dbpedia.org/resource/Lake_Idro>
<http://dbpedia.org/resource/Lombardy>	<http://dbpedia.org/ontology/wikiPageWikiLink>	<http://dbpedia.org/resource/Lambro>
<http://dbpedia.org/resource/Lombardy>	<http://dbpedia.org/ontology/wikiPageWikiLink>	<http://dbpedia.org/resource/Pannonian_Avars>
<http://dbpedia.org/resource/Lombardy>	<http://dbpedia.org/ontology/wikiPageWikiLink>	<http://dbpedia.org/resource/Pavia_Cathedral>
<http://dbpedia.org/resource/Lombardy>	<http://dbpedia.org/ontology/wikiPageWikiLink>	<http://dbpedia.org/resource/Turkey_meat>
<http://dbpedia.org/resource/Lombardy>	<http://dbpedia.org/ontology/wikiPageWikiLink>	<http://dbpedia.org/resource/Multi-party_system>
<http://dbpedia.org/resource/Lombardy>	<http://dbpedia.org/ontology/wikiPageWikiLink>	<http://dbpedia.org/resource/Necropolis>
<http://dbpedia.org/resource/Lombardy>	<http://dbpedia.org/ontology/wikiPageWikiLink>	<http://dbpedia.org/resource/Rhododendron>
<http://dbpedia.org/resource/Lombardy>	<http://dbpedia.org/ontology/wikiPageWikiLink>	<http://dbpedia.org/resource/Versace>
<http://dbpedia.org/resource/Lombardy>	<http://dbpedia.org/ontology/wikiPageWikiLink>	<http://dbpedia.org/resource/Hitrole>
<http://dbpedia.org/resource/Lombardy>	<http://dbpedia.org/ontology/wikiPageWikiLink>	<http://dbpedia.org/resource/Villa_Toeplitz_(Varese)>
<http://dbpedia.org/resource/Lombardy>	<http://dbpedia.org/ontology/wikiPageWikiLink>	<http://dbpedia.org/resource/Nebbiolo>
<http://dbpedia.org/resource/Lombardy>	<http://dbpedia.org/ontology/wikiPageWikiLink>	<http://dbpedia.org/resource/AgustaWestland_AW169>
<http://dbpedia.org/resource/Lombardy>	<http://dbpedia.org/ontology/wikiPageWikiLink>	<http://dbpedia.org/resource/Golasecca_culture>
<http://dbpedia.org/resource/Lombardy>	<http://dbpedia.org/ontology/wikiPageWikiLink>	<http://dbpedia.org/resource/Battle_of_Legnano>
<http://dbpedia.org/resource/Lombardy>	<http://dbpedia.org/ontology/wikiPageWikiLink>	<http://dbpedia.org/resource/Accademia_Carrara>
<http://dbpedia.org/resource/Lombardy>	<http://dbpedia.org/ontology/wikiPageWikiLink>	<http://dbpedia.org/resource/Duchy_of_Sorrento>
<http://dbpedia.org/resource/Lombardy>	<http://dbpedia.org/ontology/wikiPageWikiLink>	<http://dbpedia.org/resource/Visconti_Castle_(Pavia)>
<http://dbpedia.org/resource/Lombardy>	<http://dbpedia.org/ontology/wikiPageWikiLink>	<http://dbpedia.org/resource/MV_Agusta_Brutale_series>
<http://dbpedia.org/resource/Lombardy>	<http://dbpedia.org/ontology/wikiPageWikiLink>	<http://dbpedia.org/resource/Davide_Pedersoli>
<http://dbpedia.org/resource/Lombardy>	<http://dbpedia.org/ontology/wikiPageWikiLink>	<http://dbpedia.org/resource/Stracchino>
<http://dbpedia.org/resource/Lombardy>	<http://dbpedia.org/ontology/wikiPageWikiLink>	<http://dbpedia.org/resource/COVID-19_pandemic>
<http://dbpedia.org/resource/Lombardy>	<http://dbpedia.org/ontology/wikiPageWikiLink>	<http://dbpedia.org/resource/Five_Days_of_Milan>
<http://dbpedia.org/resource/Lombardy>	<http://dbpedia.org/ontology/wikiPageWikiLink>	<http://dbpedia.org/resource/Lombard_League>
<http://dbpedia.org/resource/Lombardy>	<http://dbpedia.org/ontology/wikiPageWikiLink>	<http://dbpedia.org/resource/Beretta>
<http://dbpedia.org/resource/Lombardy>	<http://dbpedia.org/ontology/wikiPageWikiLink>	<http://dbpedia.org/resource/Carpaccio>
<http://dbpedia.org/resource/Lombardy>	<http://dbpedia.org/ontology/wikiPageWikiLink>	<http://dbpedia.org/resource/Panettone>
<http://dbpedia.org/resource/Lombardy>	<http://dbpedia.org/ontology/wikiPageWikiLink>	<http://dbpedia.org/resource/Lamborghini_Trattori>
<http://dbpedia.org/resource/Lombardy>	<http://dbpedia.org/ontology/wikiPageWikiLink>	<http://dbpedia.org/resource/Torrazzo_of_Cremona>
<http://dbpedia.org/resource/Lombardy>	<http://dbpedia.org/ontology/wikiPageWikiLink>	<http://dbpedia.org/resource/Candy_(company)>
<http://dbpedia.org/resource/Lombardy>	<http://dbpedia.org/ontology/wikiPageWikiLink>	<http://dbpedia.org/resource/Stelvio_National_Park>
<http://dbpedia.org/resource/Lombardy>	<http://dbpedia.org/ontology/wikiPageWikiLink>	<http://dbpedia.org/resource/Humid_continental_climate>
<http://dbpedia.org/resource/Lombardy>	<http://dbpedia.org/ontology/wikiPageWikiLink>	<http://dbpedia.org/resource/2026_Winter_Olympics>
<http://dbpedia.org/resource/Lombardy>	<http://dbpedia.org/ontology/wikiPageWikiLink>	<http://dbpedia.org/resource/Classical_Milanese_orthography>
<http://dbpedia.org/resource/Lombardy>	<http://dbpedia.org/ontology/wikiPageWikiLink>	<http://dbpedia.org/resource/San_Salvatore,_Brescia>
<http://dbpedia.org/resource/Lombardy>	<http://dbpedia.org/ontology/wikiPageWikiLink>	<http://dbpedia.org/resource/Aermacchi_M-345>
<http://dbpedia.org/resource/Lombardy>	<http://dbpedia.org/ontology/wikiPageWikiLink>	<http://dbpedia.org/resource/Natural_History_Museum,_Pavia>
<http://dbpedia.org/resource/Lombardy>	<http://dbpedia.org/ontology/wikiPageWikiLink>	<http://dbpedia.org/resource/Rump_state>
<http://dbpedia.org/resource/Lombardy>	<http://dbpedia.org/ontology/wikiPageWikiLink>	<http://dbpedia.org/resource/Head_of_government>
<http://dbpedia.org/resource/Lombardy>	<http://dbpedia.org/ontology/wikiPageWikiLink>	<http://dbpedia.org/resource/List_of_wine-producing_regions>
<http://dbpedia.org/resource/Lombardy>	<http://dbpedia.org/ontology/wikiPageWikiLink>	<http://dbpedia.org/resource/Villa_Olmo>
<http://dbpedia.org/resource/Lombardy>	<http://dbpedia.org/ontology/wikiPageWikiLink>	<http://dbpedia.org/resource/1629\u20131631_Italian_plague>
<http://dbpedia.org/resource/Lombardy>	<http://dbpedia.org/ontology/wikiPageWikiLink>	<http://dbpedia.org/resource/Fiocchi_Munizioni>
<http://dbpedia.org/resource/Lombardy>	<http://dbpedia.org/ontology/wikiPageWikiLink>	<http://dbpedia.org/resource/Rosa_Camuna>
<http://dbpedia.org/resource/Lombardy>	<http://dbpedia.org/ontology/wikiPageWikiLink>	<http://dbpedia.org/resource/List_of_Italian_regions_by_GDP>
<http://dbpedia.org/resource/Lombardy>	<http://dbpedia.org/ontology/wikiPageWikiLink>	<http://dbpedia.org/resource/Battle_of_Cortenuova>
<http://dbpedia.org/resource/Lombardy>	<http://dbpedia.org/ontology/wikiPageWikiLink>	<http://dbpedia.org/resource/Category:NUTS_2_statistical_regions_of_the_European_Union>
<http://dbpedia.org/resource/Lombardy>	<http://dbpedia.org/ontology/wikiPageWikiLink>	<http://dbpedia.org/resource/Category:Wine_regions_of_Italy>
<http://dbpedia.org/resource/Lombardy>	<http://dbpedia.org/ontology/wikiPageWikiLink>	<http://dbpedia.org/resource/Category:Lombardy>
<http://dbpedia.org/resource/Lombardy>	<http://dbpedia.org/ontology/wikiPageWikiLink>	<http://dbpedia.org/resource/Longobards_in_Italy,_Places_of_Power_(568\u2013774_A.D.)>
<http://dbpedia.org/resource/Lombardy>	<http://dbpedia.org/ontology/wikiPageWikiLink>	<http://dbpedia.org/resource/File:Tempio_Capitolino_Piazza_del_Foro_Brescia.jpg>
<http://dbpedia.org/resource/Lombardy>	<http://dbpedia.org/ontology/wikiPageWikiLink>	<http://dbpedia.org/resource/Habsburgs>
<http://dbpedia.org/resource/Lombardy>	<http://dbpedia.org/ontology/wikiPageWikiLink>	<http://dbpedia.org/resource/Gallia_Cisalpina>
<http://dbpedia.org/resource/Lombardy>	<http://dbpedia.org/ontology/wikiPageWikiLink>	<http://dbpedia.org/resource/Lombard_invasion_of_Italy>
<http://dbpedia.org/resource/Lombardy>	<http://dbpedia.org/ontology/wikiPageWikiLink>	<http://dbpedia.org/resource/2017_Lombard_autonomy_referendum>
<http://dbpedia.org/resource/Lombardy>	<http://dbpedia.org/ontology/wikiPageWikiLink>	<http://dbpedia.org/resource/List_of_Italian_DOCG_wines>
<http://dbpedia.org/resource/Lombardy>	<http://dbpedia.org/ontology/wikiPageWikiLink>	<http://dbpedia.org/resource/Basilica_di_San_Lorenzo_(Milan)>
<http://dbpedia.org/resource/Lombardy>	<http://dbpedia.org/ontology/wikiPageWikiLink>	<http://dbpedia.org/resource/Basilica_di_Sant\u0027Ambrogio>
<http://dbpedia.org/resource/Lombardy>	<http://dbpedia.org/ontology/wikiPageWikiLink>	<http://dbpedia.org/resource/Mani_Pulite>
<http://dbpedia.org/resource/Lombardy>	<http://dbpedia.org/ontology/wikiPageWikiLink>	<http://dbpedia.org/resource/Friuli_Venezia_Giulia>
<http://dbpedia.org/resource/Lombardy>	<http://dbpedia.org/ontology/wikiPageWikiLink>	<http://dbpedia.org/resource/A.C._Milan>
<http://dbpedia.org/resource/Lombardy>	<http://dbpedia.org/ontology/wikiPageWikiLink>	<http://dbpedia.org/resource/A.C._Monza>
<http://dbpedia.org/resource/Lombardy>	<http://dbpedia.org/ontology/wikiPageWikiLink>	<http://dbpedia.org/resource/A.S._Giana_Erminio>
<http://dbpedia.org/resource/Lombardy>	<http://dbpedia.org/ontology/wikiPageWikiLink>	<http://dbpedia.org/resource/Apennines>
<http://dbpedia.org/resource/Lombardy>	<http://dbpedia.org/ontology/wikiPageWikiLink>	<http://dbpedia.org/resource/Atalanta_B.C.>
<http://dbpedia.org/resource/Lombardy>	<http://dbpedia.org/ontology/wikiPageWikiLink>	<http://dbpedia.org/resource/Autodromo_Nazionale_di_Monza>
<http://dbpedia.org/resource/Lombardy>	<http://dbpedia.org/ontology/wikiPageWikiLink>	<http://dbpedia.org/resource/Canton_of_Grisons>
<http://dbpedia.org/resource/Lombardy>	<http://dbpedia.org/ontology/wikiPageWikiLink>	<http://dbpedia.org/resource/Canton_of_Ticino>
<http://dbpedia.org/resource/Lombardy>	<http://dbpedia.org/ontology/wikiPageWikiLink>	<http://dbpedia.org/resource/Comuni_of_Italy>
<http://dbpedia.org/resource/Lombardy>	<http://dbpedia.org/ontology/wikiPageWikiLink>	<http://dbpedia.org/resource/Constantine_I>
<http://dbpedia.org/resource/Lombardy>	<http://dbpedia.org/ontology/wikiPageWikiLink>	<http://dbpedia.org/resource/Gallo-Italic>
<http://dbpedia.org/resource/Lombardy>	<http://dbpedia.org/ontology/wikiPageWikiLink>	<http://dbpedia.org/resource/Graub\u00FCnden>
<http://dbpedia.org/resource/Lombardy>	<http://dbpedia.org/ontology/wikiPageWikiLink>	<http://dbpedia.org/resource/ISO_3166_code>
<http://dbpedia.org/resource/Lombardy>	<http://dbpedia.org/ontology/wikiPageWikiLink>	<http://dbpedia.org/resource/Istituto_Nazionale_di_Statistica>
<http://dbpedia.org/resource/Lombardy>	<http://dbpedia.org/ontology/wikiPageWikiLink>	<http://dbpedia.org/resource/Mantova>
<http://dbpedia.org/resource/Lombardy>	<http://dbpedia.org/ontology/wikiPageWikiLink>	<http://dbpedia.org/resource/Proto-Germanic>
<http://dbpedia.org/resource/Lombardy>	<http://dbpedia.org/ontology/wikiPageWikiLink>	<http://dbpedia.org/resource/Province_of_Mantova>
<http://dbpedia.org/resource/Lombardy>	<http://dbpedia.org/ontology/wikiPageWikiLink>	<http://dbpedia.org/resource/Region_of_Italy>
<http://dbpedia.org/resource/Lombardy>	<http://dbpedia.org/ontology/wikiPageWikiLink>	<http://dbpedia.org/resource/Semi-presidential_system>
<http://dbpedia.org/resource/Lombardy>	<http://dbpedia.org/ontology/wikiPageWikiLink>	<http://dbpedia.org/resource/Sikh>
<http://dbpedia.org/resource/Lombardy>	<http://dbpedia.org/ontology/wikiPageWikiLink>	<http://dbpedia.org/resource/U.C._AlbinoLeffe>
<http://dbpedia.org/resource/Lombardy>	<http://dbpedia.org/ontology/wikiPageWikiLink>	<http://dbpedia.org/resource/U.S._Cremonese>
<http://dbpedia.org/resource/Lombardy>	<http://dbpedia.org/ontology/wikiPageWikiLink>	<http://dbpedia.org/resource/UNESCO_World_Heritage_Site>
<http://dbpedia.org/resource/Lombardy>	<http://dbpedia.org/ontology/wikiPageWikiLink>	<http://dbpedia.org/resource/Canton_Ticino>
<http://dbpedia.org/resource/Lombardy>	<http://dbpedia.org/ontology/wikiPageWikiLink>	<http://dbpedia.org/resource/Castello_Sforzesco>
<http://dbpedia.org/resource/Lombardy>	<http://dbpedia.org/ontology/wikiPageWikiLink>	<http://dbpedia.org/resource/Magneti_Marelli>
<http://dbpedia.org/resource/Lombardy>	<http://dbpedia.org/ontology/wikiPageWikiLink>	<http://dbpedia.org/resource/Medium-duty_truck>
<http://dbpedia.org/resource/Lombardy>	<http://dbpedia.org/ontology/wikiPageWikiLink>	<http://dbpedia.org/resource/U.S._Pergolettese_1932>
<http://dbpedia.org/resource/Lombardy>	<http://dbpedia.org/ontology/wikiPageWikiLink>	<http://dbpedia.org/resource/List_of_European_regions_by_GDP>
<http://dbpedia.org/resource/Lombardy>	<http://dbpedia.org/ontology/wikiPageWikiLink>	<http://dbpedia.org/resource/A.C._Renate>
<http://dbpedia.org/resource/Lombardy>	<http://dbpedia.org/ontology/wikiPageWikiLink>	<http://dbpedia.org/resource/Bernina_Railway>
<http://dbpedia.org/resource/Lombardy>	<http://dbpedia.org/ontology/wikiPageWikiLink>	<http://dbpedia.org/resource/Cathedral_of_Cremona>
<http://dbpedia.org/resource/Lombardy>	<http://dbpedia.org/ontology/wikiPageWikiLink>	<http://dbpedia.org/resource/Cathedral_of_Milan>
<http://dbpedia.org/resource/Lombardy>	<http://dbpedia.org/ontology/wikiPageWikiLink>	<http://dbpedia.org/resource/Leonardo_S.p.A.>
<http://dbpedia.org/resource/Lombardy>	<http://dbpedia.org/ontology/wikiPageWikiLink>	<http://dbpedia.org/resource/Valentino_SpA>
<http://dbpedia.org/resource/Lombardy>	<http://dbpedia.org/ontology/wikiPageWikiLink>	<http://dbpedia.org/resource/Hegemon>
<http://dbpedia.org/resource/Lombardy>	<http://dbpedia.org/ontology/wikiPageWikiLink>	<http://dbpedia.org/resource/Po_river>
<http://dbpedia.org/resource/Lombardy>	<http://dbpedia.org/ontology/wikiPageWikiLink>	<http://dbpedia.org/resource/Stato_da_Mar>
<http://dbpedia.org/resource/Lombardy>	<http://dbpedia.org/ontology/wikiPageWikiLink>	<http://dbpedia.org/resource/Ticino_River>
<http://dbpedia.org/resource/Lombardy>	<http://dbpedia.org/ontology/wikiPageWikiLink>	<http://dbpedia.org/resource/Epipaleolithic>
<http://dbpedia.org/resource/Lombardy>	<http://dbpedia.org/ontology/wikiPageWikiLink>	<http://dbpedia.org/resource/Aermacchi_M-346>
<http://dbpedia.org/resource/Lombardy>	<http://dbpedia.org/ontology/wikiPageWikiLink>	<http://dbpedia.org/resource/Executive_power>
<http://dbpedia.org/resource/Lombardy>	<http://dbpedia.org/ontology/wikiPageWikiLink>	<http://dbpedia.org/resource/Italian_Alps>
<http://dbpedia.org/resource/Lombardy>	<http://dbpedia.org/ontology/wikiPageWikiLink>	<http://dbpedia.org/resource/S.S.D._Pro_Sesto>
<http://dbpedia.org/resource/Lombardy>	<http://dbpedia.org/ontology/wikiPageWikiLink>	<http://dbpedia.org/resource/Teatro_alla_Scala>
<http://dbpedia.org/resource/Lombardy>	<http://dbpedia.org/ontology/wikiPageWikiLink>	<http://dbpedia.org/resource/Waldenses>
<http://dbpedia.org/resource/Lombardy>	<http://dbpedia.org/ontology/wikiPageWikiLink>	<http://dbpedia.org/resource/Museo_della_Scienza_e_della_Tecnologia_%22Leonardo_da_Vinci%22>
<http://dbpedia.org/resource/Lombardy>	<http://dbpedia.org/ontology/wikiPageWikiLink>	<http://dbpedia.org/resource/Citrus_fruit>
<http://dbpedia.org/resource/Lombardy>	<http://dbpedia.org/ontology/wikiPageWikiLink>	<http://dbpedia.org/resource/Legislative_power>
<http://dbpedia.org/resource/Lombardy>	<http://dbpedia.org/ontology/wikiPageWikiLink>	<http://dbpedia.org/resource/Bergamo_Alps>
<http://dbpedia.org/resource/Lombardy>	<http://dbpedia.org/ontology/wikiPageWikiLink>	<http://dbpedia.org/resource/Santa_Maria_delle_Grazie_(Milan)>
<http://dbpedia.org/resource/Lombardy>	<http://dbpedia.org/ontology/wikiPageWikiLink>	<http://dbpedia.org/resource/Ticino_river>
<http://dbpedia.org/resource/Lombardy>	<http://dbpedia.org/ontology/wikiPageWikiLink>	<http://dbpedia.org/resource/Trebbiano_di_Lugana>
<http://dbpedia.org/resource/Lombardy>	<http://dbpedia.org/ontology/wikiPageWikiLink>	<http://dbpedia.org/resource/Brera_Gallery>
<http://dbpedia.org/resource/Lombardy>	<http://dbpedia.org/ontology/wikiPageWikiLink>	<http://dbpedia.org/resource/The_Last_Supper>
<http://dbpedia.org/resource/Lombardy>	<http://dbpedia.org/ontology/wikiPageWikiLink>	<http://dbpedia.org/resource/Accademia_Carrara_di_Belle_Arti_di_Bergamo>
<http://dbpedia.org/resource/Lombardy>	<http://dbpedia.org/ontology/wikiPageWikiLink>	<http://dbpedia.org/resource/Adamello>
<http://dbpedia.org/resource/Lombardy>	<http://dbpedia.org/ontology/wikiPageWikiLink>	<http://dbpedia.org/resource/Bellagio_(Italian_region)>
<http://dbpedia.org/resource/Lombardy>	<http://dbpedia.org/ontology/wikiPageWikiLink>	<http://dbpedia.org/resource/SAME_(Tractors)>
<http://dbpedia.org/resource/Lombardy>	<http://dbpedia.org/ontology/wikiPageWikiLink>	<http://dbpedia.org/resource/Saxifrage>
<http://dbpedia.org/resource/Lombardy>	<http://dbpedia.org/ontology/wikiPageWikiLink>	<http://dbpedia.org/resource/NPK_fertilizer>
<http://dbpedia.org/resource/Lombardy>	<http://dbpedia.org/ontology/wikiPageWikiLink>	<http://dbpedia.org/resource/Padan_Plain>
<http://dbpedia.org/resource/Lombardy>	<http://dbpedia.org/ontology/wikiPageWikiLink>	<http://dbpedia.org/resource/Palazzo_Te>
<http://dbpedia.org/resource/Lombardy>	<http://dbpedia.org/ontology/wikiPageWikiLink>	<http://dbpedia.org/resource/Gorgonzola_(cheese)>
<http://dbpedia.org/resource/Lombardy>	<http://dbpedia.org/ontology/wikiPageWikiLink>	<http://dbpedia.org/resource/Lombard_autonomy_referendum,_2017>
<http://dbpedia.org/resource/Lombardy>	<http://dbpedia.org/ontology/wikiPageWikiLink>	<http://dbpedia.org/resource/Nitrogen_oxides>
<http://dbpedia.org/resource/Lombardy>	<http://dbpedia.org/ontology/wikiPageWikiLink>	<http://dbpedia.org/resource/Camuni>
<http://dbpedia.org/resource/Lombardy>	<http://dbpedia.org/ontology/wikiPageWikiLink>	<http://dbpedia.org/resource/Crescenza>
<http://dbpedia.org/resource/Lombardy>	<http://dbpedia.org/ontology/wikiPageWikiLink>	<http://dbpedia.org/resource/Venetian_Works_of_Defence_between_the_16th_and_17th_centuries:_Stato_da_Terra_\u2013_western_Stato_da_Mar>
<http://dbpedia.org/resource/Lombardy>	<http://dbpedia.org/ontology/wikiPageWikiLink>	<http://dbpedia.org/resource/River_Ticino>
<http://dbpedia.org/resource/Lombardy>	<http://dbpedia.org/ontology/wikiPageWikiLink>	<http://dbpedia.org/resource/Italian_Sausage>
<http://dbpedia.org/resource/Lombardy>	<http://dbpedia.org/ontology/wikiPageWikiLink>	<http://dbpedia.org/resource/Resegone>
<http://dbpedia.org/resource/Lombardy>	<http://dbpedia.org/ontology/wikiPageWikiLink>	<http://dbpedia.org/resource/Medieval_communes>
<http://dbpedia.org/resource/Lombardy>	<http://dbpedia.org/ontology/wikiPageWikiLink>	<http://dbpedia.org/resource/Prealpi_Orobiche>
<http://dbpedia.org/resource/Lombardy>	<http://dbpedia.org/ontology/wikiPageWikiLink>	<http://dbpedia.org/resource/The_Kingdom_of_the_Lombards>
<http://dbpedia.org/resource/Lombardy>	<http://dbpedia.org/ontology/wikiPageWikiLink>	<http://dbpedia.org/resource/The_Lancet_Planetary_Health>
<http://dbpedia.org/resource/Lombardy>	<http://dbpedia.org/ontology/wikiPageWikiLink>	<http://dbpedia.org/resource/File:Iron_Crown.JPG>
<http://dbpedia.org/resource/Lombardy>	<http://dbpedia.org/ontology/wikiPageWikiLink>	<http://dbpedia.org/resource/File:Member_Cities_of_the_Lombard_Leagues.png>
<http://dbpedia.org/resource/Lombardy>	<http://dbpedia.org/ontology/wikiPageWikiLink>	<http://dbpedia.org/resource/File:Leonardo_da_Vinci_(1452-1519)_-_The_Last_Supper_(1495-1498).jpg>
<http://dbpedia.org/resource/Lombardy>	<http://dbpedia.org/ontology/wikiPageWikiLink>	<http://dbpedia.org/resource/Services_sector>
<http://dbpedia.org/resource/Lombardy>	<http://dbpedia.org/ontology/wikiPageWikiLink>	<http://dbpedia.org/resource/Taleggio_(cheese)>
<http://dbpedia.org/resource/Lombardy>	<http://dbpedia.org/ontology/wikiPageWikiLink>	<http://dbpedia.org/resource/Torba_Tower>
<http://dbpedia.org/resource/Lombardy>	<http://dbpedia.org/ontology/wikiPageWikiLink>	<http://dbpedia.org/resource/Valcamonica>
<http://dbpedia.org/resource/Lombardy>	<http://dbpedia.org/ontology/wikiPageWikiLink>	<http://dbpedia.org/resource/File:Scena_di_duello_R6_-_Foppe_-_Nadro_(Foto_Luca_Giarelli).jpg>
<http://dbpedia.org/resource/Lombardy>	<http://dbpedia.org/ontology/wikiPageWikiLink>	<http://dbpedia.org/resource/File:Rosa_camuna_R2-3_-_Carpene_-_Sellero_(Foto_Luca_Giarelli).jpg>
<http://dbpedia.org/resource/Lombardy>	<http://dbpedia.org/ontology/wikiPageWikiLink>	<http://dbpedia.org/resource/File:MonsiauConsultaRepubliqueCsalpine1808.jpg>
<http://dbpedia.org/resource/Lombardy>	<http://dbpedia.org/ontology/wikiPageWikiLink>	<http://dbpedia.org/resource/File:Caviar_and_spoon.jpg>
<http://dbpedia.org/resource/Lombardy>	<http://dbpedia.org/ontology/wikiPageWikiLink>	<http://dbpedia.org/resource/File:Alboin\u0027s_entrance_into_Pavia.jpg>
<http://dbpedia.org/resource/Lombardy>	<http://dbpedia.org/ontology/wikiPageWikiLink>	<http://dbpedia.org/resource/File:GorgonzolaDSC4233.jpg>
<http://dbpedia.org/resource/Lombardy>	<http://dbpedia.org/ontology/wikiPageWikiLink>	<http://dbpedia.org/resource/File:Flag_of_the_Republic_of_the_Rio_Grande.svg>
<http://dbpedia.org/resource/Lombardy>	<http://dbpedia.org/ontology/wikiPageWikiLink>	<http://dbpedia.org/resource/File:Tortelli.jpg>
<http://dbpedia.org/resource/Lombardy>	<http://dbpedia.org/ontology/wikiPageWikiLink>	<http://dbpedia.org/resource/Rocca_di_Manerba_del_Garda_(Lombardy)>
<http://dbpedia.org/resource/Lombardy>	<http://dbpedia.org/ontology/wikiPageWikiLink>	<http://dbpedia.org/resource/File:Dolce_&_Gabbana_(8184624219).jpg>
<http://dbpedia.org/resource/Lombardy>	<http://dbpedia.org/ontology/wikiPageWikiLink>	<http://dbpedia.org/resource/File:Ponte_sul_Adda_Paderno.jpg>
<http://dbpedia.org/resource/Lombardy>	<http://dbpedia.org/ontology/wikiPageWikiLink>	<http://dbpedia.org/resource/File:2014-01-01-Pavia_Certosa.jpg>
<http://dbpedia.org/resource/Lombardy>	<http://dbpedia.org/ontology/wikiPageWikiLink>	<http://dbpedia.org/resource/File:Sunrise_at_Bergamo_old_town,_Lombardy,_Italy.jpg>
<http://dbpedia.org/resource/Lombardy>	<http://dbpedia.org/ontology/wikiPageWikiLink>	<http://dbpedia.org/resource/File:Ossobuco_con_risotto_alla_milanese.jpg>
<http://dbpedia.org/resource/Lombardy>	<http://dbpedia.org/ontology/wikiPageWikiLink>	<http://dbpedia.org/resource/File:Milan_skyline_skyscrapers_of_Porta_Nuova_business_district.jpg>
<http://dbpedia.org/resource/Lombardy>	<http://dbpedia.org/ontology/wikiPageWikiLink>	<http://dbpedia.org/resource/File:San_michele_maggiore.JPG>
<http://dbpedia.org/resource/Lombardy>	<http://dbpedia.org/ontology/wikiPageWikiLink>	<http://dbpedia.org/resource/Air_Quality_Life_Index>
<http://dbpedia.org/resource/Lombardy>	<http://dbpedia.org/ontology/wikiPageWikiLink>	<http://dbpedia.org/resource/BCS_Group>
<http://dbpedia.org/resource/Lombardy>	<http://dbpedia.org/ontology/wikiPageWikiLink>	<http://dbpedia.org/resource/Chicago_Energy_Policy_Institute>
<http://dbpedia.org/resource/Lombardy>	<http://dbpedia.org/ontology/wikiPageWikiLink>	<http://dbpedia.org/resource/EUSALP>
<http://dbpedia.org/resource/Lombardy>	<http://dbpedia.org/ontology/wikiPageWikiLink>	<http://dbpedia.org/resource/File:2017-04-10_04-14_Gardasee_177_Sirmione_(33539991534).jpg>
<http://dbpedia.org/resource/Lombardy>	<http://dbpedia.org/ontology/wikiPageWikiLink>	<http://dbpedia.org/resource/File:5giornatemilano.jpg>
<http://dbpedia.org/resource/Lombardy>	<http://dbpedia.org/ontology/wikiPageWikiLink>	<http://dbpedia.org/resource/File:Architettura_La_Scala_operahouse.jpg>
<http://dbpedia.org/resource/Lombardy>	<http://dbpedia.org/ontology/wikiPageWikiLink>	<http://dbpedia.org/resource/File:Christo,_Floating_Pears,_Lago_d\u0027Iseo,_2016_07.jpg>
<http://dbpedia.org/resource/Lombardy>	<http://dbpedia.org/ontology/wikiPageWikiLink>	<http://dbpedia.org/resource/File:Colline_moreniche_del_Lago_Garda.JPG>
<http://dbpedia.org/resource/Lombardy>	<http://dbpedia.org/ontology/wikiPageWikiLink>	<http://dbpedia.org/resource/File:Grana_Padano_DOP_Riserva.jpg>
<http://dbpedia.org/resource/Lombardy>	<http://dbpedia.org/ontology/wikiPageWikiLink>	<http://dbpedia.org/resource/File:Lombardie70.gif>
<http://dbpedia.org/resource/Lombardy>	<http://dbpedia.org/ontology/wikiPageWikiLink>	<http://dbpedia.org/resource/File:Mappa_del_Ducato_di_Mantova_nel_1575.jpg>
<http://dbpedia.org/resource/Lombardy>	<http://dbpedia.org/ontology/wikiPageWikiLink>	<http://dbpedia.org/resource/File:Palazzolombardiagaeaulenti.jpg>
<http://dbpedia.org/resource/Lombardy>	<http://dbpedia.org/ontology/wikiPageWikiLink>	<http://dbpedia.org/resource/File:Passo_Manina_e_Coca.JPG>
<http://dbpedia.org/resource/Lombardy>	<http://dbpedia.org/ontology/wikiPageWikiLink>	<http://dbpedia.org/resource/File:Sentiero_del_Viandante_DSC_6340_(14020554463).jpg>
<http://dbpedia.org/resource/Lombardy>	<http://dbpedia.org/ontology/wikiPageWikiLink>	<http://dbpedia.org/resource/Fluvial_forest>
<http://dbpedia.org/resource/Lombardy>	<http://dbpedia.org/ontology/wikiPageWikiLink>	<http://dbpedia.org/resource/File:Stambecco_sul_Piccolo_Lagazuoi.jpg>
<http://dbpedia.org/resource/Lombardy>	<http://dbpedia.org/ontology/wikiPageExternalLink>	<https://archive.org/details/crisiscontinuity0000sell>
<http://dbpedia.org/resource/Lombardy>	<http://dbpedia.org/ontology/wikiPageExternalLink>	<https://archive.org/details/lombardtownsini00willgoog>
<http://dbpedia.org/resource/Lombardy>	<http://dbpedia.org/ontology/wikiPageExternalLink>	<https://archive.org/details/taxreformineight0000klan>
<http://dbpedia.org/resource/Lombardy>	<http://dbpedia.org/ontology/wikiPageExternalLink>	<https://www.amazon.com/Clash-Legitimacies-State-Building-Medieval-Lombardy/dp/0198824319/>
<http://dbpedia.org/resource/Lombardy>	<http://dbpedia.org/ontology/wikiPageExternalLink>	<https://www.amazon.com/Cotton-Enterprises-Strategies-Routledge-International/dp/113861694X/>
<http://dbpedia.org/resource/Lombardy>	<http://dbpedia.org/ontology/wikiPageExternalLink>	<https://www.amazon.com/Guide-Lombardy-Milan-Italian-Lakes-ebook/dp/B0842QW9T3/>
<http://dbpedia.org/resource/Lombardy>	<http://dbpedia.org/ontology/wikiPageExternalLink>	<https://www.amazon.com/Lombardy-Destinations-Discovering-History-Beauty/dp/0847849074/>
<http://dbpedia.org/resource/Lombardy>	<http://dbpedia.org/ontology/wikiPageExternalLink>	<https://www.jstor.org/stable/3744731>
<http://dbpedia.org/resource/Lombardy>	<http://dbpedia.org/ontology/wikiPageExternalLink>	<http://www.in-lombardia.com/>
<http://dbpedia.org/resource/Lombardy>	<http://dbpedia.org/ontology/description>	"административен регион в Италия"@bg
<http://dbpedia.org/resource/Lombardy>	<http://dbpedia.org/ontology/description>	"Italian hallinnollinen alue"@fi
<http://dbpedia.org/resource/Lombardy>	<http://dbpedia.org/ontology/description>	"Region in Italien"@de
<http://dbpedia.org/resource/Lombardy>	<http://dbpedia.org/ontology/description>	"admeenistrative region o Italy"@sco
<http://dbpedia.org/resource/Lombardy>	<http://dbpedia.org/ontology/description>	"administrative region in Northern Italy"@en
<http://dbpedia.org/resource/Lombardy>	<http://dbpedia.org/ontology/description>	"daerah administrasi di Italia Utara"@in
<http://dbpedia.org/resource/Lombardy>	<http://dbpedia.org/ontology/description>	"hérað á Ítalíu"@is
<http://dbpedia.org/resource/Lombardy>	<http://dbpedia.org/ontology/description>	"regio Italiae"@la
<http://dbpedia.org/resource/Lombardy>	<http://dbpedia.org/ontology/description>	"regio van Italië"@nl
<http://dbpedia.org/resource/Lombardy>	<http://dbpedia.org/ontology/description>	"region den parti nort di Italia"@pap
<http://dbpedia.org/resource/Lombardy>	<http://dbpedia.org/ontology/description>	"region i Italien"@da
<http://dbpedia.org/resource/Lombardy>	<http://dbpedia.org/ontology/description>	"region i norra Italien"@sv
<http://dbpedia.org/resource/Lombardy>	<http://dbpedia.org/ontology/description>	"region taliana"@lld
<http://dbpedia.org/resource/Lombardy>	<http://dbpedia.org/ontology/description>	"region v Itálii"@cs
<http://dbpedia.org/resource/Lombardy>	<http://dbpedia.org/ontology/description>	"regione amministrativa de Itàlia"@sc
<http://dbpedia.org/resource/Lombardy>	<http://dbpedia.org/ontology/description>	"regione d'Italia"@it
<http://dbpedia.org/resource/Lombardy>	<http://dbpedia.org/ontology/description>	"regiono en norda Italio"@eo
<http://dbpedia.org/resource/Lombardy>	<http://dbpedia.org/ontology/description>	"região da Itália"@pt
<http://dbpedia.org/resource/Lombardy>	<http://dbpedia.org/ontology/description>	"regió d'Itàlia"@ca
<http://dbpedia.org/resource/Lombardy>	<http://dbpedia.org/ontology/description>	"región administrativa de Italia"@es
<http://dbpedia.org/resource/Lombardy>	<http://dbpedia.org/ontology/description>	"región italiànn-a"@lij
<http://dbpedia.org/resource/Lombardy>	<http://dbpedia.org/ontology/description>	"región v Taliansku"@sk
<http://dbpedia.org/resource/Lombardy>	<http://dbpedia.org/ontology/description>	"rehion idiay Italia"@ilo
<http://dbpedia.org/resource/Lombardy>	<http://dbpedia.org/ontology/description>	"rexión administrativa de Italia"@gl
<http://dbpedia.org/resource/Lombardy>	<http://dbpedia.org/ontology/description>	"rexón d'Italia"@ast
<http://dbpedia.org/resource/Lombardy>	<http://dbpedia.org/ontology/description>	"reġjun Taljan"@mt
<http://dbpedia.org/resource/Lombardy>	<http://dbpedia.org/ontology/description>	"rhanbarth yr Eidal"@cy
<http://dbpedia.org/resource/Lombardy>	<http://dbpedia.org/ontology/description>	"riggiuni di l'Italia"@scn
<http://dbpedia.org/resource/Lombardy>	<http://dbpedia.org/ontology/description>	"région au nord de l'Italie"@fr
<http://dbpedia.org/resource/Lombardy>	<http://dbpedia.org/ontology/description>	"régió Olaszországban"@hu
<http://dbpedia.org/resource/Lombardy>	<http://dbpedia.org/ontology/description>	"réigiún riaracháin i dTuaisceart na hIodáile"@ga
<http://dbpedia.org/resource/Lombardy>	<http://dbpedia.org/ontology/description>	"İtalya'da bir bölge"@tr
<http://dbpedia.org/resource/Lombardy>	<http://dbpedia.org/ontology/description>	"περιφέρεια της Ιταλίας"@el
<http://dbpedia.org/resource/Lombardy>	<http://dbpedia.org/ontology/description>	"регион в Италии"@ru
<http://dbpedia.org/resource/Lombardy>	<http://dbpedia.org/ontology/description>	"регија Италије"@sr
<http://dbpedia.org/resource/Lombardy>	<http://dbpedia.org/ontology/description>	"рэгіён у Італіі"@be
<http://dbpedia.org/resource/Lombardy>	<http://dbpedia.org/ontology/description>	"מחוז באיטליה"@iw
<http://dbpedia.org/resource/Lombardy>	<http://dbpedia.org/ontology/description>	"منطقة ف الطاليان"@ary
<http://dbpedia.org/resource/Lombardy>	<http://dbpedia.org/ontology/description>	"منطقة في إيطاليا"@ar
<http://dbpedia.org/resource/Lombardy>	<http://dbpedia.org/ontology/description>	"ਉੱਤਰੀ ਇਟਲੀ ਦਾ ਖੇਤਰ"@pa
<http://dbpedia.org/resource/Lombardy>	<http://dbpedia.org/ontology/description>	"イタリアの州"@ja
<http://dbpedia.org/resource/Lombardy>	<http://dbpedia.org/ontology/description>	"義大利第一級行政區劃"@zh
<http://dbpedia.org/resource/Lombardy>	<http://dbpedia.org/ontology/description>	"италиянын провинциясы, жана ломбард тилдүүлөрдүн ата-мекени."@ky
<http://dbpedia.org/resource/Lombardy>	<http://dbpedia.org/ontology/description>	"이탈리아 북부의 주"@ko
<http://dbpedia.org/resource/Lombardy>	<http://dbpedia.org/ontology/description>	"kraina historyczna i region administracyjny w północnych Włoszech"@pl
<http://dbpedia.org/resource/Lombardy>	<http://xmlns.com/foaf/0.1/homepage>	<http://www.in-lombardia.com/>
<http://dbpedia.org/resource/Lombardy>	<http://www.w3.org/2004/02/skos/core#exactMatch>	<http://globalwordnet.org/ili/i83134>
<http://dbpedia.org/resource/Lombardy>	<http://dbpedia.org/property/name>	"Lombardy"@en
<http://dbpedia.org/resource/Lombardy>	<http://www.w3.org/2003/01/geo/wgs84_pos#lat>	45.58333206176758
<http://dbpedia.org/resource/Lombardy>	<http://www.w3.org/2003/01/geo/wgs84_pos#long>	9.916666984558105
<http://dbpedia.org/resource/Lombardy>	<http://xmlns.com/foaf/0.1/depiction>	<http://commons.wikimedia.org/wiki/Special:FilePath/01_partigiani_a_milano1.jpg>
<http://dbpedia.org/resource/Lombardy>	<http://xmlns.com/foaf/0.1/depiction>	<http://commons.wikimedia.org/wiki/Special:FilePath/1807KingdomItaly.jpg>
<http://dbpedia.org/resource/Lombardy>	<http://xmlns.com/foaf/0.1/depiction>	<http://commons.wikimedia.org/wiki/Special:FilePath/A8-A26_Besnate.jpg>
<http://dbpedia.org/resource/Lombardy>	<http://xmlns.com/foaf/0.1/depiction>	<http://commons.wikimedia.org/wiki/Special:FilePath/Architettura_La_Scala_operahouse.jpg>
<http://dbpedia.org/resource/Lombardy>	<http://xmlns.com/foaf/0.1/depiction>	<http://commons.wikimedia.org/wiki/Special:FilePath/Autodromo_Nazionale_Monza,_April_22,_2018_SkySat_(cropped).jpg>
<http://dbpedia.org/resource/Lombardy>	<http://xmlns.com/foaf/0.1/depiction>	<http://commons.wikimedia.org/wiki/Special:FilePath/BG_MuraVenete_08.jpg>
<http://dbpedia.org/resource/Lombardy>	<http://xmlns.com/foaf/0.1/depiction>	<http://commons.wikimedia.org/wiki/Special:FilePath/Bergamo_airport_terminal.jpg>
<http://dbpedia.org/resource/Lombardy>	<http://xmlns.com/foaf/0.1/depiction>	<http://commons.wikimedia.org/wiki/Special:FilePath/Fieramilano_Rho_Pero_improved_version.jpg>
<http://dbpedia.org/resource/Lombardy>	<http://xmlns.com/foaf/0.1/depiction>	<http://commons.wikimedia.org/wiki/Special:FilePath/Forum_Assago_Parquet_2.jpg>
<http://dbpedia.org/resource/Lombardy>	<http://xmlns.com/foaf/0.1/depiction>	<http://commons.wikimedia.org/wiki/Special:FilePath/Leonardo_da_Vinci_(1452-1519)_-_The_Last_Supper_(1495-1498).jpg>
<http://dbpedia.org/resource/Lombardy>	<http://xmlns.com/foaf/0.1/depiction>	<http://commons.wikimedia.org/wiki/Special:FilePath/M4_San_Babila_appena_inaugurata.jpg>
<http://dbpedia.org/resource/Lombardy>	<http://xmlns.com/foaf/0.1/depiction>	<http://commons.wikimedia.org/wiki/Special:FilePath/Milan_-_Pinacoth\u00E8que_de_Brera_-_Cour_int\u00E9rieure.jpg>
<http://dbpedia.org/resource/Lombardy>	<http://xmlns.com/foaf/0.1/depiction>	<http://commons.wikimedia.org/wiki/Special:FilePath/Milan_Cathedral_from_Piazza_del_Duomo.jpg>
<http://dbpedia.org/resource/Lombardy>	<http://xmlns.com/foaf/0.1/depiction>	<http://commons.wikimedia.org/wiki/Special:FilePath/Milan_CentralStation_016_4294.jpg>
<http://dbpedia.org/resource/Lombardy>	<http://xmlns.com/foaf/0.1/depiction>	<http://commons.wikimedia.org/wiki/Special:FilePath/Milan_Porta_Nuova_business_district_by_night.jpg>
<http://dbpedia.org/resource/Lombardy>	<http://xmlns.com/foaf/0.1/depiction>	<http://commons.wikimedia.org/wiki/Special:FilePath/Milan_malpensa_terminal_airport.jpg>
<http://dbpedia.org/resource/Lombardy>	<http://xmlns.com/foaf/0.1/depiction>	<http://commons.wikimedia.org/wiki/Special:FilePath/Milan_skyline_skyscrapers_of_Porta_Nuova_business_district.jpg>
<http://dbpedia.org/resource/Lombardy>	<http://xmlns.com/foaf/0.1/depiction>	<http://commons.wikimedia.org/wiki/Special:FilePath/Monte_isola,_durante_l\u0027installazione_floating_piers,_2016,_04.jpg>
<http://dbpedia.org/resource/Lombardy>	<http://xmlns.com/foaf/0.1/depiction>	<http://commons.wikimedia.org/wiki/Special:FilePath/Panettone_vero.jpg>
<http://dbpedia.org/resource/Lombardy>	<http://xmlns.com/foaf/0.1/depiction>	<http://commons.wikimedia.org/wiki/Special:FilePath/Polenta_e_bruscitti_(2).jpg>
<http://dbpedia.org/resource/Lombardy>	<http://xmlns.com/foaf/0.1/depiction>	<http://commons.wikimedia.org/wiki/Special:FilePath/Prada_milano.jpg>
<http://dbpedia.org/resource/Lombardy>	<http://xmlns.com/foaf/0.1/depiction>	<http://commons.wikimedia.org/wiki/Special:FilePath/Redaktionsvortreffen_EuT_2_ossobuco_16.04.2011_22-59-12.2011_22-59-12.jpg>
<http://dbpedia.org/resource/Lombardy>	<http://xmlns.com/foaf/0.1/depiction>	<http://commons.wikimedia.org/wiki/Special:FilePath/Stadio_Meazza_2021.jpg>
<http://dbpedia.org/resource/Lombardy>	<http://xmlns.com/foaf/0.1/depiction>	<http://commons.wikimedia.org/wiki/Special:FilePath/051210-Sal\u00F2-Italy-Marius.jpg>
<http://dbpedia.org/resource/Lombardy>	<http://xmlns.com/foaf/0.1/depiction>	<http://commons.wikimedia.org/wiki/Special:FilePath/2014-01-01-Pavia_Certosa.jpg>
<http://dbpedia.org/resource/Lombardy>	<http://xmlns.com/foaf/0.1/depiction>	<http://commons.wikimedia.org/wiki/Special:FilePath/20160807-Pavia-002.jpg>
<http://dbpedia.org/resource/Lombardy>	<http://xmlns.com/foaf/0.1/depiction>	<http://commons.wikimedia.org/wiki/Special:FilePath/3630MilanoArcivescovado.jpg>
<http://dbpedia.org/resource/Lombardy>	<http://xmlns.com/foaf/0.1/depiction>	<http://commons.wikimedia.org/wiki/Special:FilePath/4193_-_Milano_-_Ruderi_dell\u0027Arena_romana_-_Foto_Giovanni_Dall\u0027Orto_14-July.2007.jpg>
<http://dbpedia.org/resource/Lombardy>	<http://xmlns.com/foaf/0.1/depiction>	<http://commons.wikimedia.org/wiki/Special:FilePath/5giornatemilano.jpg>
<http://dbpedia.org/resource/Lombardy>	<http://xmlns.com/foaf/0.1/depiction>	<http://commons.wikimedia.org/wiki/Special:FilePath/A_Gongonzola_from_Baci.jpg>
<http://dbpedia.org/resource/Lombardy>	<http://xmlns.com/foaf/0.1/depiction>	<http://commons.wikimedia.org/wiki/Special:FilePath/Agnolotti_pavesi_(4).jpg>
<http://dbpedia.org/resource/Lombardy>	<http://xmlns.com/foaf/0.1/depiction>	<http://commons.wikimedia.org/wiki/Special:FilePath/Aree_protette_della_Lombardia.svg>
<http://dbpedia.org/resource/Lombardy>	<http://xmlns.com/foaf/0.1/depiction>	<http://commons.wikimedia.org/wiki/Special:FilePath/Beretta_92FS_left.jpg>
<http://dbpedia.org/resource/Lombardy>	<http://xmlns.com/foaf/0.1/depiction>	<http://commons.wikimedia.org/wiki/Special:FilePath/Bergamo_Campanone_Blick_auf_die_Cattedrale_Sant\u0027Alessandro_in_Colonna_&_Basilica_di_Santa_Maria_Maggiore_1.jpg>
<http://dbpedia.org/resource/Lombardy>	<http://xmlns.com/foaf/0.1/depiction>	<http://commons.wikimedia.org/wiki/Special:FilePath/Bitto_DOP.jpg>
<http://dbpedia.org/resource/Lombardy>	<http://xmlns.com/foaf/0.1/depiction>	<http://commons.wikimedia.org/wiki/Special:FilePath/Bottiglia_e_calice_di_franciacorta.jpg>
<http://dbpedia.org/resource/Lombardy>	<http://xmlns.com/foaf/0.1/depiction>	<http://commons.wikimedia.org/wiki/Special:FilePath/Bresaola-Valt-IGP.jpg>
<http://dbpedia.org/resource/Lombardy>	<http://xmlns.com/foaf/0.1/depiction>	<http://commons.wikimedia.org/wiki/Special:FilePath/Calice_di_Franciacorta_ros%C3%A9.jpg>
<http://dbpedia.org/resource/Lombardy>	<http://xmlns.com/foaf/0.1/depiction>	<http://commons.wikimedia.org/wiki/Special:FilePath/Campo_di_riso_presso_Pavia.jpg>
<http://dbpedia.org/resource/Lombardy>	<http://xmlns.com/foaf/0.1/depiction>	<http://commons.wikimedia.org/wiki/Special:FilePath/Carlo_Porta.png>
<http://dbpedia.org/resource/Lombardy>	<http://xmlns.com/foaf/0.1/depiction>	<http://commons.wikimedia.org/wiki/Special:FilePath/Carnevale_di_Bagolino_1.jpg>
<http://dbpedia.org/resource/Lombardy>	<http://xmlns.com/foaf/0.1/depiction>	<http://commons.wikimedia.org/wiki/Special:FilePath/Casoncelli_in_una_grande_padella.jpg>
<http://dbpedia.org/resource/Lombardy>	<http://xmlns.com/foaf/0.1/depiction>	<http://commons.wikimedia.org/wiki/Special:FilePath/Cassoeula.jpg>
<http://dbpedia.org/resource/Lombardy>	<http://xmlns.com/foaf/0.1/depiction>	<http://commons.wikimedia.org/wiki/Special:FilePath/Castello_Di_San_Giorgio_Nella_Nebbia.jpg>
<http://dbpedia.org/resource/Lombardy>	<http://xmlns.com/foaf/0.1/depiction>	<http://commons.wikimedia.org/wiki/Special:FilePath/Castello_Sforzesco_(2).jpg>
<http://dbpedia.org/resource/Lombardy>	<http://xmlns.com/foaf/0.1/depiction>	<http://commons.wikimedia.org/wiki/Special:FilePath/Clusone_-_panoramio_(18).jpg>
<http://dbpedia.org/resource/Lombardy>	<http://xmlns.com/foaf/0.1/depiction>	<http://commons.wikimedia.org/wiki/Special:FilePath/Colline_moreniche_del_Lago_Garda.jpg>
<http://dbpedia.org/resource/Lombardy>	<http://xmlns.com/foaf/0.1/depiction>	<http://commons.wikimedia.org/wiki/Special:FilePath/Colomba_pasquale,_edizione_2013_-_ND0_4662_(8564331585).jpg>
<http://dbpedia.org/resource/Lombardy>	<http://xmlns.com/foaf/0.1/depiction>	<http://commons.wikimedia.org/wiki/Special:FilePath/Corsa_ippica_-_Palio_di_Legnano_2014.jpg>
<http://dbpedia.org/resource/Lombardy>	<http://xmlns.com/foaf/0.1/depiction>	<http://commons.wikimedia.org/wiki/Special:FilePath/EU_NUTS_2_Four_Motors_2016.svg>
<http://dbpedia.org/resource/Lombardy>	<http://xmlns.com/foaf/0.1/depiction>	<http://commons.wikimedia.org/wiki/Special:FilePath/Erbusco.jpg>
<http://dbpedia.org/resource/Lombardy>	<http://xmlns.com/foaf/0.1/depiction>	<http://commons.wikimedia.org/wiki/Special:FilePath/Esno4Wkmana_jul_2014_Cassnam_059.jpg>
<http://dbpedia.org/resource/Lombardy>	<http://xmlns.com/foaf/0.1/depiction>	<http://commons.wikimedia.org/wiki/Special:FilePath/Flag_of_Lombardy.svg>
<http://dbpedia.org/resource/Lombardy>	<http://xmlns.com/foaf/0.1/depiction>	<http://commons.wikimedia.org/wiki/Special:FilePath/Franciacorta_milledi.jpg>
<http://dbpedia.org/resource/Lombardy>	<http://xmlns.com/foaf/0.1/depiction>	<http://commons.wikimedia.org/wiki/Special:FilePath/Gorgonzola_1.jpg>
<http://dbpedia.org/resource/Lombardy>	<http://xmlns.com/foaf/0.1/depiction>	<http://commons.wikimedia.org/wiki/Special:FilePath/Grana_Padano_DOP_Riserva.jpg>
<http://dbpedia.org/resource/Lombardy>	<http://xmlns.com/foaf/0.1/depiction>	<http://commons.wikimedia.org/wiki/Special:FilePath/Grana_Padano_at_Eataly_in_Stockholm.jpg>
<http://dbpedia.org/resource/Lombardy>	<http://xmlns.com/foaf/0.1/depiction>	<http://commons.wikimedia.org/wiki/Special:FilePath/Insigne_Langobardiae.svg>
<http://dbpedia.org/resource/Lombardy>	<http://xmlns.com/foaf/0.1/depiction>	<http://commons.wikimedia.org/wiki/Special:FilePath/Italy_-_Sirmione_-_Scaligero_Castle.jpg>
<http://dbpedia.org/resource/Lombardy>	<http://xmlns.com/foaf/0.1/depiction>	<http://commons.wikimedia.org/wiki/Special:FilePath/Iveco_Daily_Autohaus_Muz_Glatten_Nissan.jpg>
<http://dbpedia.org/resource/Lombardy>	<http://xmlns.com/foaf/0.1/depiction>	<http://commons.wikimedia.org/wiki/Special:FilePath/Iveco_Eurocargo_2015.jpg>
<http://dbpedia.org/resource/Lombardy>	<http://xmlns.com/foaf/0.1/depiction>	<http://commons.wikimedia.org/wiki/Special:FilePath/Kingdom_of_Italy_(HRE)_-_962.png>
<http://dbpedia.org/resource/Lombardy>	<http://xmlns.com/foaf/0.1/depiction>	<http://commons.wikimedia.org/wiki/Special:FilePath/La_diga_di_Robbiate_.._Lecco.jpg>
<http://dbpedia.org/resource/Lombardy>	<http://xmlns.com/foaf/0.1/depiction>	<http://commons.wikimedia.org/wiki/Special:FilePath/Lago_Maggiore_Traghetto.jpg>
<http://dbpedia.org/resource/Lombardy>	<http://xmlns.com/foaf/0.1/depiction>	<http://commons.wikimedia.org/wiki/Special:FilePath/Lombard_Language_distribution.png>
<http://dbpedia.org/resource/Lombardy>	<http://xmlns.com/foaf/0.1/depiction>	<http://commons.wikimedia.org/wiki/Special:FilePath/Lombardia-Densita.jpg>
<http://dbpedia.org/resource/Lombardy>	<http://xmlns.com/foaf/0.1/depiction>	<http://commons.wikimedia.org/wiki/Special:FilePath/Lombardia_Como1_tango7174.jpg>
<http://dbpedia.org/resource/Lombardy>	<http://xmlns.com/foaf/0.1/depiction>	<http://commons.wikimedia.org/wiki/Special:FilePath/Lombardy_in_Italy.svg>
<http://dbpedia.org/resource/Lombardy>	<http://xmlns.com/foaf/0.1/depiction>	<http://commons.wikimedia.org/wiki/Special:FilePath/MV_Agusta_Brutale_1090_Special_Edition_%22Corse%22_%2810760160763%29.jpg>
<http://dbpedia.org/resource/Lombardy>	<http://xmlns.com/foaf/0.1/depiction>	<http://commons.wikimedia.org/wiki/Special:FilePath/MV_Agusta_Turismo_Veloce_800_HMT_2015.jpeg>
<http://dbpedia.org/resource/Lombardy>	<http://xmlns.com/foaf/0.1/depiction>	<http://commons.wikimedia.org/wiki/Special:FilePath/Maggi_Carlo_Maria.jpg>
<http://dbpedia.org/resource/Lombardy>	<http://xmlns.com/foaf/0.1/depiction>	<http://commons.wikimedia.org/wiki/Special:FilePath/Mantova_-_Piazza_Sordello.jpg>
<http://dbpedia.org/resource/Lombardy>	<http://xmlns.com/foaf/0.1/depiction>	<http://commons.wikimedia.org/wiki/Special:FilePath/Map_of_Historical_Lombardy.png>
<http://dbpedia.org/resource/Lombardy>	<http://xmlns.com/foaf/0.1/depiction>	<http://commons.wikimedia.org/wiki/Special:FilePath/Map_of_region_of_Lombardy,_Italy,_with_provinces-en.svg>
<http://dbpedia.org/resource/Lombardy>	<http://xmlns.com/foaf/0.1/depiction>	<http://commons.wikimedia.org/wiki/Special:FilePath/Mascarpone_preparato_in_casa.jpg>
<http://dbpedia.org/resource/Lombardy>	<http://xmlns.com/foaf/0.1/depiction>	<http://commons.wikimedia.org/wiki/Special:FilePath/Member_Cities_of_the_Lombard_Leagues.png>
<http://dbpedia.org/resource/Lombardy>	<http://xmlns.com/foaf/0.1/depiction>	<http://commons.wikimedia.org/wiki/Special:FilePath/Milano,_Centro_Direzionale_01.jpg>
<http://dbpedia.org/resource/Lombardy>	<http://xmlns.com/foaf/0.1/depiction>	<http://commons.wikimedia.org/wiki/Special:FilePath/Milano,_Duomo_with_Milan_Cathedral_and_Galleria_Vittorio_Emanuele_II,_2016.jpg>
<http://dbpedia.org/resource/Lombardy>	<http://xmlns.com/foaf/0.1/depiction>	<http://commons.wikimedia.org/wiki/Special:FilePath/Monza_-_Villa_Reale_di_Monza_-_02.jpg>
<http://dbpedia.org/resource/Lombardy>	<http://xmlns.com/foaf/0.1/depiction>	<http://commons.wikimedia.org/wiki/Special:FilePath/Monza_Piazza_Duomo.jpg>
<http://dbpedia.org/resource/Lombardy>	<http://xmlns.com/foaf/0.1/depiction>	<http://commons.wikimedia.org/wiki/Special:FilePath/Moto_Guzzi_V85_Atacama_Gray.jpg>
<http://dbpedia.org/resource/Lombardy>	<http://xmlns.com/foaf/0.1/depiction>	<http://commons.wikimedia.org/wiki/Special:FilePath/Municipio_-_Gromo_(Foto_Luca_Giarelli).jpg>
<http://dbpedia.org/resource/Lombardy>	<http://xmlns.com/foaf/0.1/depiction>	<http://commons.wikimedia.org/wiki/Special:FilePath/Museo_di_Santa_Giulia_chiese_Santa_Giulia_San_Salvatore_Brescia.jpg>
<http://dbpedia.org/resource/Lombardy>	<http://xmlns.com/foaf/0.1/depiction>	<http://commons.wikimedia.org/wiki/Special:FilePath/Navigli_di_Milano_Naviglio_Grande_a_Gaggiano01.jpg>
<http://dbpedia.org/resource/Lombardy>	<http://xmlns.com/foaf/0.1/depiction>	<http://commons.wikimedia.org/wiki/Special:FilePath/Origgio,_campi_e_boschi.jpg>
<http://dbpedia.org/resource/Lombardy>	<http://xmlns.com/foaf/0.1/depiction>	<http://commons.wikimedia.org/wiki/Special:FilePath/Palazzo_della_Loggia_e_piazza_Brescia.jpg>
<http://dbpedia.org/resource/Lombardy>	<http://xmlns.com/foaf/0.1/depiction>	<http://commons.wikimedia.org/wiki/Special:FilePath/Palazzo_mezzanotte_Milan_Stock_Exchange.jpg>
<http://dbpedia.org/resource/Lombardy>	<http://xmlns.com/foaf/0.1/depiction>	<http://commons.wikimedia.org/wiki/Special:FilePath/Paris_-_Salon_de_la_moto_2011_-_Moto_Guzzi_-_V7_-_001.jpg>
<http://dbpedia.org/resource/Lombardy>	<http://xmlns.com/foaf/0.1/depiction>	<http://commons.wikimedia.org/wiki/Special:FilePath/Passo_Manina_e_Coca.jpg>
<http://dbpedia.org/resource/Lombardy>	<http://xmlns.com/foaf/0.1/depiction>	<http://commons.wikimedia.org/wiki/Special:FilePath/Piazza_Gae_Aulenti_with_Palazzo_Lombardia_cropped.jpg>
<http://dbpedia.org/resource/Lombardy>	<http://xmlns.com/foaf/0.1/depiction>	<http://commons.wikimedia.org/wiki/Special:FilePath/Piazza_Lombardia_della_Regione_Lombardia_1.jpg>
<http://dbpedia.org/resource/Lombardy>	<http://xmlns.com/foaf/0.1/depiction>	<http://commons.wikimedia.org/wiki/Special:FilePath/Polenta_con_funghi.jpg>
<http://dbpedia.org/resource/Lombardy>	<http://xmlns.com/foaf/0.1/depiction>	<http://commons.wikimedia.org/wiki/Special:FilePath/Polenta_con_sopressa_e_funghi.jpg>
<http://dbpedia.org/resource/Lombardy>	<http://xmlns.com/foaf/0.1/depiction>	<http://commons.wikimedia.org/wiki/Special:FilePath/Provola_delle_Moddonie.jpg>
<http://dbpedia.org/resource/Lombardy>	<http://xmlns.com/foaf/0.1/depiction>	<http://commons.wikimedia.org/wiki/Special:FilePath/RAF_A109.jpg>
<http://dbpedia.org/resource/Lombardy>	<http://xmlns.com/foaf/0.1/depiction>	<http://commons.wikimedia.org/wiki/Special:FilePath/RSS_Valour_76mm_OTO_Melara.jpeg>
<http://dbpedia.org/resource/Lombardy>	<http://xmlns.com/foaf/0.1/depiction>	<http://commons.wikimedia.org/wiki/Special:FilePath/Remote_weapon_systems_light%2C_right_side%2C_OTO_Melara%2C_Madrid%2C_Spain%2C_2015_%28cropped%29.jpg>
<http://dbpedia.org/resource/Lombardy>	<http://xmlns.com/foaf/0.1/depiction>	<http://commons.wikimedia.org/wiki/Special:FilePath/Rosa_camuna_R24_-_Foppe_-_Nadro_(Foto_Luca_Giarelli).jpg>
<http://dbpedia.org/resource/Lombardy>	<http://xmlns.com/foaf/0.1/depiction>	<http://commons.wikimedia.org/wiki/Special:FilePath/Sabbioneta_Palazzo_Ducale_02.jpg>
<http://dbpedia.org/resource/Lombardy>	<http://xmlns.com/foaf/0.1/depiction>	<http://commons.wikimedia.org/wiki/Special:FilePath/Sacello_di_san_vittore_in_ciel_d\u0027oro,_mosaici_del_450-500_dc_ca._01.jpg>
<http://dbpedia.org/resource/Lombardy>	<http://xmlns.com/foaf/0.1/depiction>	<http://commons.wikimedia.org/wiki/Special:FilePath/Sacro_Monte_di_Varese-120-Kapelle_10-O_vos_omnes-Bogen-1985-gje.jpg>
<http://dbpedia.org/resource/Lombardy>	<http://xmlns.com/foaf/0.1/depiction>	<http://commons.wikimedia.org/wiki/Special:FilePath/Salame_di_Varzi.jpg>
<http://dbpedia.org/resource/Lombardy>	<http://xmlns.com/foaf/0.1/depiction>	<http://commons.wikimedia.org/wiki/Special:FilePath/Same_Iron_210.jpg>
<http://dbpedia.org/resource/Lombardy>	<http://xmlns.com/foaf/0.1/depiction>	<http://commons.wikimedia.org/wiki/Special:FilePath/San_michele_maggiore.jpg>
<http://dbpedia.org/resource/Lombardy>	<http://xmlns.com/foaf/0.1/depiction>	<http://commons.wikimedia.org/wiki/Special:FilePath/Scena_di_caccia_al_cervo_-_Seradina_R_12_-_Capo_di_Ponte_(Foto_Luca_Giarelli).jpg>
<http://dbpedia.org/resource/Lombardy>	<http://xmlns.com/foaf/0.1/depiction>	<http://commons.wikimedia.org/wiki/Special:FilePath/Scena_di_duello_R6_-_Foppe_-_Nadro_(Foto_Luca_Giarelli).jpg>
<http://dbpedia.org/resource/Lombardy>	<http://xmlns.com/foaf/0.1/depiction>	<http://commons.wikimedia.org/wiki/Special:FilePath/Sentiero_del_Viandante_DSC_6340_(14020554463).jpg>
<http://dbpedia.org/resource/Lombardy>	<http://xmlns.com/foaf/0.1/depiction>	<http://commons.wikimedia.org/wiki/Special:FilePath/Spl\u00FCgenpass_Nordseite.jpg>
<http://dbpedia.org/resource/Lombardy>	<http://xmlns.com/foaf/0.1/depiction>	<http://commons.wikimedia.org/wiki/Special:FilePath/Taleggio_vecchia_lavorazione_%283323694182%29.jpg>
<http://dbpedia.org/resource/Lombardy>	<http://xmlns.com/foaf/0.1/depiction>	<http://commons.wikimedia.org/wiki/Special:FilePath/Tempio_Capitolino_Piazza_del_Foro_Brescia.jpg>
<http://dbpedia.org/resource/Lombardy>	<http://xmlns.com/foaf/0.1/depiction>	<http://commons.wikimedia.org/wiki/Special:FilePath/Terminal_Linate.jpg>
<http://dbpedia.org/resource/Lombardy>	<http://xmlns.com/foaf/0.1/depiction>	<http://commons.wikimedia.org/wiki/Special:FilePath/Tortelli.jpg>
<http://dbpedia.org/resource/Lombardy>	<http://xmlns.com/foaf/0.1/depiction>	<http://commons.wikimedia.org/wiki/Special:FilePath/Umberto_Boccioni_Forme_uniche_nella_continuit\u00E0_dello_spazio_1913.jpg>
<http://dbpedia.org/resource/Lombardy>	<http://xmlns.com/foaf/0.1/depiction>	<http://commons.wikimedia.org/wiki/Special:FilePath/Val_Brembana_-_Laghi_Gemelli.jpg>
<http://dbpedia.org/resource/Lombardy>	<http://xmlns.com/foaf/0.1/depiction>	<http://commons.wikimedia.org/wiki/Special:FilePath/Visconti_XIV_century.svg>
<http://dbpedia.org/resource/Lombardy>	<http://xmlns.com/foaf/0.1/depiction>	<http://commons.wikimedia.org/wiki/Special:FilePath/Vivid.jpg>
<http://dbpedia.org/resource/Lombardy>	<http://dbpedia.org/ontology/PopulatedPlace/areaTotal>	"23844.0"^^<http://dbpedia.org/datatype/squareKilometre>
<http://dbpedia.org/resource/Lombardy>	<http://dbpedia.org/ontology/areaCode>	"IT-25"
<http://dbpedia.org/resource/Lombardy>	<http://dbpedia.org/ontology/areaTotal>	23844000000.0
<http://dbpedia.org/resource/Lombardy>	<http://dbpedia.org/ontology/country>	<http://dbpedia.org/resource/Italy>
<http://dbpedia.org/resource/Lombardy>	<http://dbpedia.org/ontology/governingBody>	<http://dbpedia.org/resource/Politics_of_Lombardy>
<http://dbpedia.org/resource/Lombardy>	<http://dbpedia.org/ontology/governmentType>	<http://dbpedia.org/resource/Semi-presidential_republic>
<http://dbpedia.org/resource/Lombardy>	<http://dbpedia.org/ontology/politicalLeader>	<http://dbpedia.org/resource/Lombardy__PoliticalFunction__1>
<http://dbpedia.org/resource/Lombardy>	<http://dbpedia.org/ontology/politicalLeader>	<http://dbpedia.org/resource/Lombardy__PoliticalFunction__2>
<http://dbpedia.org/resource/Lombardy>	<http://dbpedia.org/ontology/populationTotal>	10035481
<http://dbpedia.org/resource/Lombardy>	<http://dbpedia.org/ontology/thumbnail>	<http://commons.wikimedia.org/wiki/Special:FilePath/Flag_of_Lombardy.svg?width=300>
<http://dbpedia.org/resource/Lombardy>	<http://dbpedia.org/ontology/timeZone>	<http://dbpedia.org/resource/Central_European_Summer_Time>
<http://dbpedia.org/resource/Lombardy>	<http://dbpedia.org/ontology/timeZone>	<http://dbpedia.org/resource/Central_European_Time>
<http://dbpedia.org/resource/Lombardy>	<http://dbpedia.org/ontology/type>	<http://dbpedia.org/resource/Regions_of_Italy>
<http://dbpedia.org/resource/Lombardy>	<http://dbpedia.org/ontology/utcOffset>	"+1"
<http://dbpedia.org/resource/Lombardy>	<http://dbpedia.org/ontology/utcOffset>	"+2"
<http://dbpedia.org/resource/Lombardy>	<http://dbpedia.org/property/wikiPageUsesTemplate>	<http://dbpedia.org/resource/Template:!>
<http://dbpedia.org/resource/Lombardy>	<http://dbpedia.org/property/wikiPageUsesTemplate>	<http://dbpedia.org/resource/Template:As_of>
<http://dbpedia.org/resource/Lombardy>	<http://dbpedia.org/property/wikiPageUsesTemplate>	<http://dbpedia.org/resource/Template:Authority_control>
<http://dbpedia.org/resource/Lombardy>	<http://dbpedia.org/property/wikiPageUsesTemplate>	<http://dbpedia.org/resource/Template:Cite_journal>
<http://dbpedia.org/resource/Lombardy>	<http://dbpedia.org/property/wikiPageUsesTemplate>	<http://dbpedia.org/resource/Template:Color>
<http://dbpedia.org/resource/Lombardy>	<http://dbpedia.org/property/wikiPageUsesTemplate>	<http://dbpedia.org/resource/Template:Convert>
<http://dbpedia.org/resource/Lombardy>	<http://dbpedia.org/property/wikiPageUsesTemplate>	<http://dbpedia.org/resource/Template:Coord>
<http://dbpedia.org/resource/Lombardy>	<http://dbpedia.org/property/wikiPageUsesTemplate>	<http://dbpedia.org/resource/Template:Cvt>
<http://dbpedia.org/resource/Lombardy>	<http://dbpedia.org/property/wikiPageUsesTemplate>	<http://dbpedia.org/resource/Template:Div_col>
<http://dbpedia.org/resource/Lombardy>	<http://dbpedia.org/property/wikiPageUsesTemplate>	<http://dbpedia.org/resource/Template:Div_col_end>
<http://dbpedia.org/resource/Lombardy>	<http://dbpedia.org/property/wikiPageUsesTemplate>	<http://dbpedia.org/resource/Template:Efn>
<http://dbpedia.org/resource/Lombardy>	<http://dbpedia.org/property/wikiPageUsesTemplate>	<http://dbpedia.org/resource/Template:Flagdeco>
<http://dbpedia.org/resource/Lombardy>	<http://dbpedia.org/property/wikiPageUsesTemplate>	<http://dbpedia.org/resource/Template:Flagicon>
<http://dbpedia.org/resource/Lombardy>	<http://dbpedia.org/property/wikiPageUsesTemplate>	<http://dbpedia.org/resource/Template:Flagu>
<http://dbpedia.org/resource/Lombardy>	<http://dbpedia.org/property/wikiPageUsesTemplate>	<http://dbpedia.org/resource/Template:Further>
<http://dbpedia.org/resource/Lombardy>	<http://dbpedia.org/property/wikiPageUsesTemplate>	<http://dbpedia.org/resource/Template:Historical_populations>
<http://dbpedia.org/resource/Lombardy>	<http://dbpedia.org/property/wikiPageUsesTemplate>	<http://dbpedia.org/resource/Template:IPA>
<http://dbpedia.org/resource/Lombardy>	<http://dbpedia.org/property/wikiPageUsesTemplate>	<http://dbpedia.org/resource/Template:IPAc-en>
<http://dbpedia.org/resource/Lombardy>	<http://dbpedia.org/property/wikiPageUsesTemplate>	<http://dbpedia.org/resource/Template:Ill>
<http://dbpedia.org/resource/Lombardy>	<http://dbpedia.org/property/wikiPageUsesTemplate>	<http://dbpedia.org/resource/Template:Infobox_settlement>
<http://dbpedia.org/resource/Lombardy>	<http://dbpedia.org/property/wikiPageUsesTemplate>	<http://dbpedia.org/resource/Template:Italy_topics>
<http://dbpedia.org/resource/Lombardy>	<http://dbpedia.org/property/wikiPageUsesTemplate>	<http://dbpedia.org/resource/Template:JSTOR>
<http://dbpedia.org/resource/Lombardy>	<http://dbpedia.org/property/wikiPageUsesTemplate>	<http://dbpedia.org/resource/Template:Langx>
<http://dbpedia.org/resource/Lombardy>	<http://dbpedia.org/property/wikiPageUsesTemplate>	<http://dbpedia.org/resource/Template:Largest_cities>
<http://dbpedia.org/resource/Lombardy>	<http://dbpedia.org/property/wikiPageUsesTemplate>	<http://dbpedia.org/resource/Template:Legend>
<http://dbpedia.org/resource/Lombardy>	<http://dbpedia.org/property/wikiPageUsesTemplate>	<http://dbpedia.org/resource/Template:Lombardy>
<http://dbpedia.org/resource/Lombardy>	<http://dbpedia.org/property/wikiPageUsesTemplate>	<http://dbpedia.org/resource/Template:Main>
<http://dbpedia.org/resource/Lombardy>	<http://dbpedia.org/property/wikiPageUsesTemplate>	<http://dbpedia.org/resource/Template:Multiple_image>
<http://dbpedia.org/resource/Lombardy>	<http://dbpedia.org/property/wikiPageUsesTemplate>	<http://dbpedia.org/resource/Template:Native_name>
<http://dbpedia.org/resource/Lombardy>	<http://dbpedia.org/property/wikiPageUsesTemplate>	<http://dbpedia.org/resource/Template:Nbsp>
<http://dbpedia.org/resource/Lombardy>	<http://dbpedia.org/property/wikiPageUsesTemplate>	<http://dbpedia.org/resource/Template:Notelist>
<http://dbpedia.org/resource/Lombardy>	<http://dbpedia.org/property/wikiPageUsesTemplate>	<http://dbpedia.org/resource/Template:Other_uses>
<http://dbpedia.org/resource/Lombardy>	<http://dbpedia.org/property/wikiPageUsesTemplate>	<http://dbpedia.org/resource/Template:Reflist>
<http://dbpedia.org/resource/Lombardy>	<http://dbpedia.org/property/wikiPageUsesTemplate>	<http://dbpedia.org/resource/Template:Regions_of_Italy>
<http://dbpedia.org/resource/Lombardy>	<http://dbpedia.org/property/wikiPageUsesTemplate>	<http://dbpedia.org/resource/Template:Respell>
<http://dbpedia.org/resource/Lombardy>	<http://dbpedia.org/property/wikiPageUsesTemplate>	<http://dbpedia.org/resource/Template:See_also>
<http://dbpedia.org/resource/Lombardy>	<http://dbpedia.org/property/wikiPageUsesTemplate>	<http://dbpedia.org/resource/Template:Short_description>
<http://dbpedia.org/resource/Lombardy>	<http://dbpedia.org/property/wikiPageUsesTemplate>	<http://dbpedia.org/resource/Template:Sister_bar>
<http://dbpedia.org/resource/Lombardy>	<http://dbpedia.org/property/wikiPageUsesTemplate>	<http://dbpedia.org/resource/Template:TOC_limit>
<http://dbpedia.org/resource/Lombardy>	<http://dbpedia.org/property/wikiPageUsesTemplate>	<http://dbpedia.org/resource/Template:Transliteration>
<http://dbpedia.org/resource/Lombardy>	<http://dbpedia.org/property/wikiPageUsesTemplate>	<http://dbpedia.org/resource/Template:URL>
<http://dbpedia.org/resource/Lombardy>	<http://dbpedia.org/property/wikiPageUsesTemplate>	<http://dbpedia.org/resource/Template:Ubli>
<http://dbpedia.org/resource/Lombardy>	<http://dbpedia.org/property/wikiPageUsesTemplate>	<http://dbpedia.org/resource/Template:Use_British_English>
<http://dbpedia.org/resource/Lombardy>	<http://dbpedia.org/property/wikiPageUsesTemplate>	<http://dbpedia.org/resource/Template:Use_dmy_dates>
<http://dbpedia.org/resource/Lombardy>	<http://dbpedia.org/property/wikiPageUsesTemplate>	<http://dbpedia.org/resource/Template:Sectionrefimprove>
<http://dbpedia.org/resource/Lombardy>	<http://dbpedia.org/property/areaTotalKm>	23844
<http://dbpedia.org/resource/Lombardy>	<http://dbpedia.org/property/blankInfoSec>	"ITC"@en
<http://dbpedia.org/resource/Lombardy>	<http://dbpedia.org/property/blankNameSec>	<http://dbpedia.org/resource/First-level_NUTS_of_the_European_Union>
<http://dbpedia.org/resource/Lombardy>	<http://dbpedia.org/property/city>	"Milan"@en
<http://dbpedia.org/resource/Lombardy>	<http://dbpedia.org/property/city>	"Como"@en
<http://dbpedia.org/resource/Lombardy>	<http://dbpedia.org/property/city>	"Brescia"@en
<http://dbpedia.org/resource/Lombardy>	<http://dbpedia.org/property/city>	"Cremona"@en
<http://dbpedia.org/resource/Lombardy>	<http://dbpedia.org/property/city>	"Varese"@en
<http://dbpedia.org/resource/Lombardy>	<http://dbpedia.org/property/city>	"Vigevano"@en
<http://dbpedia.org/resource/Lombardy>	<http://dbpedia.org/property/city>	"Lecco"@en
<http://dbpedia.org/resource/Lombardy>	<http://dbpedia.org/property/city>	"Mantua"@en
<http://dbpedia.org/resource/Lombardy>	<http://dbpedia.org/property/city>	"Monza"@en
<http://dbpedia.org/resource/Lombardy>	<http://dbpedia.org/property/city>	"Bergamo"@en
<http://dbpedia.org/resource/Lombardy>	<http://dbpedia.org/property/city>	"Busto Arsizio"@en
<http://dbpedia.org/resource/Lombardy>	<http://dbpedia.org/property/city>	"Cinisello Balsamo"@en
<http://dbpedia.org/resource/Lombardy>	<http://dbpedia.org/property/city>	"Cologno Monzese"@en
<http://dbpedia.org/resource/Lombardy>	<http://dbpedia.org/property/city>	"Gallarate"@en
<http://dbpedia.org/resource/Lombardy>	<http://dbpedia.org/property/city>	"Legnano"@en
<http://dbpedia.org/resource/Lombardy>	<http://dbpedia.org/property/city>	"Lissone"@en
<http://dbpedia.org/resource/Lombardy>	<http://dbpedia.org/property/city>	"Paderno Dugnano"@en
<http://dbpedia.org/resource/Lombardy>	<http://dbpedia.org/property/city>	"Pavia"@en
<http://dbpedia.org/resource/Lombardy>	<http://dbpedia.org/property/city>	"Sesto San Giovanni"@en
<http://dbpedia.org/resource/Lombardy>	<http://dbpedia.org/property/city>	"Rho, ItalyRho"@en
<http://dbpedia.org/resource/Lombardy>	<http://dbpedia.org/property/demographics2Info>	"4.4E11"^^<http://dbpedia.org/datatype/euro>
<http://dbpedia.org/resource/Lombardy>	<http://dbpedia.org/property/demographics2Info>	"44000.0"^^<http://dbpedia.org/datatype/euro>
<http://dbpedia.org/resource/Lombardy>	<http://dbpedia.org/property/demographics2Title>	"Total"@en
<http://dbpedia.org/resource/Lombardy>	<http://dbpedia.org/property/demographics2Title>	"Per capita"@en
<http://dbpedia.org/resource/Lombardy>	<http://dbpedia.org/property/div>	"Metropolitan City of Milan Milan"@en
<http://dbpedia.org/resource/Lombardy>	<http://dbpedia.org/property/div>	"Metropolitan City of MilanMilan"@en
<http://dbpedia.org/resource/Lombardy>	<http://dbpedia.org/property/div>	"Province of BergamoBergamo"@en
<http://dbpedia.org/resource/Lombardy>	<http://dbpedia.org/property/div>	"Province of BresciaBrescia"@en
<http://dbpedia.org/resource/Lombardy>	<http://dbpedia.org/property/div>	"Province of ComoComo"@en
<http://dbpedia.org/resource/Lombardy>	<http://dbpedia.org/property/div>	"Province of CremonaCremona"@en
<http://dbpedia.org/resource/Lombardy>	<http://dbpedia.org/property/div>	"Province of LeccoLecco"@en
<http://dbpedia.org/resource/Lombardy>	<http://dbpedia.org/property/div>	"Province of MantuaMantua"@en
<http://dbpedia.org/resource/Lombardy>	<http://dbpedia.org/property/div>	"Province of Monza e BrianzaMonza"@en
<http://dbpedia.org/resource/Lombardy>	<http://dbpedia.org/property/div>	"Province of PaviaPavia"@en
<http://dbpedia.org/resource/Lombardy>	<http://dbpedia.org/property/div>	"Province of Varese Varese"@en
<http://dbpedia.org/resource/Lombardy>	<http://dbpedia.org/property/div>	"Province of VareseVarese"@en
<http://dbpedia.org/resource/Lombardy>	<http://dbpedia.org/property/divLink>	"Provinces of ItalyProvince"@en
<http://dbpedia.org/resource/Lombardy>	<http://dbpedia.org/property/governingBody>	<http://dbpedia.org/resource/Politics_of_Lombardy>
<http://dbpedia.org/resource/Lombardy>	<http://dbpedia.org/property/governmentType>	<http://dbpedia.org/resource/Semi-presidential_republic>
<http://dbpedia.org/resource/Lombardy>	<http://dbpedia.org/property/imageFlag>	"Flag of Lombardy.svg"@en
<http://dbpedia.org/resource/Lombardy>	<http://dbpedia.org/property/imageMap>	"Lombardy in Italy.svg"@en
<http://dbpedia.org/resource/Lombardy>	<http://dbpedia.org/property/img>	"Monza Piazza Duomo.jpg"@en
<http://dbpedia.org/resource/Lombardy>	<http://dbpedia.org/property/img>	"Palazzo della Loggia e piazza Brescia.jpg"@en
<http://dbpedia.org/resource/Lombardy>	<http://dbpedia.org/property/img>	"Milano, Duomo with Milan Cathedral and Galleria Vittorio Emanuele II, 2016.jpg"@en
<http://dbpedia.org/resource/Lombardy>	<http://dbpedia.org/property/img>	"Bergamo Campanone Blick auf die Cattedrale Sant'Alessandro in Colonna & Basilica di Santa Maria Maggiore 1.jpg"@en
<http://dbpedia.org/resource/Lombardy>	<http://dbpedia.org/property/leaderName>	<http://dbpedia.org/resource/Attilio_Fontana>
<http://dbpedia.org/resource/Lombardy>	<http://dbpedia.org/property/leaderName>	<http://dbpedia.org/resource/Regional_Council_of_Lombardy>
<http://dbpedia.org/resource/Lombardy>	<http://dbpedia.org/property/leaderTitle>	"Legislature"@en
<http://dbpedia.org/resource/Lombardy>	<http://dbpedia.org/property/leaderTitle>	"President"@en
<http://dbpedia.org/resource/Lombardy>	<http://dbpedia.org/property/pop>	46445
<http://dbpedia.org/resource/Lombardy>	<http://dbpedia.org/property/pop>	47467
<http://dbpedia.org/resource/Lombardy>	<http://dbpedia.org/property/pop>	48030
<http://dbpedia.org/resource/Lombardy>	<http://dbpedia.org/property/pop>	48173
<http://dbpedia.org/resource/Lombardy>	<http://dbpedia.org/property/pop>	49440
<http://dbpedia.org/resource/Lombardy>	<http://dbpedia.org/property/pop>	51323
<http://dbpedia.org/resource/Lombardy>	<http://dbpedia.org/property/pop>	53934
<http://dbpedia.org/resource/Lombardy>	<http://dbpedia.org/property/pop>	60336
<http://dbpedia.org/resource/Lombardy>	<http://dbpedia.org/property/pop>	63623
<http://dbpedia.org/resource/Lombardy>	<http://dbpedia.org/property/pop>	72672
<http://dbpedia.org/resource/Lombardy>	<http://dbpedia.org/property/pop>	73334
<http://dbpedia.org/resource/Lombardy>	<http://dbpedia.org/property/pop>	76264
<http://dbpedia.org/resource/Lombardy>	<http://dbpedia.org/property/pop>	80645
<http://dbpedia.org/resource/Lombardy>	<http://dbpedia.org/property/pop>	81841
<http://dbpedia.org/resource/Lombardy>	<http://dbpedia.org/property/pop>	83909
<http://dbpedia.org/resource/Lombardy>	<http://dbpedia.org/property/pop>	85915
<http://dbpedia.org/resource/Lombardy>	<http://dbpedia.org/property/pop>	121178
<http://dbpedia.org/resource/Lombardy>	<http://dbpedia.org/property/pop>	124051
<http://dbpedia.org/resource/Lombardy>	<http://dbpedia.org/property/pop>	199597
<http://dbpedia.org/resource/Lombardy>	<http://dbpedia.org/property/pop>	1396059
<http://dbpedia.org/resource/Lombardy>	<http://dbpedia.org/property/populationAsOf>	2025
<http://dbpedia.org/resource/Lombardy>	<http://dbpedia.org/property/populationDensityKm>	"auto"@en
<http://dbpedia.org/resource/Lombardy>	<http://dbpedia.org/property/seat>	<http://dbpedia.org/resource/Milan>
<http://dbpedia.org/resource/Lombardy>	<http://dbpedia.org/property/seatType>	"Capital"@en
<http://dbpedia.org/resource/Lombardy>	<http://dbpedia.org/property/statRef>	"--12-31"^^<http://www.w3.org/2001/XMLSchema#gMonthDay>
<http://dbpedia.org/resource/Lombardy>	<http://dbpedia.org/property/timezone>	<http://dbpedia.org/resource/Central_European_Time>
<http://dbpedia.org/resource/Lombardy>	<http://dbpedia.org/property/timezone1Dst>	<http://dbpedia.org/resource/Central_European_Summer_Time>
<http://dbpedia.org/resource/Lombardy>	<http://dbpedia.org/property/utcOffset>	"+1"@en
<http://dbpedia.org/resource/Lombardy>	<http://dbpedia.org/property/utcOffset1Dst>	"+2"@en
<http://dbpedia.org/resource/Lombardy>	<http://dbpedia.org/property/blank2InfoSec>	0.92
<http://dbpedia.org/resource/Lombardy>	<http://dbpedia.org/property/blank2InfoSec>	"· 4th of 21"@en
<http://dbpedia.org/resource/Lombardy>	<http://dbpedia.org/property/blank2NameSec>	<http://dbpedia.org/resource/Human_Development_Index>
<http://dbpedia.org/resource/Lombardy>	<http://dbpedia.org/property/shieldSize>	60
<http://dbpedia.org/resource/Lombardy>	<http://dbpedia.org/property/imageShield>	"Insigne Langobardiae.svg"@en
<http://dbpedia.org/resource/Lombardy>	<http://dbpedia.org/property/populationTotal>	10035481
<http://dbpedia.org/resource/Lombardy>	<http://www.w3.org/ns/prov#wasDerivedFrom>	<http://en.wikipedia.org/wiki/Lombardy?oldid=1309569960&ns=0>
<http://dbpedia.org/resource/Lombardy>	<http://dbpedia.org/property/align>	"right"@en
<http://dbpedia.org/resource/Lombardy>	<http://dbpedia.org/property/caption>	"Fiera Milano, the most important trade fair organiser in Italy and the world's fourth largest"@en
<http://dbpedia.org/resource/Lombardy>	<http://dbpedia.org/property/caption>	"The skyscrapers of Porta Nuova business district in Milan"@en
<http://dbpedia.org/resource/Lombardy>	<http://dbpedia.org/property/caption>	"Fog at the Visconti Castle of Legnano"@en
<http://dbpedia.org/resource/Lombardy>	<http://dbpedia.org/property/caption>	"Naviglio Grande in Gaggiano"@en
<http://dbpedia.org/resource/Lombardy>	<http://dbpedia.org/property/caption>	"Ponte Coperto in Pavia over the Ticino river"@en
<http://dbpedia.org/resource/Lombardy>	<http://dbpedia.org/property/caption>	"An olive tree on the shores of Lake Garda. On Lake Garda, there is a \"Mediterranean\" microclimate which allows the cultivation of olive trees and the production of olive oil."@en
<http://dbpedia.org/resource/Lombardy>	<http://dbpedia.org/property/image>	51210
<http://dbpedia.org/resource/Lombardy>	<http://dbpedia.org/property/image>	20160807
<http://dbpedia.org/resource/Lombardy>	<http://dbpedia.org/property/image>	"Castello Di San Giorgio Nella Nebbia.jpg"@en
<http://dbpedia.org/resource/Lombardy>	<http://dbpedia.org/property/image>	"Fieramilano Rho Pero improved version.jpg"@en
<http://dbpedia.org/resource/Lombardy>	<http://dbpedia.org/property/image>	"Milan Porta Nuova business district by night.jpg"@en
<http://dbpedia.org/resource/Lombardy>	<http://dbpedia.org/property/image>	"Navigli di Milano Naviglio Grande a Gaggiano01.jpg"@en
<http://dbpedia.org/resource/Lombardy>	<http://dbpedia.org/property/width>	170
<http://dbpedia.org/resource/Lombardy>	<http://dbpedia.org/property/width>	190
<http://dbpedia.org/resource/Lombardy>	<http://dbpedia.org/property/width>	210
<http://dbpedia.org/resource/Lombardy>	<http://dbpedia.org/property/country>	"Lombardy"@en
<http://dbpedia.org/resource/Lombardy>	<http://www.georss.org/georss/point>	"45.583333333333336 9.916666666666666"
<http://dbpedia.org/resource/Lombardy>	<http://dbpedia.org/property/areaCode>	"IT-25"@en
<http://dbpedia.org/resource/Lombardy>	<http://dbpedia.org/property/demographicsType>	"GDP"@en
<http://dbpedia.org/resource/Lombardy>	<http://dbpedia.org/property/leaderParty>	<http://dbpedia.org/resource/Lega_Nord>
<http://dbpedia.org/resource/Lombardy>	<http://dbpedia.org/property/subdivisionName>	"Italy"@en
<http://dbpedia.org/resource/Lombardy>	<http://dbpedia.org/property/settlementType>	<http://dbpedia.org/resource/Regions_of_Italy>
<http://dbpedia.org/resource/Lombardy>	<http://dbpedia.org/property/subdivisionType>	"Country"@en
<http://dbpedia.org/resource/Lombardy>	<http://purl.org/linguistics/gold/hypernym>	<http://dbpedia.org/resource/Regions>
<http://dbpedia.org/resource/Lombardy>	<http://xmlns.com/foaf/0.1/isPrimaryTopicOf>	<http://en.wikipedia.org/wiki/Lombardy>
<http://dbpedia.org/resource/Lombardy>	<http://www.w3.org/2003/01/geo/wgs84_pos#geometry>	"POINT(9.9166669845581 45.583332061768)"^^<http://www.opengis.net/ont/geosparql#wktLiteral>
