"s","ID","nome","starttime","endTime"
"https://w3id.org/italia/controlled-vocabulary/territorial-classifications/cities/016111-(1948-01-26)","016111","GAZZANIGA",1948-01-26,9999-12-31
"https://w3id.org/italia/controlled-vocabulary/territorial-classifications/cities/018080-(1963-06-21)","018080","LARDIRAGO",1963-06-21,9999-12-31
"https://w3id.org/italia/controlled-vocabulary/territorial-classifications/cities/018088-(1948-01-01)","018088","MEDE",1948-01-01,9999-12-31
"https://w3id.org/italia/controlled-vocabulary/territorial-classifications/cities/097024-(1995-01-01)","097024","COLLE BRIANZA",1995-01-01,9999-12-31
"https://w3id.org/italia/controlled-vocabulary/territorial-classifications/cities/017130-(1948-01-01)","017130","PADERNO FRANCIACORTA",1948-01-01,9999-12-31
"https://w3id.org/italia/controlled-vocabulary/territorial-classifications/cities/018040-(1948-01-01)","018040","CASTELNOVETTO",1948-01-01,9999-12-31
"https://w3id.org/italia/controlled-vocabulary/territorial-classifications/cities/017196-(1948-05-12)","017196","VEROLAVECCHIA",1948-05-12,9999-12-31
"https://w3id.org/italia/controlled-vocabulary/territorial-classifications/cities/019114-(1948-01-01)","019114","VOLONGO",1948-01-01,9999-12-31
"https://w3id.org/italia/controlled-vocabulary/territorial-classifications/cities/016185-(1948-01-01)","016185","RONCOLA",1948-01-01,9999-12-31
"https://w3id.org/italia/controlled-vocabulary/territorial-classifications/cities/012133-(1950-12-24)","012133","VARESE",1950-12-24,9999-12-31
"https://w3id.org/italia/controlled-vocabulary/territorial-classifications/cities/013101-(1948-01-01)","013101","FIGINO SERENZA",1948-01-01,9999-12-31
"https://w3id.org/italia/controlled-vocabulary/territorial-classifications/cities/015007-(2015-01-01)","015007","ARCONATE",2015-01-01,9999-12-31
"https://w3id.org/italia/controlled-vocabulary/territorial-classifications/cities/015106-(2015-01-01)","015106","GESSATE",2015-01-01,9999-12-31
"https://w3id.org/italia/controlled-vocabulary/territorial-classifications/cities/017036-(1948-01-01)","017036","CAPOVALLE",1948-01-01,9999-12-31
"https://w3id.org/italia/controlled-vocabulary/territorial-classifications/cities/012005-(1948-03-31)","012005","ARSAGO SEPRIO",1948-03-31,9999-12-31
"https://w3id.org/italia/controlled-vocabulary/territorial-classifications/cities/012014-(1948-01-01)","012014","BIANDRONNO",1948-01-01,9999-12-31
"https://w3id.org/italia/controlled-vocabulary/territorial-classifications/cities/012038-(1948-01-01)","012038","CASCIAGO",1948-01-01,9999-12-31
"https://w3id.org/italia/controlled-vocabulary/territorial-classifications/cities/012048-(1948-01-01)","012048","CAVARIA CON PREMEZZO",1948-01-01,9999-12-31
"https://w3id.org/italia/controlled-vocabulary/territorial-classifications/cities/012058-(1985-03-05)","012058","CUASSO AL MONTE",1985-03-05,9999-12-31
"https://w3id.org/italia/controlled-vocabulary/territorial-classifications/cities/012063-(1970-01-11)","012063","CUVIO",1970-01-11,9999-12-31
"https://w3id.org/italia/controlled-vocabulary/territorial-classifications/cities/012068-(1948-01-01)","012068","FERNO",1948-01-01,9999-12-31
"https://w3id.org/italia/controlled-vocabulary/territorial-classifications/cities/012069-(1997-07-26)","012069","FERRERA DI VARESE",1997-07-26,9999-12-31
"https://w3id.org/italia/controlled-vocabulary/territorial-classifications/cities/012078-(1948-01-01)","012078","GORLA MAGGIORE",1948-01-01,9999-12-31
"https://w3id.org/italia/controlled-vocabulary/territorial-classifications/cities/012091-(1948-01-01)","012091","LOZZA",1948-01-01,9999-12-31
"https://w3id.org/italia/controlled-vocabulary/territorial-classifications/cities/012108-(1948-01-01)","012108","OLGIATE OLONA",1948-01-01,9999-12-31
"https://w3id.org/italia/controlled-vocabulary/territorial-classifications/cities/012116-(1957-01-25)","012116","RANCO",1957-01-25,9999-12-31
"https://w3id.org/italia/controlled-vocabulary/territorial-classifications/cities/012118-(1948-01-01)","012118","SAMARATE",1948-01-01,9999-12-31
"https://w3id.org/italia/controlled-vocabulary/territorial-classifications/cities/012126-(1948-01-01)","012126","TERNATE",1948-01-01,9999-12-31
"https://w3id.org/italia/controlled-vocabulary/territorial-classifications/cities/012128-(1948-01-01)","012128","TRAVEDONA-MONATE",1948-01-01,9999-12-31
"https://w3id.org/italia/controlled-vocabulary/territorial-classifications/cities/012131-(1948-01-01)","012131","VALGANNA",1948-01-01,9999-12-31
"https://w3id.org/italia/controlled-vocabulary/territorial-classifications/cities/013011-(1948-01-01)","013011","ARGEGNO",1948-01-01,9999-12-31
"https://w3id.org/italia/controlled-vocabulary/territorial-classifications/cities/013025-(1948-01-01)","013025","BLESSAGNO",1948-01-01,9999-12-31
"https://w3id.org/italia/controlled-vocabulary/territorial-classifications/cities/013035-(1948-01-01)","013035","CABIATE",1948-01-01,9999-12-31
"https://w3id.org/italia/controlled-vocabulary/territorial-classifications/cities/013043-(1948-01-01)","013043","CAPIAGO INTIMIANO",1948-01-01,9999-12-31
"https://w3id.org/italia/controlled-vocabulary/territorial-classifications/cities/013053-(1948-01-01)","013053","CASNATE CON BERNATE",1948-01-01,9999-12-31
"https://w3id.org/italia/controlled-vocabulary/territorial-classifications/cities/013055-(1948-01-01)","013055","CASSINA RIZZARDI",1948-01-01,9999-12-31
"https://w3id.org/italia/controlled-vocabulary/territorial-classifications/cities/013063-(1948-01-01)","013063","CERANO D'INTELVI",1948-01-01,9999-12-31
"https://w3id.org/italia/controlled-vocabulary/territorial-classifications/cities/013083-(1948-01-01)","013083","CREMIA",1948-01-01,9999-12-31
"https://w3id.org/italia/controlled-vocabulary/territorial-classifications/cities/013087-(1948-01-01)","013087","DIZZASCO",1948-01-01,9999-12-31
"https://w3id.org/italia/controlled-vocabulary/territorial-classifications/cities/013097-(1948-01-01)","013097","EUPILIO",1948-01-01,9999-12-31
"https://w3id.org/italia/controlled-vocabulary/territorial-classifications/cities/013111-(1950-04-05)","013111","GRANDOLA ED UNITI",1950-04-05,9999-12-31
"https://w3id.org/italia/controlled-vocabulary/territorial-classifications/cities/013113-(1948-01-01)","013113","GRIANTE",1948-01-01,9999-12-31
"https://w3id.org/italia/controlled-vocabulary/territorial-classifications/cities/013123-(1948-01-01)","013123","LASNIGO",1948-01-01,9999-12-31
"https://w3id.org/italia/controlled-vocabulary/territorial-classifications/cities/013131-(1950-04-05)","013131","LOCATE VARESINO",1950-04-05,9999-12-31
"https://w3id.org/italia/controlled-vocabulary/territorial-classifications/cities/013143-(1948-01-01)","013143","MARIANO COMENSE",1948-01-01,9999-12-31
"https://w3id.org/italia/controlled-vocabulary/territorial-classifications/cities/013147-(1948-01-01)","013147","MERONE",1948-01-01,9999-12-31
"https://w3id.org/italia/controlled-vocabulary/territorial-classifications/cities/013157-(1948-01-01)","013157","MONTORFANO",1948-01-01,9999-12-31
"https://w3id.org/italia/controlled-vocabulary/territorial-classifications/cities/013165-(1948-01-01)","013165","OLGIATE COMASCO",1948-01-01,9999-12-31
"https://w3id.org/italia/controlled-vocabulary/territorial-classifications/cities/013185-(1948-01-01)","013185","PLESIO",1948-01-01,9999-12-31
"https://w3id.org/italia/controlled-vocabulary/territorial-classifications/cities/013195-(1948-01-01)","013195","REZZAGO",1948-01-01,9999-12-31
"https://w3id.org/italia/controlled-vocabulary/territorial-classifications/cities/013201-(1982-02-06)","013201","ROVELLASCA",1982-02-06,9999-12-31
"https://w3id.org/italia/controlled-vocabulary/territorial-classifications/cities/013211-(1948-01-01)","013211","SCHIGNANO",1948-01-01,9999-12-31
"https://w3id.org/italia/controlled-vocabulary/territorial-classifications/cities/014005-(1999-07-27)","014005","ARDENNO",1999-07-27,9999-12-31
"https://w3id.org/italia/controlled-vocabulary/territorial-classifications/cities/014007-(1948-01-01)","014007","BERBENNO DI VALTELLINA",1948-01-01,9999-12-31
"https://w3id.org/italia/controlled-vocabulary/territorial-classifications/cities/014015-(1948-01-01)","014015","CASTIONE ANDEVENNO",1948-01-01,9999-12-31
"https://w3id.org/italia/controlled-vocabulary/territorial-classifications/cities/014017-(1948-01-01)","014017","CERCINO",1948-01-01,9999-12-31
"https://w3id.org/italia/controlled-vocabulary/territorial-classifications/cities/014020-(1948-01-01)","014020","CHIURO",1948-01-01,9999-12-31
"https://w3id.org/italia/controlled-vocabulary/territorial-classifications/cities/014027-(1948-01-01)","014027","DUBINO",1948-01-01,9999-12-31
"https://w3id.org/italia/controlled-vocabulary/territorial-classifications/cities/014029-(1999-07-27)","014029","FORCOLA",1999-07-27,9999-12-31
"https://w3id.org/italia/controlled-vocabulary/territorial-classifications/cities/014030-(1948-01-01)","014030","FUSINE",1948-01-01,9999-12-31
"https://w3id.org/italia/controlled-vocabulary/territorial-classifications/cities/014040-(1948-01-01)","014040","MAZZO DI VALTELLINA",1948-01-01,9999-12-31
"https://w3id.org/italia/controlled-vocabulary/territorial-classifications/cities/014049-(1948-01-01)","014049","PIATEDA",1948-01-01,9999-12-31
"https://w3id.org/italia/controlled-vocabulary/territorial-classifications/cities/014050-(1948-01-01)","014050","PIURO",1948-01-01,9999-12-31
"https://w3id.org/italia/controlled-vocabulary/territorial-classifications/cities/014059-(1948-01-01)","014059","SERNIO",1948-01-01,9999-12-31
"https://w3id.org/italia/controlled-vocabulary/territorial-classifications/cities/014060-(1948-01-01)","014060","SONDALO",1948-01-01,9999-12-31
"https://w3id.org/italia/controlled-vocabulary/territorial-classifications/cities/014069-(1948-01-01)","014069","TRAONA",1948-01-01,9999-12-31
"https://w3id.org/italia/controlled-vocabulary/territorial-classifications/cities/014074-(1948-01-01)","014074","VAL MASINO",1948-01-01,9999-12-31
"https://w3id.org/italia/controlled-vocabulary/territorial-classifications/cities/015005-(2015-01-01)","015005","ALBAIRATE",2015-01-01,9999-12-31
"https://w3id.org/italia/controlled-vocabulary/territorial-classifications/cities/015015-(2015-01-01)","015015","BASIGLIO",2015-01-01,9999-12-31
"https://w3id.org/italia/controlled-vocabulary/territorial-classifications/cities/015035-(2015-01-01)","015035","BUBBIANO",2015-01-01,9999-12-31
"https://w3id.org/italia/controlled-vocabulary/territorial-classifications/cities/015077-(2015-01-01)","015077","CINISELLO BALSAMO",2015-01-01,9999-12-31
"https://w3id.org/italia/controlled-vocabulary/territorial-classifications/cities/015087-(2015-01-01)","015087","CORNAREDO",2015-01-01,9999-12-31
"https://w3id.org/italia/controlled-vocabulary/territorial-classifications/cities/015097-(2015-01-01)","015097","CUSAGO",2015-01-01,9999-12-31
"https://w3id.org/italia/controlled-vocabulary/territorial-classifications/cities/015103-(2015-01-01)","015103","GAGGIANO",2015-01-01,9999-12-31
"https://w3id.org/italia/controlled-vocabulary/territorial-classifications/cities/015113-(2015-01-01)","015113","INVERUNO",2015-01-01,9999-12-31
"https://w3id.org/italia/controlled-vocabulary/territorial-classifications/cities/015155-(2015-01-01)","015155","NOSATE",2015-01-01,9999-12-31
"https://w3id.org/italia/controlled-vocabulary/territorial-classifications/cities/015157-(2015-01-01)","015157","NOVATE MILANESE",2015-01-01,9999-12-31
"https://w3id.org/italia/controlled-vocabulary/territorial-classifications/cities/015165-(2015-01-01)","015165","OZZERO",2015-01-01,9999-12-31
"https://w3id.org/italia/controlled-vocabulary/territorial-classifications/cities/015175-(2015-01-01)","015175","PIOLTELLO",2015-01-01,9999-12-31
"https://w3id.org/italia/controlled-vocabulary/territorial-classifications/cities/015185-(2015-01-01)","015185","RODANO",2015-01-01,9999-12-31
"https://w3id.org/italia/controlled-vocabulary/territorial-classifications/cities/015189-(2015-01-01)","015189","ROZZANO",2015-01-01,9999-12-31
"https://w3id.org/italia/controlled-vocabulary/territorial-classifications/cities/015195-(2015-01-01)","015195","SAN GIULIANO MILANESE",2015-01-01,9999-12-31
"https://w3id.org/italia/controlled-vocabulary/territorial-classifications/cities/015201-(2015-01-01)","015201","SAN VITTORE OLONA",2015-01-01,9999-12-31
"https://w3id.org/italia/controlled-vocabulary/territorial-classifications/cities/015205-(2015-01-01)","015205","SEGRATE",2015-01-01,9999-12-31
"https://w3id.org/italia/controlled-vocabulary/territorial-classifications/cities/015243-(2015-01-01)","015243","VITTUONE",2015-01-01,9999-12-31
"https://w3id.org/italia/controlled-vocabulary/territorial-classifications/cities/016008-(1948-01-01)","016008","ALZANO LOMBARDO",1948-01-01,9999-12-31
"https://w3id.org/italia/controlled-vocabulary/territorial-classifications/cities/016024-(2010-02-13)","016024","BERGAMO",2010-02-13,9999-12-31
"https://w3id.org/italia/controlled-vocabulary/territorial-classifications/cities/016028-(1948-01-01)","016028","BOLGARE",1948-01-01,9999-12-31
"https://w3id.org/italia/controlled-vocabulary/territorial-classifications/cities/016031-(1948-01-01)","016031","BONATE SOTTO",1948-01-01,9999-12-31
"https://w3id.org/italia/controlled-vocabulary/territorial-classifications/cities/016041-(1948-01-01)","016041","BRUMANO",1948-01-01,9999-12-31
"https://w3id.org/italia/controlled-vocabulary/territorial-classifications/cities/016061-(1948-01-01)","016061","CASSIGLIO",1948-01-01,9999-12-31
"https://w3id.org/italia/controlled-vocabulary/territorial-classifications/cities/016067-(1960-02-13)","016067","CAZZANO SANT'ANDREA",1960-02-13,9999-12-31
"https://w3id.org/italia/controlled-vocabulary/territorial-classifications/cities/016071-(1948-01-01)","016071","CERETE",1948-01-01,9999-12-31
"https://w3id.org/italia/controlled-vocabulary/territorial-classifications/cities/016075-(1948-01-01)","016075","CISERANO",1948-01-01,9999-12-31
"https://w3id.org/italia/controlled-vocabulary/territorial-classifications/cities/016085-(1948-01-01)","016085","COSTA VALLE IMAGNA",1948-01-01,9999-12-31
"https://w3id.org/italia/controlled-vocabulary/territorial-classifications/cities/016102-(1948-04-23)","016102","FONTENO",1948-04-23,9999-12-31
"https://w3id.org/italia/controlled-vocabulary/territorial-classifications/cities/016106-(1948-01-01)","016106","FUIPIANO VALLE IMAGNA",1948-01-01,9999-12-31
"https://w3id.org/italia/controlled-vocabulary/territorial-classifications/cities/016107-(1968-07-26)","016107","GANDELLINO",1968-07-26,9999-12-31
"https://w3id.org/italia/controlled-vocabulary/territorial-classifications/cities/016116-(1948-01-01)","016116","GORNO",1948-01-01,9999-12-31
"https://w3id.org/italia/controlled-vocabulary/territorial-classifications/cities/016147-(1958-09-05)","016147","OLTRESSENDA ALTA",1958-09-05,9999-12-31
"https://w3id.org/italia/controlled-vocabulary/territorial-classifications/cities/016148-(1948-01-01)","016148","ONETA",1948-01-01,9999-12-31
"https://w3id.org/italia/controlled-vocabulary/territorial-classifications/cities/016153-(1948-01-01)","016153","OSIO SOTTO",1948-01-01,9999-12-31
"https://w3id.org/italia/controlled-vocabulary/territorial-classifications/cities/016155-(1970-06-02)","016155","PALADINA",1970-06-02,9999-12-31
"https://w3id.org/italia/controlled-vocabulary/territorial-classifications/cities/016158-(1948-01-01)","016158","PARRE",1948-01-01,9999-12-31
"https://w3id.org/italia/controlled-vocabulary/territorial-classifications/cities/016173-(1948-01-01)","016173","PRADALUNGA",1948-01-01,9999-12-31
"https://w3id.org/italia/controlled-vocabulary/territorial-classifications/cities/016183-(1948-01-01)","016183","ROMANO DI LOMBARDIA",1948-01-01,9999-12-31
"https://w3id.org/italia/controlled-vocabulary/territorial-classifications/cities/016193-(1948-01-01)","016193","SARNICO",1948-01-01,9999-12-31
"https://w3id.org/italia/controlled-vocabulary/territorial-classifications/cities/016203-(1964-01-28)","016203","SOTTO IL MONTE GIOVANNI XXIII",1964-01-28,9999-12-31
"https://w3id.org/italia/controlled-vocabulary/territorial-classifications/cities/016204-(2006-12-30)","016204","SOVERE",2006-12-30,9999-12-31
"https://w3id.org/italia/controlled-vocabulary/territorial-classifications/cities/016208-(1948-01-01)","016208","STROZZA",1948-01-01,9999-12-31
"https://w3id.org/italia/controlled-vocabulary/territorial-classifications/cities/016215-(2018-01-27)","016215","TORRE DE' BUSI",2018-01-27,9999-12-31
"https://w3id.org/italia/controlled-vocabulary/territorial-classifications/cities/016238-(1948-01-01)","016238","VILLA D'ADDA",1948-01-01,9999-12-31
"https://w3id.org/italia/controlled-vocabulary/territorial-classifications/cities/016250-(1970-03-17)","016250","MEDOLAGO",1970-03-17,9999-12-31
"https://w3id.org/italia/controlled-vocabulary/territorial-classifications/cities/016252-(2014-02-04)","016252","SANT'OMOBONO TERME",2014-02-04,9999-12-31
"https://w3id.org/italia/controlled-vocabulary/territorial-classifications/cities/017003-(1948-01-01)","017003","AGNOSINE",1948-01-01,9999-12-31
"https://w3id.org/italia/controlled-vocabulary/territorial-classifications/cities/017012-(1956-09-16)","017012","BARGHE",1956-09-16,9999-12-31
"https://w3id.org/italia/controlled-vocabulary/territorial-classifications/cities/017013-(1948-01-01)","017013","BASSANO BRESCIANO",1948-01-01,9999-12-31
"https://w3id.org/italia/controlled-vocabulary/territorial-classifications/cities/017023-(1948-01-01)","017023","BOTTICINO",1948-01-01,9999-12-31
"https://w3id.org/italia/controlled-vocabulary/territorial-classifications/cities/017033-(1948-01-01)","017033","CALVAGESE DELLA RIVIERA",1948-01-01,9999-12-31
"https://w3id.org/italia/controlled-vocabulary/territorial-classifications/cities/017037-(1957-07-12)","017037","CAPRIANO DEL COLLE",1957-07-12,9999-12-31
"https://w3id.org/italia/controlled-vocabulary/territorial-classifications/cities/017040-(2002-10-26)","017040","CASTEGNATO",2002-10-26,9999-12-31
"https://w3id.org/italia/controlled-vocabulary/territorial-classifications/cities/017043-(1948-01-01)","017043","CASTENEDOLO",1948-01-01,9999-12-31
"https://w3id.org/italia/controlled-vocabulary/territorial-classifications/cities/017051-(1954-08-05)","017051","CEVO",1954-08-05,9999-12-31
"https://w3id.org/italia/controlled-vocabulary/territorial-classifications/cities/017057-(1948-01-01)","017057","COLLEBEATO",1948-01-01,9999-12-31
"https://w3id.org/italia/controlled-vocabulary/territorial-classifications/cities/017065-(1969-03-30)","017065","DARFO BOARIO TERME",1969-03-30,9999-12-31
"https://w3id.org/italia/controlled-vocabulary/territorial-classifications/cities/017067-(1948-01-01)","017067","DESENZANO DEL GARDA",1948-01-01,9999-12-31
"https://w3id.org/italia/controlled-vocabulary/territorial-classifications/cities/017075-(1948-01-01)","017075","GARDONE VAL TROMPIA",1948-01-01,9999-12-31
"https://w3id.org/italia/controlled-vocabulary/territorial-classifications/cities/017077-(1948-01-01)","017077","GAVARDO",1948-01-01,9999-12-31
"https://w3id.org/italia/controlled-vocabulary/territorial-classifications/cities/017080-(1948-01-01)","017080","GOTTOLENGO",1948-01-01,9999-12-31
"https://w3id.org/italia/controlled-vocabulary/territorial-classifications/cities/017084-(1956-01-06)","017084","IRMA",1956-01-06,9999-12-31
"https://w3id.org/italia/controlled-vocabulary/territorial-classifications/cities/017085-(1948-01-01)","017085","ISEO",1948-01-01,9999-12-31
"https://w3id.org/italia/controlled-vocabulary/territorial-classifications/cities/017090-(1948-01-01)","017090","LODRINO",1948-01-01,9999-12-31
"https://w3id.org/italia/controlled-vocabulary/territorial-classifications/cities/017094-(1949-08-27)","017094","LOSINE",1949-08-27,9999-12-31
"https://w3id.org/italia/controlled-vocabulary/territorial-classifications/cities/017101-(1948-01-01)","017101","MALONNO",1948-01-01,9999-12-31
"https://w3id.org/italia/controlled-vocabulary/territorial-classifications/cities/017102-(1953-02-03)","017102","MANERBA DEL GARDA",1953-02-03,9999-12-31
"https://w3id.org/italia/controlled-vocabulary/territorial-classifications/cities/017111-(1948-01-01)","017111","MONTE ISOLA",1948-01-01,9999-12-31
"https://w3id.org/italia/controlled-vocabulary/territorial-classifications/cities/017121-(1948-01-01)","017121","ODOLO",1948-01-01,9999-12-31
"https://w3id.org/italia/controlled-vocabulary/territorial-classifications/cities/017123-(1948-03-01)","017123","OME",1948-03-01,9999-12-31
"https://w3id.org/italia/controlled-vocabulary/territorial-classifications/cities/017125-(1948-01-01)","017125","ORZINUOVI",1948-01-01,9999-12-31
"https://w3id.org/italia/controlled-vocabulary/territorial-classifications/cities/017131-(1948-01-01)","017131","PAISCO LOVENO",1948-01-01,9999-12-31
"https://w3id.org/italia/controlled-vocabulary/territorial-classifications/cities/017135-(1948-01-01)","017135","PASPARDO",1948-01-01,9999-12-31
"https://w3id.org/italia/controlled-vocabulary/territorial-classifications/cities/017136-(1995-05-05)","017136","PASSIRANO",1995-05-05,9999-12-31
"https://w3id.org/italia/controlled-vocabulary/territorial-classifications/cities/017155-(1948-01-01)","017155","PREVALLE",1948-01-01,9999-12-31
"https://w3id.org/italia/controlled-vocabulary/territorial-classifications/cities/017158-(1971-11-05)","017158","PUEGNAGO DEL GARDA",1971-11-05,9999-12-31
"https://w3id.org/italia/controlled-vocabulary/territorial-classifications/cities/017159-(1948-01-01)","017159","QUINZANO D'OGLIO",1948-01-01,9999-12-31
"https://w3id.org/italia/controlled-vocabulary/territorial-classifications/cities/017165-(1948-01-01)","017165","RONCADELLE",1948-01-01,9999-12-31
"https://w3id.org/italia/controlled-vocabulary/territorial-classifications/cities/017169-(1948-01-01)","017169","SALE MARASINO",1948-01-01,9999-12-31
"https://w3id.org/italia/controlled-vocabulary/territorial-classifications/cities/017176-(1948-01-21)","017176","SELLERO",1948-01-21,9999-12-31
"https://w3id.org/italia/controlled-vocabulary/territorial-classifications/cities/017179-(1948-01-01)","017179","SIRMIONE",1948-01-01,9999-12-31
"https://w3id.org/italia/controlled-vocabulary/territorial-classifications/cities/017187-(1948-01-01)","017187","TOSCOLANO-MADERNO",1948-01-01,9999-12-31
"https://w3id.org/italia/controlled-vocabulary/territorial-classifications/cities/017197-(1948-01-01)","017197","VESTONE",1948-01-01,9999-12-31
"https://w3id.org/italia/controlled-vocabulary/territorial-classifications/cities/017199-(1948-01-01)","017199","VILLA CARCINA",1948-01-01,9999-12-31
"https://w3id.org/italia/controlled-vocabulary/territorial-classifications/cities/017203-(1948-01-01)","017203","VISANO",1948-01-01,9999-12-31
"https://w3id.org/italia/controlled-vocabulary/territorial-classifications/cities/017205-(1948-01-01)","017205","ZONE",1948-01-01,9999-12-31
"https://w3id.org/italia/controlled-vocabulary/territorial-classifications/cities/018005-(1948-01-01)","018005","ARENA PO",1948-01-01,9999-12-31
"https://w3id.org/italia/controlled-vocabulary/territorial-classifications/cities/018009-(1948-01-01)","018009","BASCAPÈ",1948-01-01,9999-12-31
"https://w3id.org/italia/controlled-vocabulary/territorial-classifications/cities/018019-(1948-01-01)","018019","BORNASCO",1948-01-01,9999-12-31
"https://w3id.org/italia/controlled-vocabulary/territorial-classifications/cities/018020-(1948-01-01)","018020","BOSNASCO",1948-01-01,9999-12-31
"https://w3id.org/italia/controlled-vocabulary/territorial-classifications/cities/018026-(2023-11-18)","018026","CAMPOSPINOSO ALBAREDO",2023-11-18,9999-12-31
"https://w3id.org/italia/controlled-vocabulary/territorial-classifications/cities/018029-(1948-01-01)","018029","CANNETO PAVESE",1948-01-01,9999-12-31
"https://w3id.org/italia/controlled-vocabulary/territorial-classifications/cities/018039-(1948-01-01)","018039","CASTELLO D'AGOGNA",1948-01-01,9999-12-31
"https://w3id.org/italia/controlled-vocabulary/territorial-classifications/cities/018049-(1948-01-01)","018049","CIGOGNOLA",1948-01-01,9999-12-31
"https://w3id.org/italia/controlled-vocabulary/territorial-classifications/cities/018052-(1948-01-01)","018052","CONFIENZA",1948-01-01,9999-12-31
"https://w3id.org/italia/controlled-vocabulary/territorial-classifications/cities/018062-(1948-01-01)","018062","FERRERA ERBOGNONE",1948-01-01,9999-12-31
"https://w3id.org/italia/controlled-vocabulary/territorial-classifications/cities/018072-(1948-01-01)","018072","GIUSSAGO",1948-01-01,9999-12-31
"https://w3id.org/italia/controlled-vocabulary/territorial-classifications/cities/018082-(1948-01-01)","018082","LIRIO",1948-01-01,9999-12-31
"https://w3id.org/italia/controlled-vocabulary/territorial-classifications/cities/018085-(1948-04-22)","018085","MAGHERNO",1948-04-22,9999-12-31
"https://w3id.org/italia/controlled-vocabulary/territorial-classifications/cities/018086-(1948-01-01)","018086","MARCIGNAGO",1948-01-01,9999-12-31
"https://w3id.org/italia/controlled-vocabulary/territorial-classifications/cities/018096-(1948-01-01)","018096","MONTECALVO VERSIGGIA",1948-01-01,9999-12-31
"https://w3id.org/italia/controlled-vocabulary/territorial-classifications/cities/018107-(1948-01-01)","018107","PALESTRO",1948-01-01,9999-12-31
"https://w3id.org/italia/controlled-vocabulary/territorial-classifications/cities/018110-(2005-02-19)","018110","PAVIA",2005-02-19,9999-12-31
"https://w3id.org/italia/controlled-vocabulary/territorial-classifications/cities/018127-(1948-01-01)","018127","ROGNANO",1948-01-01,9999-12-31
"https://w3id.org/italia/controlled-vocabulary/territorial-classifications/cities/018130-(1948-01-01)","018130","ROSASCO",1948-01-01,9999-12-31
"https://w3id.org/italia/controlled-vocabulary/territorial-classifications/cities/018140-(1948-01-01)","018140","SANTA GIULETTA",1948-01-01,9999-12-31
"https://w3id.org/italia/controlled-vocabulary/territorial-classifications/cities/018142-(1948-01-01)","018142","SANTA MARGHERITA DI STAFFORA",1948-01-01,9999-12-31
"https://w3id.org/italia/controlled-vocabulary/territorial-classifications/cities/018160-(1948-01-01)","018160","TORREVECCHIA PIA",1948-01-01,9999-12-31
"https://w3id.org/italia/controlled-vocabulary/territorial-classifications/cities/018164-(1948-01-01)","018164","TROMELLO",1948-01-01,9999-12-31
"https://w3id.org/italia/controlled-vocabulary/territorial-classifications/cities/018174-(1948-01-01)","018174","VERRETTO",1948-01-01,9999-12-31
"https://w3id.org/italia/controlled-vocabulary/territorial-classifications/cities/018181-(2002-10-26)","018181","VISTARINO",2002-10-26,9999-12-31
"https://w3id.org/italia/controlled-vocabulary/territorial-classifications/cities/018191-(2014-02-04)","018191","CORNALE E BASTIDA",2014-02-04,9999-12-31
"https://w3id.org/italia/controlled-vocabulary/territorial-classifications/cities/019010-(1948-01-01)","019010","CAMISANO",1948-01-01,9999-12-31
"https://w3id.org/italia/controlled-vocabulary/territorial-classifications/cities/019011-(1953-08-26)","019011","CAMPAGNOLA CREMASCA",1953-08-26,9999-12-31
"https://w3id.org/italia/controlled-vocabulary/territorial-classifications/cities/019014-(1948-01-01)","019014","CAPPELLA DE' PICENARDI",1948-01-01,9999-12-31
"https://w3id.org/italia/controlled-vocabulary/territorial-classifications/cities/019024-(1948-01-01)","019024","CASTEL GABBIANO",1948-01-01,9999-12-31
"https://w3id.org/italia/controlled-vocabulary/territorial-classifications/cities/019026-(1948-01-01)","019026","CASTELVERDE",1948-01-01,9999-12-31
"https://w3id.org/italia/controlled-vocabulary/territorial-classifications/cities/019034-(1948-01-01)","019034","CREDERA RUBBIANO",1948-01-01,9999-12-31
"https://w3id.org/italia/controlled-vocabulary/territorial-classifications/cities/019048-(1948-01-01)","019048","GERRE DE' CAPRIOLI",1948-01-01,9999-12-31
"https://w3id.org/italia/controlled-vocabulary/territorial-classifications/cities/019054-(1948-01-01)","019054","IZANO",1948-01-01,9999-12-31
"https://w3id.org/italia/controlled-vocabulary/territorial-classifications/cities/019058-(1948-01-01)","019058","MONTE CREMASCO",1948-01-01,9999-12-31
"https://w3id.org/italia/controlled-vocabulary/territorial-classifications/cities/019068-(1948-01-01)","019068","PERSICO DOSIMO",1948-01-01,9999-12-31
"https://w3id.org/italia/controlled-vocabulary/territorial-classifications/cities/019078-(1948-01-01)","019078","QUINTANO",1948-01-01,9999-12-31
"https://w3id.org/italia/controlled-vocabulary/territorial-classifications/cities/019086-(1948-01-01)","019086","ROMANENGO",1948-01-01,9999-12-31
"https://w3id.org/italia/controlled-vocabulary/territorial-classifications/cities/019088-(1948-01-01)","019088","SAN BASSANO",1948-01-01,9999-12-31
"https://w3id.org/italia/controlled-vocabulary/territorial-classifications/cities/019091-(1948-01-01)","019091","SAN MARTINO DEL LAGO",1948-01-01,9999-12-31
"https://w3id.org/italia/controlled-vocabulary/territorial-classifications/cities/019102-(1948-01-01)","019102","SPINO D'ADDA",1948-01-01,9999-12-31
"https://w3id.org/italia/controlled-vocabulary/territorial-classifications/cities/019104-(1948-01-01)","019104","TICENGO",1948-01-01,9999-12-31
"https://w3id.org/italia/controlled-vocabulary/territorial-classifications/cities/019112-(1948-01-01)","019112","VAILATE",1948-01-01,9999-12-31
"https://w3id.org/italia/controlled-vocabulary/territorial-classifications/cities/020007-(1948-01-01)","020007","BOZZOLO",1948-01-01,9999-12-31
"https://w3id.org/italia/controlled-vocabulary/territorial-classifications/cities/020012-(1948-01-01)","020012","CASALROMANO",1948-01-01,9999-12-31
"https://w3id.org/italia/controlled-vocabulary/territorial-classifications/cities/020017-(1948-01-01)","020017","CASTIGLIONE DELLE STIVIERE",1948-01-01,9999-12-31
"https://w3id.org/italia/controlled-vocabulary/territorial-classifications/cities/020020-(1948-01-01)","020020","COMMESSAGGIO",1948-01-01,9999-12-31
"https://w3id.org/italia/controlled-vocabulary/territorial-classifications/cities/020022-(1948-01-01)","020022","DOSOLO",1948-01-01,9999-12-31
"https://w3id.org/italia/controlled-vocabulary/territorial-classifications/cities/020030-(1948-01-01)","020030","MANTOVA",1948-01-01,9999-12-31
"https://w3id.org/italia/controlled-vocabulary/territorial-classifications/cities/020050-(1948-01-01)","020050","RIVAROLO MANTOVANO",1948-01-01,9999-12-31
"https://w3id.org/italia/controlled-vocabulary/territorial-classifications/cities/020054-(1948-01-01)","020054","SABBIONETA",1948-01-01,9999-12-31
"https://w3id.org/italia/controlled-vocabulary/territorial-classifications/cities/020060-(1948-01-01)","020060","SCHIVENOGLIA",1948-01-01,9999-12-31
"https://w3id.org/italia/controlled-vocabulary/territorial-classifications/cities/020064-(1948-01-01)","020064","SUSTINENTE",1948-01-01,9999-12-31
"https://w3id.org/italia/controlled-vocabulary/territorial-classifications/cities/020071-(2014-02-04)","020071","BORGO VIRGILIO",2014-02-04,9999-12-31
"https://w3id.org/italia/controlled-vocabulary/territorial-classifications/cities/097003-(1995-01-01)","097003","ANNONE DI BRIANZA",1995-01-01,9999-12-31
"https://w3id.org/italia/controlled-vocabulary/territorial-classifications/cities/097005-(1995-01-01)","097005","BARZAGO",1995-01-01,9999-12-31
"https://w3id.org/italia/controlled-vocabulary/territorial-classifications/cities/097013-(1995-01-01)","097013","CALOLZIOCORTE",1995-01-01,9999-12-31
"https://w3id.org/italia/controlled-vocabulary/territorial-classifications/cities/097015-(1995-01-01)","097015","CASARGO",1995-01-01,9999-12-31
"https://w3id.org/italia/controlled-vocabulary/territorial-classifications/cities/097023-(1995-01-01)","097023","COLICO",1995-01-01,9999-12-31
"https://w3id.org/italia/controlled-vocabulary/territorial-classifications/cities/097033-(1995-01-01)","097033","ELLO",1995-01-01,9999-12-31
"https://w3id.org/italia/controlled-vocabulary/territorial-classifications/cities/097037-(1995-01-01)","097037","GARBAGNATE MONASTERO",1995-01-01,9999-12-31
"https://w3id.org/italia/controlled-vocabulary/territorial-classifications/cities/097047-(1995-01-01)","097047","MARGNO",1995-01-01,9999-12-31
"https://w3id.org/italia/controlled-vocabulary/territorial-classifications/cities/097049-(1995-01-01)","097049","MISSAGLIA",1995-01-01,9999-12-31
"https://w3id.org/italia/controlled-vocabulary/territorial-classifications/cities/097057-(1995-01-01)","097057","OGGIONO",1995-01-01,9999-12-31
"https://w3id.org/italia/controlled-vocabulary/territorial-classifications/cities/097067-(1995-01-01)","097067","PERLEDO",1995-01-01,9999-12-31
"https://w3id.org/italia/controlled-vocabulary/territorial-classifications/cities/097077-(1995-01-01)","097077","SUEGLIO",1995-01-01,9999-12-31
"https://w3id.org/italia/controlled-vocabulary/territorial-classifications/cities/097090-(1995-01-01)","097090","VIGANÒ",1995-01-01,9999-12-31
"https://w3id.org/italia/controlled-vocabulary/territorial-classifications/cities/097092-(2015-01-30)","097092","LA VALLETTA BRIANZA",2015-01-30,9999-12-31
"https://w3id.org/italia/controlled-vocabulary/territorial-classifications/cities/098009-(1995-01-01)","098009","CASALMAIOCCO",1995-01-01,9999-12-31
"https://w3id.org/italia/controlled-vocabulary/territorial-classifications/cities/098018-(2004-06-08)","098018","CERVIGNANO D'ADDA",2004-06-08,9999-12-31
"https://w3id.org/italia/controlled-vocabulary/territorial-classifications/cities/098019-(1995-01-01)","098019","CODOGNO",1995-01-01,9999-12-31
"https://w3id.org/italia/controlled-vocabulary/territorial-classifications/cities/098020-(1995-01-01)","098020","COMAZZO",1995-01-01,9999-12-31
"https://w3id.org/italia/controlled-vocabulary/territorial-classifications/cities/098029-(1997-07-26)","098029","GUARDAMIGLIO",1997-07-26,9999-12-31
"https://w3id.org/italia/controlled-vocabulary/territorial-classifications/cities/098034-(1995-01-01)","098034","MAIRAGO",1995-01-01,9999-12-31
"https://w3id.org/italia/controlled-vocabulary/territorial-classifications/cities/098039-(1995-01-01)","098039","MERLINO",1995-01-01,9999-12-31
"https://w3id.org/italia/controlled-vocabulary/territorial-classifications/cities/098041-(2004-06-08)","098041","MULAZZANO",2004-06-08,9999-12-31
"https://w3id.org/italia/controlled-vocabulary/territorial-classifications/cities/098044-(1995-01-01)","098044","OSSAGO LODIGIANO",1995-01-01,9999-12-31
"https://w3id.org/italia/controlled-vocabulary/territorial-classifications/cities/098049-(1995-01-01)","098049","SAN ROCCO AL PORTO",1995-01-01,9999-12-31
"https://w3id.org/italia/controlled-vocabulary/territorial-classifications/cities/098052-(1995-01-01)","098052","SECUGNAGO",1995-01-01,9999-12-31
"https://w3id.org/italia/controlled-vocabulary/territorial-classifications/cities/108003-(2009-06-30)","108003","ALBIATE",2009-06-30,9999-12-31
"https://w3id.org/italia/controlled-vocabulary/territorial-classifications/cities/108005-(2009-06-30)","108005","BARLASSINA",2009-06-30,9999-12-31
"https://w3id.org/italia/controlled-vocabulary/territorial-classifications/cities/108013-(2009-06-30)","108013","BURAGO DI MOLGORA",2009-06-30,9999-12-31
"https://w3id.org/italia/controlled-vocabulary/territorial-classifications/cities/108023-(2009-06-30)","108023","DESIO",2009-06-30,9999-12-31
"https://w3id.org/italia/controlled-vocabulary/territorial-classifications/cities/108033-(2009-06-30)","108033","MONZA",2009-06-30,9999-12-31
"https://w3id.org/italia/controlled-vocabulary/territorial-classifications/cities/108037-(2009-06-30)","108037","RENATE",2009-06-30,9999-12-31
"https://w3id.org/italia/controlled-vocabulary/territorial-classifications/cities/108043-(2009-06-30)","108043","TRIUGGIO",2009-06-30,9999-12-31
"https://w3id.org/italia/controlled-vocabulary/territorial-classifications/cities/108047-(2009-06-30)","108047","VEDUGGIO CON COLZANO",2009-06-30,9999-12-31
"https://w3id.org/italia/controlled-vocabulary/territorial-classifications/cities/108052-(2009-12-18)","108052","CAPONAGO",2009-12-18,9999-12-31
"https://w3id.org/italia/controlled-vocabulary/territorial-classifications/cities/098024-(1995-01-01)","098024","CORTE PALASIO",1995-01-01,9999-12-31
"https://w3id.org/italia/controlled-vocabulary/territorial-classifications/cities/012032-(1948-01-01)","012032","CARDANO AL CAMPO",1948-01-01,9999-12-31
"https://w3id.org/italia/controlled-vocabulary/territorial-classifications/cities/018069-(1948-01-01)","018069","GARLASCO",1948-01-01,9999-12-31
"https://w3id.org/italia/controlled-vocabulary/territorial-classifications/cities/012143-(2019-02-15)","012143","CADREZZATE CON OSMATE",2019-02-15,9999-12-31
"https://w3id.org/italia/controlled-vocabulary/territorial-classifications/cities/012002-(1948-01-01)","012002","ALBIZZATE",1948-01-01,9999-12-31
"https://w3id.org/italia/controlled-vocabulary/territorial-classifications/cities/012004-(1968-07-10)","012004","ARCISATE",1968-07-10,9999-12-31
"https://w3id.org/italia/controlled-vocabulary/territorial-classifications/cities/012011-(1958-09-05)","012011","BESANO",1958-09-05,9999-12-31
"https://w3id.org/italia/controlled-vocabulary/territorial-classifications/cities/012012-(1948-01-01)","012012","BESNATE",1948-01-01,9999-12-31
"https://w3id.org/italia/controlled-vocabulary/territorial-classifications/cities/012016-(1948-01-01)","012016","BODIO LOMNAGO",1948-01-01,9999-12-31
"https://w3id.org/italia/controlled-vocabulary/territorial-classifications/cities/012026-(1948-01-01)","012026","BUSTO ARSIZIO",1948-01-01,9999-12-31
"https://w3id.org/italia/controlled-vocabulary/territorial-classifications/cities/012046-(1948-01-01)","012046","CASTIGLIONE OLONA",1948-01-01,9999-12-31
"https://w3id.org/italia/controlled-vocabulary/territorial-classifications/cities/012055-(1957-08-13)","012055","COMERIO",1957-08-13,9999-12-31
"https://w3id.org/italia/controlled-vocabulary/territorial-classifications/cities/012056-(1948-01-01)","012056","CREMENAGA",1948-01-01,9999-12-31
"https://w3id.org/italia/controlled-vocabulary/territorial-classifications/cities/012059-(1955-08-19)","012059","CUGLIATE-FABIASCO",1955-08-19,9999-12-31
"https://w3id.org/italia/controlled-vocabulary/territorial-classifications/cities/012098-(1948-01-01)","012098","MARNATE",1948-01-01,9999-12-31
"https://w3id.org/italia/controlled-vocabulary/territorial-classifications/cities/012103-(1987-10-29)","012103","MONTEGRINO VALTRAVAGLIA",1987-10-29,9999-12-31
"https://w3id.org/italia/controlled-vocabulary/territorial-classifications/cities/012104-(1948-01-01)","012104","MONVALLE",1948-01-01,9999-12-31
"https://w3id.org/italia/controlled-vocabulary/territorial-classifications/cities/012106-(1948-01-01)","012106","MORNAGO",1948-01-01,9999-12-31
"https://w3id.org/italia/controlled-vocabulary/territorial-classifications/cities/012114-(1948-01-01)","012114","PORTO VALTRAVAGLIA",1948-01-01,9999-12-31
"https://w3id.org/italia/controlled-vocabulary/territorial-classifications/cities/012121-(1957-12-26)","012121","SOLBIATE ARNO",1957-12-26,9999-12-31
"https://w3id.org/italia/controlled-vocabulary/territorial-classifications/cities/012124-(1948-01-01)","012124","SUMIRAGO",1948-01-01,9999-12-31
"https://w3id.org/italia/controlled-vocabulary/territorial-classifications/cities/012134-(1948-01-01)","012134","VEDANO OLONA",1948-01-01,9999-12-31
"https://w3id.org/italia/controlled-vocabulary/territorial-classifications/cities/012137-(1960-09-29)","012137","VENEGONO SUPERIORE",1960-09-29,9999-12-31
"https://w3id.org/italia/controlled-vocabulary/territorial-classifications/cities/012138-(1948-01-01)","012138","VERGIATE",1948-01-01,9999-12-31
"https://w3id.org/italia/controlled-vocabulary/territorial-classifications/cities/013028-(1980-05-29)","013028","BREGNANO",1980-05-29,9999-12-31
"https://w3id.org/italia/controlled-vocabulary/territorial-classifications/cities/013030-(1948-04-17)","013030","BRIENNO",1948-04-17,9999-12-31
"https://w3id.org/italia/controlled-vocabulary/territorial-classifications/cities/013041-(1948-01-01)","013041","CANTÙ",1948-01-01,9999-12-31
"https://w3id.org/italia/controlled-vocabulary/territorial-classifications/cities/013046-(1950-04-05)","013046","CARIMATE",1950-04-05,9999-12-31
"https://w3id.org/italia/controlled-vocabulary/territorial-classifications/cities/013065-(1948-01-01)","013065","CERNOBBIO",1948-01-01,9999-12-31
"https://w3id.org/italia/controlled-vocabulary/territorial-classifications/cities/013071-(1948-01-01)","013071","CLAINO CON OSTENO",1948-01-01,9999-12-31
"https://w3id.org/italia/controlled-vocabulary/territorial-classifications/cities/013075-(1948-01-01)","013075","COMO",1948-01-01,9999-12-31
"https://w3id.org/italia/controlled-vocabulary/territorial-classifications/cities/013085-(1948-01-01)","013085","CUSINO",1948-01-01,9999-12-31
"https://w3id.org/italia/controlled-vocabulary/territorial-classifications/cities/013095-(1948-01-01)","013095","ERBA",1948-01-01,9999-12-31
"https://w3id.org/italia/controlled-vocabulary/territorial-classifications/cities/013106-(1948-01-01)","013106","GARZENO",1948-01-01,9999-12-31
"https://w3id.org/italia/controlled-vocabulary/territorial-classifications/cities/013119-(1948-04-17)","013119","LAGLIO",1948-04-17,9999-12-31
"https://w3id.org/italia/controlled-vocabulary/territorial-classifications/cities/013153-(1948-01-01)","013153","MONGUZZO",1948-01-01,9999-12-31
"https://w3id.org/italia/controlled-vocabulary/territorial-classifications/cities/013183-(1948-01-01)","013183","PIANELLO DEL LARIO",1948-01-01,9999-12-31
"https://w3id.org/italia/controlled-vocabulary/territorial-classifications/cities/013187-(1948-01-01)","013187","PONNA",1948-01-01,9999-12-31
"https://w3id.org/italia/controlled-vocabulary/territorial-classifications/cities/013193-(1948-01-01)","013193","PUSIANO",1948-01-01,9999-12-31
"https://w3id.org/italia/controlled-vocabulary/territorial-classifications/cities/013197-(1948-01-01)","013197","RODERO",1948-01-01,9999-12-31
"https://w3id.org/italia/controlled-vocabulary/territorial-classifications/cities/013206-(2017-01-01)","013206","SAN FERMO DELLA BATTAGLIA",2017-01-01,9999-12-31
"https://w3id.org/italia/controlled-vocabulary/territorial-classifications/cities/013223-(1948-01-01)","013223","TORNO",1948-01-01,9999-12-31
"https://w3id.org/italia/controlled-vocabulary/territorial-classifications/cities/013233-(1948-01-01)","013233","VAL REZZO",1948-01-01,9999-12-31
"https://w3id.org/italia/controlled-vocabulary/territorial-classifications/cities/013236-(1948-04-22)","013236","VELESO",1948-04-22,9999-12-31
"https://w3id.org/italia/controlled-vocabulary/territorial-classifications/cities/013246-(1948-04-22)","013246","ZELBIO",1948-04-22,9999-12-31
"https://w3id.org/italia/controlled-vocabulary/territorial-classifications/cities/013252-(2014-02-04)","013252","TREMEZZINA",2014-02-04,9999-12-31
"https://w3id.org/italia/controlled-vocabulary/territorial-classifications/cities/013253-(2017-01-01)","013253","ALTA VALLE INTELVI",2017-01-01,9999-12-31
"https://w3id.org/italia/controlled-vocabulary/territorial-classifications/cities/013254-(2018-01-01)","013254","CENTRO VALLE INTELVI",2018-01-01,9999-12-31
"https://w3id.org/italia/controlled-vocabulary/territorial-classifications/cities/014003-(1948-01-01)","014003","ANDALO VALTELLINO",1948-01-01,9999-12-31
"https://w3id.org/italia/controlled-vocabulary/territorial-classifications/cities/014013-(1948-01-01)","014013","CASPOGGIO",1948-01-01,9999-12-31
"https://w3id.org/italia/controlled-vocabulary/territorial-classifications/cities/014023-(1948-01-01)","014023","COLORINA",1948-01-01,9999-12-31
"https://w3id.org/italia/controlled-vocabulary/territorial-classifications/cities/014033-(1948-01-01)","014033","GROSIO",1948-01-01,9999-12-31
"https://w3id.org/italia/controlled-vocabulary/territorial-classifications/cities/014037-(1948-01-01)","014037","LIVIGNO",1948-01-01,9999-12-31
"https://w3id.org/italia/controlled-vocabulary/territorial-classifications/cities/014043-(1948-01-01)","014043","MESE",1948-01-01,9999-12-31
"https://w3id.org/italia/controlled-vocabulary/territorial-classifications/cities/014047-(1948-01-01)","014047","PEDESINA",1948-01-01,9999-12-31
"https://w3id.org/italia/controlled-vocabulary/territorial-classifications/cities/014057-(1948-01-01)","014057","SAMOLACO",1948-01-01,9999-12-31
"https://w3id.org/italia/controlled-vocabulary/territorial-classifications/cities/014067-(1948-01-01)","014067","TORRE DI SANTA MARIA",1948-01-01,9999-12-31
"https://w3id.org/italia/controlled-vocabulary/territorial-classifications/cities/014070-(1948-01-01)","014070","TRESIVIO",1948-01-01,9999-12-31
"https://w3id.org/italia/controlled-vocabulary/territorial-classifications/cities/014077-(1948-01-01)","014077","VILLA DI CHIAVENNA",1948-01-01,9999-12-31
"https://w3id.org/italia/controlled-vocabulary/territorial-classifications/cities/015011-(2015-01-01)","015011","ASSAGO",2015-01-01,9999-12-31
"https://w3id.org/italia/controlled-vocabulary/territorial-classifications/cities/015041-(2015-01-01)","015041","BUSTO GAROLFO",2015-01-01,9999-12-31
"https://w3id.org/italia/controlled-vocabulary/territorial-classifications/cities/015051-(2015-01-01)","015051","CARUGATE",2015-01-01,9999-12-31
"https://w3id.org/italia/controlled-vocabulary/territorial-classifications/cities/015055-(2015-01-01)","015055","CASARILE",2015-01-01,9999-12-31
"https://w3id.org/italia/controlled-vocabulary/territorial-classifications/cities/015085-(2015-01-01)","015085","CORBETTA",2015-01-01,9999-12-31
"https://w3id.org/italia/controlled-vocabulary/territorial-classifications/cities/015099-(2015-01-01)","015099","DAIRAGO",2015-01-01,9999-12-31
"https://w3id.org/italia/controlled-vocabulary/territorial-classifications/cities/015101-(2015-01-01)","015101","DRESANO",2015-01-01,9999-12-31
"https://w3id.org/italia/controlled-vocabulary/territorial-classifications/cities/015167-(2015-01-01)","015167","PANTIGLIATE",2015-01-01,9999-12-31
"https://w3id.org/italia/controlled-vocabulary/territorial-classifications/cities/015173-(2015-01-01)","015173","PIEVE EMANUELE",2015-01-01,9999-12-31
"https://w3id.org/italia/controlled-vocabulary/territorial-classifications/cities/015177-(2015-01-01)","015177","POZZO D'ADDA",2015-01-01,9999-12-31
"https://w3id.org/italia/controlled-vocabulary/territorial-classifications/cities/015211-(2015-01-01)","015211","SETTIMO MILANESE",2015-01-01,9999-12-31
"https://w3id.org/italia/controlled-vocabulary/territorial-classifications/cities/015213-(2015-01-01)","015213","SOLARO",2015-01-01,9999-12-31
"https://w3id.org/italia/controlled-vocabulary/territorial-classifications/cities/015221-(2015-01-01)","015221","TREZZO SULL'ADDA",2015-01-01,9999-12-31
"https://w3id.org/italia/controlled-vocabulary/territorial-classifications/cities/016004-(1948-01-01)","016004","ALBINO",1948-01-01,9999-12-31
"https://w3id.org/italia/controlled-vocabulary/territorial-classifications/cities/016005-(1948-07-22)","016005","ALMÈ",1948-07-22,9999-12-31
"https://w3id.org/italia/controlled-vocabulary/territorial-classifications/cities/016006-(1948-01-01)","016006","ALMENNO SAN BARTOLOMEO",1948-01-01,9999-12-31
"https://w3id.org/italia/controlled-vocabulary/territorial-classifications/cities/016016-(1948-01-01)","016016","AZZANO SAN PAOLO",1948-01-01,9999-12-31
"https://w3id.org/italia/controlled-vocabulary/territorial-classifications/cities/016018-(1956-05-20)","016018","BAGNATICA",1956-05-20,9999-12-31
"https://w3id.org/italia/controlled-vocabulary/territorial-classifications/cities/016034-(1948-01-01)","016034","BOTTANUCO",1948-01-01,9999-12-31
"https://w3id.org/italia/controlled-vocabulary/territorial-classifications/cities/016038-(1948-03-06)","016038","BREMBATE DI SOPRA",1948-03-06,9999-12-31
"https://w3id.org/italia/controlled-vocabulary/territorial-classifications/cities/016044-(1948-01-01)","016044","CALCIO",1948-01-01,9999-12-31
"https://w3id.org/italia/controlled-vocabulary/territorial-classifications/cities/016048-(1948-01-01)","016048","CAMERATA CORNELLO",1948-01-01,9999-12-31
"https://w3id.org/italia/controlled-vocabulary/territorial-classifications/cities/016058-(1948-01-01)","016058","CASAZZA",1948-01-01,9999-12-31
"https://w3id.org/italia/controlled-vocabulary/territorial-classifications/cities/016068-(1948-01-01)","016068","CENATE SOPRA",1948-01-01,9999-12-31
"https://w3id.org/italia/controlled-vocabulary/territorial-classifications/cities/016072-(1948-04-22)","016072","CHIGNOLO D'ISOLA",1948-04-22,9999-12-31
"https://w3id.org/italia/controlled-vocabulary/territorial-classifications/cities/016078-(1948-01-01)","016078","COLERE",1948-01-01,9999-12-31
"https://w3id.org/italia/controlled-vocabulary/territorial-classifications/cities/016081-(1948-01-01)","016081","COMUN NUOVO",1948-01-01,9999-12-31
"https://w3id.org/italia/controlled-vocabulary/territorial-classifications/cities/016088-(1948-01-01)","016088","CREDARO",1948-01-01,9999-12-31
"https://w3id.org/italia/controlled-vocabulary/territorial-classifications/cities/016091-(1963-02-07)","016091","DALMINE",1963-02-07,9999-12-31
"https://w3id.org/italia/controlled-vocabulary/territorial-classifications/cities/016104-(1948-01-01)","016104","FORESTO SPARSO",1948-01-01,9999-12-31
"https://w3id.org/italia/controlled-vocabulary/territorial-classifications/cities/016108-(1948-01-01)","016108","GANDINO",1948-01-01,9999-12-31
"https://w3id.org/italia/controlled-vocabulary/territorial-classifications/cities/016126-(1948-01-01)","016126","LEVATE",1948-01-01,9999-12-31
"https://w3id.org/italia/controlled-vocabulary/territorial-classifications/cities/016146-(1948-01-01)","016146","OLTRE IL COLLE",1948-01-01,9999-12-31
"https://w3id.org/italia/controlled-vocabulary/territorial-classifications/cities/016149-(1958-09-10)","016149","ONORE",1958-09-10,9999-12-31
"https://w3id.org/italia/controlled-vocabulary/territorial-classifications/cities/016151-(1948-01-01)","016151","ORNICA",1948-01-01,9999-12-31
"https://w3id.org/italia/controlled-vocabulary/territorial-classifications/cities/016156-(1948-01-01)","016156","PALAZZAGO",1948-01-01,9999-12-31
"https://w3id.org/italia/controlled-vocabulary/territorial-classifications/cities/016161-(1948-01-01)","016161","PEIA",1948-01-01,9999-12-31
"https://w3id.org/italia/controlled-vocabulary/territorial-classifications/cities/016171-(1948-01-01)","016171","PONTIDA",1948-01-01,9999-12-31
"https://w3id.org/italia/controlled-vocabulary/territorial-classifications/cities/016190-(1956-06-12)","016190","SAN PELLEGRINO TERME",1956-06-12,9999-12-31
"https://w3id.org/italia/controlled-vocabulary/territorial-classifications/cities/016191-(1978-02-12)","016191","SANTA BRIGIDA",1978-02-12,9999-12-31
"https://w3id.org/italia/controlled-vocabulary/territorial-classifications/cities/016199-(1966-01-22)","016199","SERINA",1966-01-22,9999-12-31
"https://w3id.org/italia/controlled-vocabulary/territorial-classifications/cities/016205-(1960-12-24)","016205","SPINONE AL LAGO",1960-12-24,9999-12-31
"https://w3id.org/italia/controlled-vocabulary/territorial-classifications/cities/016206-(1948-01-01)","016206","SPIRANO",1948-01-01,9999-12-31
"https://w3id.org/italia/controlled-vocabulary/territorial-classifications/cities/016214-(1948-01-01)","016214","TORRE BOLDONE",1948-01-01,9999-12-31
"https://w3id.org/italia/controlled-vocabulary/territorial-classifications/cities/016216-(1948-01-01)","016216","TORRE DE' ROVERI",1948-01-01,9999-12-31
"https://w3id.org/italia/controlled-vocabulary/territorial-classifications/cities/017011-(1948-01-01)","017011","BARBARIGA",1948-01-01,9999-12-31
"https://w3id.org/italia/controlled-vocabulary/territorial-classifications/cities/017021-(1955-11-26)","017021","BORGOSATOLLO",1955-11-26,9999-12-31
"https://w3id.org/italia/controlled-vocabulary/territorial-classifications/cities/017035-(1948-01-01)","017035","CAPO DI PONTE",1948-01-01,9999-12-31
"https://w3id.org/italia/controlled-vocabulary/territorial-classifications/cities/017045-(1948-01-01)","017045","CASTREZZATO",1948-01-01,9999-12-31
"https://w3id.org/italia/controlled-vocabulary/territorial-classifications/cities/017053-(1948-01-01)","017053","CIGOLE",1948-01-01,9999-12-31
"https://w3id.org/italia/controlled-vocabulary/territorial-classifications/cities/017055-(1948-01-01)","017055","CIVIDATE CAMUNO",1948-01-01,9999-12-31
"https://w3id.org/italia/controlled-vocabulary/territorial-classifications/cities/017072-(1956-10-07)","017072","FLERO",1956-10-07,9999-12-31
"https://w3id.org/italia/controlled-vocabulary/territorial-classifications/cities/017083-(1948-01-01)","017083","INCUDINE",1948-01-01,9999-12-31
"https://w3id.org/italia/controlled-vocabulary/territorial-classifications/cities/017087-(1948-01-01)","017087","LAVENONE",1948-01-01,9999-12-31
"https://w3id.org/italia/controlled-vocabulary/territorial-classifications/cities/017093-(1948-01-01)","017093","LONGHENA",1948-01-01,9999-12-31
"https://w3id.org/italia/controlled-vocabulary/territorial-classifications/cities/017097-(1948-01-01)","017097","MACLODIO",1948-01-01,9999-12-31
"https://w3id.org/italia/controlled-vocabulary/territorial-classifications/cities/017103-(1948-01-01)","017103","MANERBIO",1948-01-01,9999-12-31
"https://w3id.org/italia/controlled-vocabulary/territorial-classifications/cities/017108-(1948-01-01)","017108","MILZANO",1948-01-01,9999-12-31
"https://w3id.org/italia/controlled-vocabulary/territorial-classifications/cities/017113-(1948-01-01)","017113","MONTICHIARI",1948-01-01,9999-12-31
"https://w3id.org/italia/controlled-vocabulary/territorial-classifications/cities/017141-(1963-02-07)","017141","PEZZAZE",1963-02-07,9999-12-31
"https://w3id.org/italia/controlled-vocabulary/territorial-classifications/cities/017143-(1948-01-01)","017143","PISOGNE",1948-01-01,9999-12-31
"https://w3id.org/italia/controlled-vocabulary/territorial-classifications/cities/017151-(1948-01-01)","017151","POZZOLENGO",1948-01-01,9999-12-31
"https://w3id.org/italia/controlled-vocabulary/territorial-classifications/cities/017161-(1948-01-01)","017161","REZZATO",1948-01-01,9999-12-31
"https://w3id.org/italia/controlled-vocabulary/territorial-classifications/cities/017177-(1948-01-01)","017177","SENIGA",1948-01-01,9999-12-31
"https://w3id.org/italia/controlled-vocabulary/territorial-classifications/cities/017183-(1955-03-12)","017183","TAVERNOLE SUL MELLA",1955-03-12,9999-12-31
"https://w3id.org/italia/controlled-vocabulary/territorial-classifications/cities/017185-(1948-01-01)","017185","TIGNALE",1948-01-01,9999-12-31
"https://w3id.org/italia/controlled-vocabulary/territorial-classifications/cities/017201-(1948-01-01)","017201","VILLANUOVA SUL CLISI",1948-01-01,9999-12-31
"https://w3id.org/italia/controlled-vocabulary/territorial-classifications/cities/018007-(1948-01-01)","018007","BAGNARIA",1948-01-01,9999-12-31
"https://w3id.org/italia/controlled-vocabulary/territorial-classifications/cities/018017-(1948-01-01)","018017","BORGORATTO MORMOROLO",1948-01-01,9999-12-31
"https://w3id.org/italia/controlled-vocabulary/territorial-classifications/cities/018025-(1948-01-01)","018025","CALVIGNANO",1948-01-01,9999-12-31
"https://w3id.org/italia/controlled-vocabulary/territorial-classifications/cities/018027-(1948-01-01)","018027","CANDIA LOMELLINA",1948-01-01,9999-12-31
"https://w3id.org/italia/controlled-vocabulary/territorial-classifications/cities/018030-(1948-01-01)","018030","CARBONARA AL TICINO",1948-01-01,9999-12-31
"https://w3id.org/italia/controlled-vocabulary/territorial-classifications/cities/018035-(1948-01-01)","018035","CASSOLNOVO",1948-01-01,9999-12-31
"https://w3id.org/italia/controlled-vocabulary/territorial-classifications/cities/018036-(1948-03-03)","018036","CASTANA",1948-03-03,9999-12-31
"https://w3id.org/italia/controlled-vocabulary/territorial-classifications/cities/018042-(1956-06-06)","018042","CECIMA",1956-06-06,9999-12-31
"https://w3id.org/italia/controlled-vocabulary/territorial-classifications/cities/018045-(1948-01-01)","018045","CERGNAGO",1948-01-01,9999-12-31
"https://w3id.org/italia/controlled-vocabulary/territorial-classifications/cities/018046-(1958-08-28)","018046","CERTOSA DI PAVIA",1958-08-28,9999-12-31
"https://w3id.org/italia/controlled-vocabulary/territorial-classifications/cities/018050-(1948-01-01)","018050","CILAVEGNA",1948-01-01,9999-12-31
"https://w3id.org/italia/controlled-vocabulary/territorial-classifications/cities/018059-(1948-01-01)","018059","COZZO",1948-01-01,9999-12-31
"https://w3id.org/italia/controlled-vocabulary/territorial-classifications/cities/018060-(1948-01-01)","018060","CURA CARPIGNANO",1948-01-01,9999-12-31
"https://w3id.org/italia/controlled-vocabulary/territorial-classifications/cities/018073-(2012-06-30)","018073","GODIASCO SALICE TERME",2012-06-30,9999-12-31
"https://w3id.org/italia/controlled-vocabulary/territorial-classifications/cities/018089-(1948-01-01)","018089","MENCONICO",1948-01-01,9999-12-31
"https://w3id.org/italia/controlled-vocabulary/territorial-classifications/cities/018099-(1948-01-01)","018099","MONTICELLI PAVESE",1948-01-01,9999-12-31
"https://w3id.org/italia/controlled-vocabulary/territorial-classifications/cities/018105-(1948-01-01)","018105","OLIVA GESSI",1948-01-01,9999-12-31
"https://w3id.org/italia/controlled-vocabulary/territorial-classifications/cities/018109-(1948-01-01)","018109","PARONA",1948-01-01,9999-12-31
"https://w3id.org/italia/controlled-vocabulary/territorial-classifications/cities/018115-(1948-01-01)","018115","PINAROLO PO",1948-01-01,9999-12-31
"https://w3id.org/italia/controlled-vocabulary/territorial-classifications/cities/018129-(1948-01-01)","018129","RONCARO",1948-01-01,9999-12-31
"https://w3id.org/italia/controlled-vocabulary/territorial-classifications/cities/018137-(1948-01-01)","018137","SAN MARTINO SICCOMARIO",1948-01-01,9999-12-31
"https://w3id.org/italia/controlled-vocabulary/territorial-classifications/cities/018138-(1989-07-27)","018138","SANNAZZARO DE' BURGONDI",1989-07-27,9999-12-31
"https://w3id.org/italia/controlled-vocabulary/territorial-classifications/cities/018139-(1948-01-01)","018139","SANTA CRISTINA E BISSONE",1948-01-01,9999-12-31
"https://w3id.org/italia/controlled-vocabulary/territorial-classifications/cities/018147-(1948-01-01)","018147","SCALDASOLE",1948-01-01,9999-12-31
"https://w3id.org/italia/controlled-vocabulary/territorial-classifications/cities/018149-(1948-01-01)","018149","SILVANO PIETRA",1948-01-01,9999-12-31
"https://w3id.org/italia/controlled-vocabulary/territorial-classifications/cities/018152-(1948-01-01)","018152","SPESSA",1948-01-01,9999-12-31
"https://w3id.org/italia/controlled-vocabulary/territorial-classifications/cities/018167-(1948-01-01)","018167","VALEGGIO",1948-01-01,9999-12-31
"https://w3id.org/italia/controlled-vocabulary/territorial-classifications/cities/018172-(1948-01-01)","018172","VELEZZO LOMELLINA",1948-01-01,9999-12-31
"https://w3id.org/italia/controlled-vocabulary/territorial-classifications/cities/018175-(1954-07-15)","018175","VERRUA PO",1954-07-15,9999-12-31
"https://w3id.org/italia/controlled-vocabulary/territorial-classifications/cities/018177-(1948-01-01)","018177","VIGEVANO",1948-01-01,9999-12-31
"https://w3id.org/italia/controlled-vocabulary/territorial-classifications/cities/018180-(1948-01-01)","018180","VILLANTERIO",1948-01-01,9999-12-31
"https://w3id.org/italia/controlled-vocabulary/territorial-classifications/cities/018187-(1948-01-01)","018187","ZENEVREDO",1948-01-01,9999-12-31
"https://w3id.org/italia/controlled-vocabulary/territorial-classifications/cities/018190-(1948-01-01)","018190","ZINASCO",1948-01-01,9999-12-31
"https://w3id.org/italia/controlled-vocabulary/territorial-classifications/cities/019002-(1948-01-01)","019002","AGNADELLO",1948-01-01,9999-12-31
"https://w3id.org/italia/controlled-vocabulary/territorial-classifications/cities/019012-(1948-01-01)","019012","CAPERGNANICA",1948-01-01,9999-12-31
"https://w3id.org/italia/controlled-vocabulary/territorial-classifications/cities/019022-(1948-01-01)","019022","CASALMORANO",1948-01-01,9999-12-31
"https://w3id.org/italia/controlled-vocabulary/territorial-classifications/cities/019032-(1948-01-01)","019032","CORTE DE' CORTESI CON CIGNONE",1948-01-01,9999-12-31
"https://w3id.org/italia/controlled-vocabulary/territorial-classifications/cities/019036-(1948-01-01)","019036","CREMONA",1948-01-01,9999-12-31
"https://w3id.org/italia/controlled-vocabulary/territorial-classifications/cities/019037-(1953-08-26)","019037","CREMOSANO",1953-08-26,9999-12-31
"https://w3id.org/italia/controlled-vocabulary/territorial-classifications/cities/019046-(1948-01-01)","019046","GADESCO-PIEVE DELMONA",1948-01-01,9999-12-31
"https://w3id.org/italia/controlled-vocabulary/territorial-classifications/cities/019056-(1948-01-01)","019056","MALAGNINO",1948-01-01,9999-12-31
"https://w3id.org/italia/controlled-vocabulary/territorial-classifications/cities/019064-(1948-01-01)","019064","OSTIANO",1948-01-01,9999-12-31
"https://w3id.org/italia/controlled-vocabulary/territorial-classifications/cities/019066-(1948-01-01)","019066","PALAZZO PIGNANO",1948-01-01,9999-12-31
"https://w3id.org/italia/controlled-vocabulary/territorial-classifications/cities/019074-(1948-01-01)","019074","PIEVE D'OLMI",1948-01-01,9999-12-31
"https://w3id.org/italia/controlled-vocabulary/territorial-classifications/cities/019076-(1948-01-01)","019076","PIZZIGHETTONE",1948-01-01,9999-12-31
"https://w3id.org/italia/controlled-vocabulary/territorial-classifications/cities/019082-(1955-03-12)","019082","RIPALTA GUERINA",1955-03-12,9999-12-31
"https://w3id.org/italia/controlled-vocabulary/territorial-classifications/cities/019084-(1948-01-01)","019084","RIVOLTA D'ADDA",1948-01-01,9999-12-31
"https://w3id.org/italia/controlled-vocabulary/territorial-classifications/cities/019094-(1948-01-01)","019094","SERGNANO",1948-01-01,9999-12-31
"https://w3id.org/italia/controlled-vocabulary/territorial-classifications/cities/019098-(1948-01-01)","019098","SORESINA",1948-01-01,9999-12-31
"https://w3id.org/italia/controlled-vocabulary/territorial-classifications/cities/019100-(1948-01-01)","019100","SPINADESCO",1948-01-01,9999-12-31
"https://w3id.org/italia/controlled-vocabulary/territorial-classifications/cities/019109-(1948-01-01)","019109","TRESCORE CREMASCO",1948-01-01,9999-12-31
"https://w3id.org/italia/controlled-vocabulary/territorial-classifications/cities/019110-(1948-01-01)","019110","TRIGOLO",1948-01-01,9999-12-31
"https://w3id.org/italia/controlled-vocabulary/territorial-classifications/cities/019116-(2019-01-01)","019116","PIADENA DRIZZONA",2019-01-01,9999-12-31
"https://w3id.org/italia/controlled-vocabulary/territorial-classifications/cities/020019-(1948-01-01)","020019","CERESARA",1948-01-01,9999-12-31
"https://w3id.org/italia/controlled-vocabulary/territorial-classifications/cities/020027-(1948-01-01)","020027","GONZAGA",1948-01-01,9999-12-31
"https://w3id.org/italia/controlled-vocabulary/territorial-classifications/cities/020029-(1948-01-01)","020029","MAGNACAVALLO",1948-01-01,9999-12-31
"https://w3id.org/italia/controlled-vocabulary/territorial-classifications/cities/020032-(1948-01-01)","020032","MARIANA MANTOVANA",1948-01-01,9999-12-31
"https://w3id.org/italia/controlled-vocabulary/territorial-classifications/cities/020037-(1948-01-01)","020037","MOTTEGGIANA",1948-01-01,9999-12-31
"https://w3id.org/italia/controlled-vocabulary/territorial-classifications/cities/020039-(1948-01-01)","020039","PEGOGNAGA",1948-01-01,9999-12-31
"https://w3id.org/italia/controlled-vocabulary/territorial-classifications/cities/020042-(1948-01-01)","020042","POGGIO RUSCO",1948-01-01,9999-12-31
"https://w3id.org/italia/controlled-vocabulary/territorial-classifications/cities/020047-(1948-01-01)","020047","QUISTELLO",1948-01-01,9999-12-31
"https://w3id.org/italia/controlled-vocabulary/territorial-classifications/cities/020062-(1948-01-01)","020062","SERRAVALLE A PO",1948-01-01,9999-12-31
"https://w3id.org/italia/controlled-vocabulary/territorial-classifications/cities/020070-(1948-01-01)","020070","VOLTA MANTOVANA",1948-01-01,9999-12-31
"https://w3id.org/italia/controlled-vocabulary/territorial-classifications/cities/097001-(1995-01-01)","097001","ABBADIA LARIANA",1995-01-01,9999-12-31
"https://w3id.org/italia/controlled-vocabulary/territorial-classifications/cities/097009-(2004-06-08)","097009","BOSISIO PARINI",2004-06-08,9999-12-31
"https://w3id.org/italia/controlled-vocabulary/territorial-classifications/cities/097011-(1995-01-01)","097011","BULCIAGO",1995-01-01,9999-12-31
"https://w3id.org/italia/controlled-vocabulary/territorial-classifications/cities/097025-(1995-01-01)","097025","CORTENOVA",1995-01-01,9999-12-31
"https://w3id.org/italia/controlled-vocabulary/territorial-classifications/cities/097031-(1995-01-01)","097031","DOLZAGO",1995-01-01,9999-12-31
"https://w3id.org/italia/controlled-vocabulary/territorial-classifications/cities/097035-(1995-01-01)","097035","ESINO LARIO",1995-01-01,9999-12-31
"https://w3id.org/italia/controlled-vocabulary/territorial-classifications/cities/097045-(1995-01-01)","097045","MALGRATE",1995-01-01,9999-12-31
"https://w3id.org/italia/controlled-vocabulary/territorial-classifications/cities/097055-(1995-01-01)","097055","MORTERONE",1995-01-01,9999-12-31
"https://w3id.org/italia/controlled-vocabulary/territorial-classifications/cities/097059-(1995-01-01)","097059","OLGINATE",1995-01-01,9999-12-31
"https://w3id.org/italia/controlled-vocabulary/territorial-classifications/cities/097065-(1995-01-01)","097065","PASTURO",1995-01-01,9999-12-31
"https://w3id.org/italia/controlled-vocabulary/territorial-classifications/cities/097069-(1995-01-01)","097069","PREMANA",1995-01-01,9999-12-31
"https://w3id.org/italia/controlled-vocabulary/territorial-classifications/cities/097079-(1995-01-01)","097079","TACENO",1995-01-01,9999-12-31
"https://w3id.org/italia/controlled-vocabulary/territorial-classifications/cities/098010-(2020-02-05)","098010","CASALPUSTERLENGO",2020-02-05,9999-12-31
"https://w3id.org/italia/controlled-vocabulary/territorial-classifications/cities/098017-(1995-01-01)","098017","CAVENAGO D'ADDA",1995-01-01,9999-12-31
"https://w3id.org/italia/controlled-vocabulary/territorial-classifications/cities/098027-(1995-01-01)","098027","GALGAGNANO",1995-01-01,9999-12-31
"https://w3id.org/italia/controlled-vocabulary/territorial-classifications/cities/098030-(1995-01-01)","098030","LIVRAGA",1995-01-01,9999-12-31
"https://w3id.org/italia/controlled-vocabulary/territorial-classifications/cities/098040-(1995-01-01)","098040","MONTANASO LOMBARDO",1995-01-01,9999-12-31
"https://w3id.org/italia/controlled-vocabulary/territorial-classifications/cities/098050-(1995-01-01)","098050","SANT'ANGELO LODIGIANO",1995-01-01,9999-12-31
"https://w3id.org/italia/controlled-vocabulary/territorial-classifications/cities/098059-(1995-01-01)","098059","VALERA FRATTA",1995-01-01,9999-12-31
"https://w3id.org/italia/controlled-vocabulary/territorial-classifications/cities/098060-(1995-01-01)","098060","VILLANOVA DEL SILLARO",1995-01-01,9999-12-31
"https://w3id.org/italia/controlled-vocabulary/territorial-classifications/cities/098062-(2018-01-01)","098062","CASTELGERUNDO",2018-01-01,9999-12-31
"https://w3id.org/italia/controlled-vocabulary/territorial-classifications/cities/108001-(2009-06-30)","108001","AGRATE BRIANZA",2009-06-30,9999-12-31
"https://w3id.org/italia/controlled-vocabulary/territorial-classifications/cities/108011-(2009-06-30)","108011","BRIOSCO",2009-06-30,9999-12-31
"https://w3id.org/italia/controlled-vocabulary/territorial-classifications/cities/108015-(2009-06-30)","108015","CARATE BRIANZA",2009-06-30,9999-12-31
"https://w3id.org/italia/controlled-vocabulary/territorial-classifications/cities/108021-(2009-06-30)","108021","CONCOREZZO",2009-06-30,9999-12-31
"https://w3id.org/italia/controlled-vocabulary/territorial-classifications/cities/108025-(2009-06-30)","108025","LAZZATE",2009-06-30,9999-12-31
"https://w3id.org/italia/controlled-vocabulary/territorial-classifications/cities/108035-(2009-06-30)","108035","NOVA MILANESE",2009-06-30,9999-12-31
"https://w3id.org/italia/controlled-vocabulary/territorial-classifications/cities/108045-(2009-06-30)","108045","VAREDO",2009-06-30,9999-12-31
"https://w3id.org/italia/controlled-vocabulary/territorial-classifications/cities/108054-(2009-12-18)","108054","LENTATE SUL SEVESO",2009-12-18,9999-12-31
"https://w3id.org/italia/controlled-vocabulary/territorial-classifications/cities/012008-(1957-08-13)","012008","BARASSO",1957-08-13,9999-12-31
"https://w3id.org/italia/controlled-vocabulary/territorial-classifications/cities/012010-(1948-01-01)","012010","BEDERO VALCUVIA",1948-01-01,9999-12-31
"https://w3id.org/italia/controlled-vocabulary/territorial-classifications/cities/012019-(1953-09-01)","012019","BRENTA",1953-09-01,9999-12-31
"https://w3id.org/italia/controlled-vocabulary/territorial-classifications/cities/012024-(1948-01-01)","012024","BRUSIMPIANO",1948-01-01,9999-12-31
"https://w3id.org/italia/controlled-vocabulary/territorial-classifications/cities/012025-(1956-03-04)","012025","BUGUGGIATE",1956-03-04,9999-12-31
"https://w3id.org/italia/controlled-vocabulary/territorial-classifications/cities/012030-(1968-07-10)","012030","CANTELLO",1968-07-10,9999-12-31
"https://w3id.org/italia/controlled-vocabulary/territorial-classifications/cities/012034-(1948-01-01)","012034","CARONNO PERTUSELLA",1948-01-01,9999-12-31
"https://w3id.org/italia/controlled-vocabulary/territorial-classifications/cities/012039-(1948-01-01)","012039","CASORATE SEMPIONE",1948-01-01,9999-12-31
"https://w3id.org/italia/controlled-vocabulary/territorial-classifications/cities/012042-(1948-01-01)","012042","CASTELLANZA",1948-01-01,9999-12-31
"https://w3id.org/italia/controlled-vocabulary/territorial-classifications/cities/012044-(1948-01-01)","012044","CASTELSEPRIO",1948-01-01,9999-12-31
"https://w3id.org/italia/controlled-vocabulary/territorial-classifications/cities/012072-(1948-01-01)","012072","GAVIRATE",1948-01-01,9999-12-31
"https://w3id.org/italia/controlled-vocabulary/territorial-classifications/cities/012076-(1948-01-01)","012076","GERMIGNAGA",1948-01-01,9999-12-31
"https://w3id.org/italia/controlled-vocabulary/territorial-classifications/cities/012086-(1948-01-01)","012086","LAVENA PONTE TRESA",1948-01-01,9999-12-31
"https://w3id.org/italia/controlled-vocabulary/territorial-classifications/cities/012096-(1948-01-01)","012096","MALNATE",1948-01-01,9999-12-31
"https://w3id.org/italia/controlled-vocabulary/territorial-classifications/cities/012107-(1948-01-01)","012107","OGGIONA CON SANTO STEFANO",1948-01-01,9999-12-31
"https://w3id.org/italia/controlled-vocabulary/territorial-classifications/cities/012119-(1950-07-19)","012119","SARONNO",1950-07-19,9999-12-31
"https://w3id.org/italia/controlled-vocabulary/territorial-classifications/cities/012120-(1948-01-01)","012120","SESTO CALENDE",1948-01-01,9999-12-31
"https://w3id.org/italia/controlled-vocabulary/territorial-classifications/cities/012122-(1948-01-01)","012122","SOLBIATE OLONA",1948-01-01,9999-12-31
"https://w3id.org/italia/controlled-vocabulary/territorial-classifications/cities/012132-(1948-01-01)","012132","VARANO BORGHI",1948-01-01,9999-12-31
"https://w3id.org/italia/controlled-vocabulary/territorial-classifications/cities/012140-(1948-01-01)","012140","VIZZOLA TICINO",1948-01-01,9999-12-31
"https://w3id.org/italia/controlled-vocabulary/territorial-classifications/cities/013004-(1948-01-01)","013004","ALBESE CON CASSANO",1948-01-01,9999-12-31
"https://w3id.org/italia/controlled-vocabulary/territorial-classifications/cities/013006-(1948-01-01)","013006","ALSERIO",1948-01-01,9999-12-31
"https://w3id.org/italia/controlled-vocabulary/territorial-classifications/cities/013012-(1950-04-05)","013012","AROSIO",1950-04-05,9999-12-31
"https://w3id.org/italia/controlled-vocabulary/territorial-classifications/cities/013022-(1948-04-23)","013022","BEREGAZZO CON FIGLIARO",1948-04-23,9999-12-31
"https://w3id.org/italia/controlled-vocabulary/territorial-classifications/cities/013024-(1948-01-01)","013024","BIZZARONE",1948-01-01,9999-12-31
"https://w3id.org/italia/controlled-vocabulary/territorial-classifications/cities/013044-(1948-01-01)","013044","CARATE URIO",1948-01-01,9999-12-31
"https://w3id.org/italia/controlled-vocabulary/territorial-classifications/cities/013058-(1948-01-01)","013058","CASTELMARTE",1948-01-01,9999-12-31
"https://w3id.org/italia/controlled-vocabulary/territorial-classifications/cities/013068-(1948-01-01)","013068","CIRIMIDO",1948-01-01,9999-12-31
"https://w3id.org/italia/controlled-vocabulary/territorial-classifications/cities/013118-(1948-01-01)","013118","INVERIGO",1948-01-01,9999-12-31
"https://w3id.org/italia/controlled-vocabulary/territorial-classifications/cities/013121-(1967-03-10)","013121","LAMBRUGO",1967-03-10,9999-12-31
"https://w3id.org/italia/controlled-vocabulary/territorial-classifications/cities/013126-(1948-01-01)","013126","LEZZENO",1948-01-01,9999-12-31
"https://w3id.org/italia/controlled-vocabulary/territorial-classifications/cities/013128-(1948-01-01)","013128","LIMIDO COMASCO",1948-01-01,9999-12-31
"https://w3id.org/italia/controlled-vocabulary/territorial-classifications/cities/013133-(1967-08-18)","013133","LOMAZZO",1967-08-18,9999-12-31
"https://w3id.org/italia/controlled-vocabulary/territorial-classifications/cities/013159-(1953-09-13)","013159","MOZZATE",1953-09-13,9999-12-31
"https://w3id.org/italia/controlled-vocabulary/territorial-classifications/cities/013161-(1948-01-01)","013161","NESSO",1948-01-01,9999-12-31
"https://w3id.org/italia/controlled-vocabulary/territorial-classifications/cities/013204-(1950-04-05)","013204","SAN BARTOLOMEO VAL CAVARGNA",1950-04-05,9999-12-31
"https://w3id.org/italia/controlled-vocabulary/territorial-classifications/cities/013216-(1948-01-01)","013216","SORICO",1948-01-01,9999-12-31
"https://w3id.org/italia/controlled-vocabulary/territorial-classifications/cities/013238-(1950-04-05)","013238","VENIANO",1950-04-05,9999-12-31
"https://w3id.org/italia/controlled-vocabulary/territorial-classifications/cities/013245-(2013-11-12)","013245","VILLA GUARDIA",2013-11-12,9999-12-31
"https://w3id.org/italia/controlled-vocabulary/territorial-classifications/cities/013250-(2014-02-04)","013250","BELLAGIO",2014-02-04,9999-12-31
"https://w3id.org/italia/controlled-vocabulary/territorial-classifications/cities/013255-(2019-01-01)","013255","SOLBIATE CON CAGNO",2019-01-01,9999-12-31
"https://w3id.org/italia/controlled-vocabulary/territorial-classifications/cities/014011-(1948-01-01)","014011","CAIOLO",1948-01-01,9999-12-31
"https://w3id.org/italia/controlled-vocabulary/territorial-classifications/cities/014021-(1948-01-01)","014021","CINO",1948-01-01,9999-12-31
"https://w3id.org/italia/controlled-vocabulary/territorial-classifications/cities/014025-(1964-01-28)","014025","DAZIO",1964-01-28,9999-12-31
"https://w3id.org/italia/controlled-vocabulary/territorial-classifications/cities/014053-(1948-01-01)","014053","POSTALESIO",1948-01-01,9999-12-31
"https://w3id.org/italia/controlled-vocabulary/territorial-classifications/cities/014055-(1948-01-01)","014055","RASURA",1948-01-01,9999-12-31
"https://w3id.org/italia/controlled-vocabulary/territorial-classifications/cities/014063-(1948-01-01)","014063","TALAMONA",1948-01-01,9999-12-31
"https://w3id.org/italia/controlled-vocabulary/territorial-classifications/cities/014065-(1959-09-09)","014065","TEGLIO",1959-09-09,9999-12-31
"https://w3id.org/italia/controlled-vocabulary/territorial-classifications/cities/014073-(1948-01-01)","014073","VALFURVA",1948-01-01,9999-12-31
"https://w3id.org/italia/controlled-vocabulary/territorial-classifications/cities/015014-(2015-01-01)","015014","BASIANO",2015-01-01,9999-12-31
"https://w3id.org/italia/controlled-vocabulary/territorial-classifications/cities/015024-(2015-01-01)","015024","BINASCO",2015-01-01,9999-12-31
"https://w3id.org/italia/controlled-vocabulary/territorial-classifications/cities/015027-(2017-03-11)","015027","BOLLATE",2017-03-11,9999-12-31
"https://w3id.org/italia/controlled-vocabulary/territorial-classifications/cities/015038-(2015-01-01)","015038","BUSCATE",2015-01-01,9999-12-31
"https://w3id.org/italia/controlled-vocabulary/territorial-classifications/cities/015058-(2015-01-01)","015058","CASOREZZO",2015-01-01,9999-12-31
"https://w3id.org/italia/controlled-vocabulary/territorial-classifications/cities/015061-(2015-01-01)","015061","CASSINETTA DI LUGAGNANO",2015-01-01,9999-12-31
"https://w3id.org/italia/controlled-vocabulary/territorial-classifications/cities/015071-(2015-01-01)","015071","CERRO AL LAMBRO",2015-01-01,9999-12-31
"https://w3id.org/italia/controlled-vocabulary/territorial-classifications/cities/015081-(2015-01-01)","015081","COLOGNO MONZESE",2015-01-01,9999-12-31
"https://w3id.org/italia/controlled-vocabulary/territorial-classifications/cities/015108-(2015-01-01)","015108","GORGONZOLA",2015-01-01,9999-12-31
"https://w3id.org/italia/controlled-vocabulary/territorial-classifications/cities/015116-(2015-01-01)","015116","LAINATE",2015-01-01,9999-12-31
"https://w3id.org/italia/controlled-vocabulary/territorial-classifications/cities/015118-(2015-01-01)","015118","LEGNANO",2015-01-01,9999-12-31
"https://w3id.org/italia/controlled-vocabulary/territorial-classifications/cities/015131-(2015-01-01)","015131","MAGNAGO",2015-01-01,9999-12-31
"https://w3id.org/italia/controlled-vocabulary/territorial-classifications/cities/015136-(2015-01-01)","015136","MASATE",2015-01-01,9999-12-31
"https://w3id.org/italia/controlled-vocabulary/territorial-classifications/cities/015146-(2015-01-01)","015146","MILANO",2015-01-01,9999-12-31
"https://w3id.org/italia/controlled-vocabulary/territorial-classifications/cities/015151-(2015-01-01)","015151","MOTTA VISCONTI",2015-01-01,9999-12-31
"https://w3id.org/italia/controlled-vocabulary/territorial-classifications/cities/015183-(2015-01-01)","015183","ROBECCHETTO CON INDUNO",2015-01-01,9999-12-31
"https://w3id.org/italia/controlled-vocabulary/territorial-classifications/cities/015204-(2015-01-01)","015204","SEDRIANO",2015-01-01,9999-12-31
"https://w3id.org/italia/controlled-vocabulary/territorial-classifications/cities/015248-(2015-01-01)","015248","VILLA CORTESE",2015-01-01,9999-12-31
"https://w3id.org/italia/controlled-vocabulary/territorial-classifications/cities/016002-(1948-01-01)","016002","ADRARA SAN ROCCO",1948-01-01,9999-12-31
"https://w3id.org/italia/controlled-vocabulary/territorial-classifications/cities/016012-(1948-01-01)","016012","ARDESIO",1948-01-01,9999-12-31
"https://w3id.org/italia/controlled-vocabulary/territorial-classifications/cities/016014-(1978-02-12)","016014","AVERARA",1978-02-12,9999-12-31
"https://w3id.org/italia/controlled-vocabulary/territorial-classifications/cities/016022-(1948-01-01)","016022","BEDULITA",1948-01-01,9999-12-31
"https://w3id.org/italia/controlled-vocabulary/territorial-classifications/cities/016032-(1948-01-01)","016032","BORGO DI TERZO",1948-01-01,9999-12-31
"https://w3id.org/italia/controlled-vocabulary/territorial-classifications/cities/016035-(1948-04-22)","016035","BRACCA",1948-04-22,9999-12-31
"https://w3id.org/italia/controlled-vocabulary/territorial-classifications/cities/016036-(1948-01-01)","016036","BRANZI",1948-01-01,9999-12-31
"https://w3id.org/italia/controlled-vocabulary/territorial-classifications/cities/016046-(1948-01-01)","016046","CALUSCO D'ADDA",1948-01-01,9999-12-31
"https://w3id.org/italia/controlled-vocabulary/territorial-classifications/cities/016049-(1953-02-17)","016049","CANONICA D'ADDA",1953-02-17,9999-12-31
"https://w3id.org/italia/controlled-vocabulary/territorial-classifications/cities/016056-(1948-01-01)","016056","CARONA",1948-01-01,9999-12-31
"https://w3id.org/italia/controlled-vocabulary/territorial-classifications/cities/016066-(1948-01-01)","016066","CAVERNAGO",1948-01-01,9999-12-31
"https://w3id.org/italia/controlled-vocabulary/territorial-classifications/cities/016074-(1948-01-01)","016074","CISANO BERGAMASCO",1948-01-01,9999-12-31
"https://w3id.org/italia/controlled-vocabulary/territorial-classifications/cities/016084-(1964-06-27)","016084","COSTA DI MEZZATE",1964-06-27,9999-12-31
"https://w3id.org/italia/controlled-vocabulary/territorial-classifications/cities/016094-(1948-01-01)","016094","ENTRATICO",1948-01-01,9999-12-31
"https://w3id.org/italia/controlled-vocabulary/territorial-classifications/cities/016109-(1948-01-01)","016109","GANDOSSO",1948-01-01,9999-12-31
"https://w3id.org/italia/controlled-vocabulary/territorial-classifications/cities/016110-(1968-09-18)","016110","GAVERINA TERME",1968-09-18,9999-12-31
"https://w3id.org/italia/controlled-vocabulary/territorial-classifications/cities/016114-(1948-01-01)","016114","GORLAGO",1948-01-01,9999-12-31
"https://w3id.org/italia/controlled-vocabulary/territorial-classifications/cities/016120-(1948-01-01)","016120","GRUMELLO DEL MONTE",1948-01-01,9999-12-31
"https://w3id.org/italia/controlled-vocabulary/territorial-classifications/cities/016124-(1948-01-01)","016124","LEFFE",1948-01-01,9999-12-31
"https://w3id.org/italia/controlled-vocabulary/territorial-classifications/cities/016134-(1948-01-01)","016134","MEZZOLDO",1948-01-01,9999-12-31
"https://w3id.org/italia/controlled-vocabulary/territorial-classifications/cities/016144-(1948-01-01)","016144","NEMBRO",1948-01-01,9999-12-31
"https://w3id.org/italia/controlled-vocabulary/territorial-classifications/cities/016150-(2010-02-13)","016150","ORIO AL SERIO",2010-02-13,9999-12-31
"https://w3id.org/italia/controlled-vocabulary/territorial-classifications/cities/016152-(1948-01-01)","016152","OSIO SOPRA",1948-01-01,9999-12-31
"https://w3id.org/italia/controlled-vocabulary/territorial-classifications/cities/016154-(1948-01-01)","016154","PAGAZZANO",1948-01-01,9999-12-31
"https://w3id.org/italia/controlled-vocabulary/territorial-classifications/cities/016164-(1978-02-12)","016164","PIAZZA BREMBANA",1978-02-12,9999-12-31
"https://w3id.org/italia/controlled-vocabulary/territorial-classifications/cities/016168-(1956-05-24)","016168","PONTE NOSSA",1956-05-24,9999-12-31
"https://w3id.org/italia/controlled-vocabulary/territorial-classifications/cities/016178-(1948-01-01)","016178","RANICA",1948-01-01,9999-12-31
"https://w3id.org/italia/controlled-vocabulary/territorial-classifications/cities/016186-(1948-01-01)","016186","ROTA D'IMAGNA",1948-01-01,9999-12-31
"https://w3id.org/italia/controlled-vocabulary/territorial-classifications/cities/016188-(1948-01-01)","016188","SAN GIOVANNI BIANCO",1948-01-01,9999-12-31
"https://w3id.org/italia/controlled-vocabulary/territorial-classifications/cities/016200-(1948-04-23)","016200","SOLTO COLLINA",1948-04-23,9999-12-31
"https://w3id.org/italia/controlled-vocabulary/territorial-classifications/cities/016202-(1948-01-01)","016202","SORISOLE",1948-01-01,9999-12-31
"https://w3id.org/italia/controlled-vocabulary/territorial-classifications/cities/016212-(1948-01-01)","016212","TELGATE",1948-01-01,9999-12-31
"https://w3id.org/italia/controlled-vocabulary/territorial-classifications/cities/016220-(1983-05-20)","016220","TREVIOLO",1983-05-20,9999-12-31
"https://w3id.org/italia/controlled-vocabulary/territorial-classifications/cities/016222-(1948-01-01)","016222","URGNANO",1948-01-01,9999-12-31
"https://w3id.org/italia/controlled-vocabulary/territorial-classifications/cities/016226-(1948-01-01)","016226","VALLEVE",1948-01-01,9999-12-31
"https://w3id.org/italia/controlled-vocabulary/territorial-classifications/cities/016232-(1948-01-01)","016232","VERDELLINO",1948-01-01,9999-12-31
"https://w3id.org/italia/controlled-vocabulary/territorial-classifications/cities/016236-(1948-01-01)","016236","VIGANO SAN MARTINO",1948-01-01,9999-12-31
"https://w3id.org/italia/controlled-vocabulary/territorial-classifications/cities/016239-(1951-09-11)","016239","VILLA D'ALMÈ",1951-09-11,9999-12-31
"https://w3id.org/italia/controlled-vocabulary/territorial-classifications/cities/016253-(2014-02-04)","016253","VAL BREMBILLA",2014-02-04,9999-12-31
"https://w3id.org/italia/controlled-vocabulary/territorial-classifications/cities/017001-(2002-10-26)","017001","ACQUAFREDDA",2002-10-26,9999-12-31
"https://w3id.org/italia/controlled-vocabulary/territorial-classifications/cities/017004-(1948-01-01)","017004","ALFIANELLO",1948-01-01,9999-12-31
"https://w3id.org/italia/controlled-vocabulary/territorial-classifications/cities/017008-(1957-07-12)","017008","AZZANO MELLA",1957-07-12,9999-12-31
"https://w3id.org/italia/controlled-vocabulary/territorial-classifications/cities/017026-(1948-01-01)","017026","BRANDICO",1948-01-01,9999-12-31
"https://w3id.org/italia/controlled-vocabulary/territorial-classifications/cities/017027-(1949-08-27)","017027","BRAONE",1949-08-27,9999-12-31
"https://w3id.org/italia/controlled-vocabulary/territorial-classifications/cities/017038-(1948-01-01)","017038","CAPRIOLO",1948-01-01,9999-12-31
"https://w3id.org/italia/controlled-vocabulary/territorial-classifications/cities/017041-(1948-01-01)","017041","CASTELCOVATI",1948-01-01,9999-12-31
"https://w3id.org/italia/controlled-vocabulary/territorial-classifications/cities/017047-(1948-01-21)","017047","CEDEGOLO",1948-01-21,9999-12-31
"https://w3id.org/italia/controlled-vocabulary/territorial-classifications/cities/017061-(1948-01-01)","017061","CONCESIO",1948-01-01,9999-12-31
"https://w3id.org/italia/controlled-vocabulary/territorial-classifications/cities/017081-(1948-01-01)","017081","GUSSAGO",1948-01-01,9999-12-31
"https://w3id.org/italia/controlled-vocabulary/territorial-classifications/cities/017095-(1948-01-01)","017095","LOZIO",1948-01-01,9999-12-31
"https://w3id.org/italia/controlled-vocabulary/territorial-classifications/cities/017106-(1948-01-01)","017106","MARONE",1948-01-01,9999-12-31
"https://w3id.org/italia/controlled-vocabulary/territorial-classifications/cities/017116-(1948-01-01)","017116","MUSCOLINE",1948-01-01,9999-12-31
"https://w3id.org/italia/controlled-vocabulary/territorial-classifications/cities/017145-(1967-11-24)","017145","POLPENAZZE DEL GARDA",1967-11-24,9999-12-31
"https://w3id.org/italia/controlled-vocabulary/territorial-classifications/cities/017147-(1956-10-07)","017147","PONCARALE",1956-10-07,9999-12-31
"https://w3id.org/italia/controlled-vocabulary/territorial-classifications/cities/017148-(1948-01-01)","017148","PONTE DI LEGNO",1948-01-01,9999-12-31
"https://w3id.org/italia/controlled-vocabulary/territorial-classifications/cities/017153-(1948-01-01)","017153","PRESEGLIE",1948-01-01,9999-12-31
"https://w3id.org/italia/controlled-vocabulary/territorial-classifications/cities/017160-(2002-10-26)","017160","REMEDELLO",2002-10-26,9999-12-31
"https://w3id.org/italia/controlled-vocabulary/territorial-classifications/cities/017173-(1948-01-01)","017173","SAN ZENO NAVIGLIO",1948-01-01,9999-12-31
"https://w3id.org/italia/controlled-vocabulary/territorial-classifications/cities/017175-(1957-12-26)","017175","SAVIORE DELL'ADAMELLO",1957-12-26,9999-12-31
"https://w3id.org/italia/controlled-vocabulary/territorial-classifications/cities/017178-(1948-01-01)","017178","SERLE",1948-01-01,9999-12-31
"https://w3id.org/italia/controlled-vocabulary/territorial-classifications/cities/017189-(2013-11-12)","017189","TREMOSINE SUL GARDA",2013-11-12,9999-12-31
"https://w3id.org/italia/controlled-vocabulary/territorial-classifications/cities/017191-(1948-01-01)","017191","TREVISO BRESCIANO",1948-01-01,9999-12-31
"https://w3id.org/italia/controlled-vocabulary/territorial-classifications/cities/017204-(1948-01-01)","017204","VOBARNO",1948-01-01,9999-12-31
"https://w3id.org/italia/controlled-vocabulary/territorial-classifications/cities/018003-(1948-01-01)","018003","ALBONESE",1948-01-01,9999-12-31
"https://w3id.org/italia/controlled-vocabulary/territorial-classifications/cities/018011-(2006-05-12)","018011","BASTIDA PANCARANA",2006-05-12,9999-12-31
"https://w3id.org/italia/controlled-vocabulary/territorial-classifications/cities/018013-(1961-03-09)","018013","BELGIOIOSO",1961-03-09,9999-12-31
"https://w3id.org/italia/controlled-vocabulary/territorial-classifications/cities/018021-(1958-03-30)","018021","BRALLO DI PREGOLA",1958-03-30,9999-12-31
"https://w3id.org/italia/controlled-vocabulary/territorial-classifications/cities/018033-(1948-01-01)","018033","CASEI GEROLA",1948-01-01,9999-12-31
"https://w3id.org/italia/controlled-vocabulary/territorial-classifications/cities/018037-(1948-01-01)","018037","CASTEGGIO",1948-01-01,9999-12-31
"https://w3id.org/italia/controlled-vocabulary/territorial-classifications/cities/018057-(1948-01-01)","018057","CORVINO SAN QUIRICO",1948-01-01,9999-12-31
"https://w3id.org/italia/controlled-vocabulary/territorial-classifications/cities/018067-(1948-01-01)","018067","GAMBARANA",1948-01-01,9999-12-31
"https://w3id.org/italia/controlled-vocabulary/territorial-classifications/cities/018075-(1948-01-01)","018075","GRAVELLONA LOMELLINA",1948-01-01,9999-12-31
"https://w3id.org/italia/controlled-vocabulary/territorial-classifications/cities/018095-(1958-03-30)","018095","MONTEBELLO DELLA BATTAGLIA",1958-03-30,9999-12-31
"https://w3id.org/italia/controlled-vocabulary/territorial-classifications/cities/018101-(1948-01-01)","018101","MORNICO LOSANA",1948-01-01,9999-12-31
"https://w3id.org/italia/controlled-vocabulary/territorial-classifications/cities/018111-(1948-01-01)","018111","PIETRA DE' GIORGI",1948-01-01,9999-12-31
"https://w3id.org/italia/controlled-vocabulary/territorial-classifications/cities/018117-(1956-06-06)","018117","PONTE NIZZA",1956-06-06,9999-12-31
"https://w3id.org/italia/controlled-vocabulary/territorial-classifications/cities/018121-(1948-01-01)","018121","RETORBIDO",1948-01-01,9999-12-31
"https://w3id.org/italia/controlled-vocabulary/territorial-classifications/cities/018125-(1948-01-01)","018125","ROCCA DE' GIORGI",1948-01-01,9999-12-31
"https://w3id.org/italia/controlled-vocabulary/territorial-classifications/cities/018131-(1948-01-01)","018131","ROVESCALA",1948-01-01,9999-12-31
"https://w3id.org/italia/controlled-vocabulary/territorial-classifications/cities/018145-(1948-01-01)","018145","SAN ZENONE AL PO",1948-01-01,9999-12-31
"https://w3id.org/italia/controlled-vocabulary/territorial-classifications/cities/018153-(1948-01-01)","018153","STRADELLA",1948-01-01,9999-12-31
"https://w3id.org/italia/controlled-vocabulary/territorial-classifications/cities/018155-(1948-01-01)","018155","TORRAZZA COSTE",1948-01-01,9999-12-31
"https://w3id.org/italia/controlled-vocabulary/territorial-classifications/cities/018159-(1948-01-01)","018159","TORRE D'ISOLA",1948-01-01,9999-12-31
"https://w3id.org/italia/controlled-vocabulary/territorial-classifications/cities/018162-(2004-08-28)","018162","TRAVACÒ SICCOMARIO",2004-08-28,9999-12-31
"https://w3id.org/italia/controlled-vocabulary/territorial-classifications/cities/018165-(1948-01-01)","018165","TROVO",1948-01-01,9999-12-31
"https://w3id.org/italia/controlled-vocabulary/territorial-classifications/cities/018169-(1948-01-01)","018169","VALLE SALIMBENE",1948-01-01,9999-12-31
"https://w3id.org/italia/controlled-vocabulary/territorial-classifications/cities/018179-(1948-01-01)","018179","VILLANOVA D'ARDENGHI",1948-01-01,9999-12-31
"https://w3id.org/italia/controlled-vocabulary/territorial-classifications/cities/018189-(1948-01-01)","018189","ZERBOLÒ",1948-01-01,9999-12-31
"https://w3id.org/italia/controlled-vocabulary/territorial-classifications/cities/018192-(2016-01-01)","018192","CORTEOLONA E GENZONE",2016-01-01,9999-12-31
"https://w3id.org/italia/controlled-vocabulary/territorial-classifications/cities/019005-(1948-01-01)","019005","BAGNOLO CREMASCO",1948-01-01,9999-12-31
"https://w3id.org/italia/controlled-vocabulary/territorial-classifications/cities/019009-(1948-01-01)","019009","CALVATONE",1948-01-01,9999-12-31
"https://w3id.org/italia/controlled-vocabulary/territorial-classifications/cities/019015-(1948-01-01)","019015","CAPRALBA",1948-01-01,9999-12-31
"https://w3id.org/italia/controlled-vocabulary/territorial-classifications/cities/019019-(1948-01-01)","019019","CASALETTO DI SOPRA",1948-01-01,9999-12-31
"https://w3id.org/italia/controlled-vocabulary/territorial-classifications/cities/019020-(1948-01-01)","019020","CASALETTO VAPRIO",1948-01-01,9999-12-31
"https://w3id.org/italia/controlled-vocabulary/territorial-classifications/cities/019029-(1948-01-01)","019029","CHIEVE",1948-01-01,9999-12-31
"https://w3id.org/italia/controlled-vocabulary/territorial-classifications/cities/019039-(1948-01-01)","019039","CUMIGNANO SUL NAVIGLIO",1948-01-01,9999-12-31
"https://w3id.org/italia/controlled-vocabulary/territorial-classifications/cities/019044-(1984-07-27)","019044","FORMIGARA",1984-07-27,9999-12-31
"https://w3id.org/italia/controlled-vocabulary/territorial-classifications/cities/019049-(1984-07-27)","019049","GOMBITO",1984-07-27,9999-12-31
"https://w3id.org/italia/controlled-vocabulary/territorial-classifications/cities/019052-(1948-01-01)","019052","GUSSOLA",1948-01-01,9999-12-31
"https://w3id.org/italia/controlled-vocabulary/territorial-classifications/cities/019062-(1948-01-01)","019062","OFFANENGO",1948-01-01,9999-12-31
"https://w3id.org/italia/controlled-vocabulary/territorial-classifications/cities/019065-(1950-12-10)","019065","PADERNO PONCHIELLI",1950-12-10,9999-12-31
"https://w3id.org/italia/controlled-vocabulary/territorial-classifications/cities/019080-(1948-01-01)","019080","RIPALTA ARPINA",1948-01-01,9999-12-31
"https://w3id.org/italia/controlled-vocabulary/territorial-classifications/cities/019090-(1948-01-01)","019090","SAN GIOVANNI IN CROCE",1948-01-01,9999-12-31
"https://w3id.org/italia/controlled-vocabulary/territorial-classifications/cities/019092-(1948-01-01)","019092","SCANDOLARA RAVARA",1948-01-01,9999-12-31
"https://w3id.org/italia/controlled-vocabulary/territorial-classifications/cities/019096-(1948-01-01)","019096","SOLAROLO RAINERIO",1948-01-01,9999-12-31
"https://w3id.org/italia/controlled-vocabulary/territorial-classifications/cities/020001-(1948-01-01)","020001","ACQUANEGRA SUL CHIESE",1948-01-01,9999-12-31
"https://w3id.org/italia/controlled-vocabulary/territorial-classifications/cities/020011-(1948-01-01)","020011","CASALOLDO",1948-01-01,9999-12-31
"https://w3id.org/italia/controlled-vocabulary/territorial-classifications/cities/020015-(1948-01-01)","020015","CASTEL GOFFREDO",1948-01-01,9999-12-31
"https://w3id.org/italia/controlled-vocabulary/territorial-classifications/cities/020021-(1948-01-01)","020021","CURTATONE",1948-01-01,9999-12-31
"https://w3id.org/italia/controlled-vocabulary/territorial-classifications/cities/020025-(1948-01-01)","020025","GAZZUOLO",1948-01-01,9999-12-31
"https://w3id.org/italia/controlled-vocabulary/territorial-classifications/cities/020035-(1948-01-01)","020035","MOGLIA",1948-01-01,9999-12-31
"https://w3id.org/italia/controlled-vocabulary/territorial-classifications/cities/020045-(1948-01-01)","020045","PORTO MANTOVANO",1948-01-01,9999-12-31
"https://w3id.org/italia/controlled-vocabulary/territorial-classifications/cities/020055-(1948-01-01)","020055","SAN BENEDETTO PO",1948-01-01,9999-12-31
"https://w3id.org/italia/controlled-vocabulary/territorial-classifications/cities/020059-(1948-01-01)","020059","SAN MARTINO DALL'ARGINE",1948-01-01,9999-12-31
"https://w3id.org/italia/controlled-vocabulary/territorial-classifications/cities/097008-(2020-01-01)","097008","BELLANO",2020-01-01,9999-12-31
"https://w3id.org/italia/controlled-vocabulary/territorial-classifications/cities/097018-(1995-01-01)","097018","CASSINA VALSASSINA",1995-01-01,9999-12-31
"https://w3id.org/italia/controlled-vocabulary/territorial-classifications/cities/097028-(1995-01-01)","097028","CREMELLA",1995-01-01,9999-12-31
"https://w3id.org/italia/controlled-vocabulary/territorial-classifications/cities/097038-(1995-01-01)","097038","GARLATE",1995-01-01,9999-12-31
"https://w3id.org/italia/controlled-vocabulary/territorial-classifications/cities/097043-(1995-01-01)","097043","LIERNA",1995-01-01,9999-12-31
"https://w3id.org/italia/controlled-vocabulary/territorial-classifications/cities/097051-(1995-01-01)","097051","MOLTENO",1995-01-01,9999-12-31
"https://w3id.org/italia/controlled-vocabulary/territorial-classifications/cities/097061-(1995-01-01)","097061","OSNAGO",1995-01-01,9999-12-31
"https://w3id.org/italia/controlled-vocabulary/territorial-classifications/cities/097071-(1995-01-01)","097071","ROBBIATE",1995-01-01,9999-12-31
"https://w3id.org/italia/controlled-vocabulary/territorial-classifications/cities/097075-(1995-01-01)","097075","SIRONE",1995-01-01,9999-12-31
"https://w3id.org/italia/controlled-vocabulary/territorial-classifications/cities/097091-(2014-02-04)","097091","VERDERIO",2014-02-04,9999-12-31
"https://w3id.org/italia/controlled-vocabulary/territorial-classifications/cities/097093-(2018-01-01)","097093","VALVARRONE",2018-01-01,9999-12-31
"https://w3id.org/italia/controlled-vocabulary/territorial-classifications/cities/098003-(1995-01-01)","098003","BOFFALORA D'ADDA",1995-01-01,9999-12-31
"https://w3id.org/italia/controlled-vocabulary/territorial-classifications/cities/098005-(1995-01-01)","098005","BORGO SAN GIOVANNI",1995-01-01,9999-12-31
"https://w3id.org/italia/controlled-vocabulary/territorial-classifications/cities/098013-(1995-01-01)","098013","CASTELNUOVO BOCCA D'ADDA",1995-01-01,9999-12-31
"https://w3id.org/italia/controlled-vocabulary/territorial-classifications/cities/098015-(1995-01-01)","098015","CASTIRAGA VIDARDO",1995-01-01,9999-12-31
"https://w3id.org/italia/controlled-vocabulary/territorial-classifications/cities/098023-(1995-01-01)","098023","CORNOVECCHIO",1995-01-01,9999-12-31
"https://w3id.org/italia/controlled-vocabulary/territorial-classifications/cities/098033-(1995-01-01)","098033","MACCASTORNA",1995-01-01,9999-12-31
"https://w3id.org/italia/controlled-vocabulary/territorial-classifications/cities/098037-(1995-01-01)","098037","MASSALENGO",1995-01-01,9999-12-31
"https://w3id.org/italia/controlled-vocabulary/territorial-classifications/cities/098043-(1995-01-01)","098043","OSPEDALETTO LODIGIANO",1995-01-01,9999-12-31
"https://w3id.org/italia/controlled-vocabulary/territorial-classifications/cities/098047-(1995-01-01)","098047","SAN FIORANO",1995-01-01,9999-12-31
"https://w3id.org/italia/controlled-vocabulary/territorial-classifications/cities/098057-(1995-01-01)","098057","TERRANOVA DEI PASSERINI",1995-01-01,9999-12-31
"https://w3id.org/italia/controlled-vocabulary/territorial-classifications/cities/108008-(2009-06-30)","108008","BESANA IN BRIANZA",2009-06-30,9999-12-31
"https://w3id.org/italia/controlled-vocabulary/territorial-classifications/cities/108018-(2009-06-30)","108018","CERIANO LAGHETTO",2009-06-30,9999-12-31
"https://w3id.org/italia/controlled-vocabulary/territorial-classifications/cities/108028-(2009-06-30)","108028","LISSONE",2009-06-30,9999-12-31
"https://w3id.org/italia/controlled-vocabulary/territorial-classifications/cities/108031-(2009-06-30)","108031","MEZZAGO",2009-06-30,9999-12-31
"https://w3id.org/italia/controlled-vocabulary/territorial-classifications/cities/108038-(2009-06-30)","108038","RONCO BRIANTINO",2009-06-30,9999-12-31
"https://w3id.org/italia/controlled-vocabulary/territorial-classifications/cities/108041-(2009-06-30)","108041","SOVICO",2009-06-30,9999-12-31
"https://w3id.org/italia/controlled-vocabulary/territorial-classifications/cities/012017-(1948-01-01)","012017","BREBBIA",1948-01-01,9999-12-31
"https://w3id.org/italia/controlled-vocabulary/territorial-classifications/cities/012029-(1952-10-18)","012029","CAIRATE",1952-10-18,9999-12-31
"https://w3id.org/italia/controlled-vocabulary/territorial-classifications/cities/012040-(1948-01-01)","012040","CASSANO MAGNAGO",1948-01-01,9999-12-31
"https://w3id.org/italia/controlled-vocabulary/territorial-classifications/cities/012049-(1948-01-01)","012049","CAZZAGO BRABBIA",1948-01-01,9999-12-31
"https://w3id.org/italia/controlled-vocabulary/territorial-classifications/cities/012050-(1948-01-01)","012050","CISLAGO",1948-01-01,9999-12-31
"https://w3id.org/italia/controlled-vocabulary/territorial-classifications/cities/012052-(1953-07-19)","012052","CLIVIO",1953-07-19,9999-12-31
"https://w3id.org/italia/controlled-vocabulary/territorial-classifications/cities/012054-(1948-01-01)","012054","COMABBIO",1948-01-01,9999-12-31
"https://w3id.org/italia/controlled-vocabulary/territorial-classifications/cities/012060-(1948-01-01)","012060","CUNARDO",1948-01-01,9999-12-31
"https://w3id.org/italia/controlled-vocabulary/territorial-classifications/cities/012064-(1948-01-01)","012064","DAVERIO",1948-01-01,9999-12-31
"https://w3id.org/italia/controlled-vocabulary/territorial-classifications/cities/012074-(1948-01-01)","012074","GEMONIO",1948-01-01,9999-12-31
"https://w3id.org/italia/controlled-vocabulary/territorial-classifications/cities/012084-(1948-01-01)","012084","ISPRA",1948-01-01,9999-12-31
"https://w3id.org/italia/controlled-vocabulary/territorial-classifications/cities/012093-(1957-08-13)","012093","LUVINATE",1957-08-13,9999-12-31
"https://w3id.org/italia/controlled-vocabulary/territorial-classifications/cities/012105-(1948-01-01)","012105","MORAZZONE",1948-01-01,9999-12-31
"https://w3id.org/italia/controlled-vocabulary/territorial-classifications/cities/012109-(1948-01-01)","012109","ORIGGIO",1948-01-01,9999-12-31
"https://w3id.org/italia/controlled-vocabulary/territorial-classifications/cities/012129-(1948-01-01)","012129","TRONZANO LAGO MAGGIORE",1948-01-01,9999-12-31
"https://w3id.org/italia/controlled-vocabulary/territorial-classifications/cities/012130-(1950-07-19)","012130","UBOLDO",1950-07-19,9999-12-31
"https://w3id.org/italia/controlled-vocabulary/territorial-classifications/cities/012139-(1953-10-15)","012139","VIGGIÙ",1953-10-15,9999-12-31
"https://w3id.org/italia/controlled-vocabulary/territorial-classifications/cities/012141-(1963-09-14)","012141","SANGIANO",1963-09-14,9999-12-31
"https://w3id.org/italia/controlled-vocabulary/territorial-classifications/cities/013010-(1950-04-05)","013010","APPIANO GENTILE",1950-04-05,9999-12-31
"https://w3id.org/italia/controlled-vocabulary/territorial-classifications/cities/013026-(1948-01-01)","013026","BLEVIO",1948-01-01,9999-12-31
"https://w3id.org/italia/controlled-vocabulary/territorial-classifications/cities/013029-(2009-08-23)","013029","BRENNA",2009-08-23,9999-12-31
"https://w3id.org/italia/controlled-vocabulary/territorial-classifications/cities/013032-(1948-01-01)","013032","BRUNATE",1948-01-01,9999-12-31
"https://w3id.org/italia/controlled-vocabulary/territorial-classifications/cities/013034-(1950-04-05)","013034","BULGAROGRASSO",1950-04-05,9999-12-31
"https://w3id.org/italia/controlled-vocabulary/territorial-classifications/cities/013074-(1950-04-05)","013074","COLONNO",1950-04-05,9999-12-31
"https://w3id.org/italia/controlled-vocabulary/territorial-classifications/cities/013092-(1948-04-17)","013092","DOSSO DEL LIRO",1948-04-17,9999-12-31
"https://w3id.org/italia/controlled-vocabulary/territorial-classifications/cities/013098-(1948-01-01)","013098","FAGGETO LARIO",1948-01-01,9999-12-31
"https://w3id.org/italia/controlled-vocabulary/territorial-classifications/cities/013100-(1948-01-01)","013100","FENEGRÒ",1948-01-01,9999-12-31
"https://w3id.org/italia/controlled-vocabulary/territorial-classifications/cities/013110-(1948-01-01)","013110","GRANDATE",1948-01-01,9999-12-31
"https://w3id.org/italia/controlled-vocabulary/territorial-classifications/cities/013114-(1948-01-01)","013114","GUANZATE",1948-01-01,9999-12-31
"https://w3id.org/italia/controlled-vocabulary/territorial-classifications/cities/013134-(1948-01-01)","013134","LONGONE AL SEGRINO",1948-01-01,9999-12-31
"https://w3id.org/italia/controlled-vocabulary/territorial-classifications/cities/013144-(1948-01-01)","013144","MASLIANICO",1948-01-01,9999-12-31
"https://w3id.org/italia/controlled-vocabulary/territorial-classifications/cities/013186-(1948-01-01)","013186","POGNANA LARIO",1948-01-01,9999-12-31
"https://w3id.org/italia/controlled-vocabulary/territorial-classifications/cities/013188-(1948-01-01)","013188","PONTE LAMBRO",1948-01-01,9999-12-31
"https://w3id.org/italia/controlled-vocabulary/territorial-classifications/cities/013202-(1982-02-06)","013202","ROVELLO PORRO",1982-02-06,9999-12-31
"https://w3id.org/italia/controlled-vocabulary/territorial-classifications/cities/013212-(1948-01-01)","013212","SENNA COMASCO",1948-01-01,9999-12-31
"https://w3id.org/italia/controlled-vocabulary/territorial-classifications/cities/013218-(1954-06-30)","013218","STAZZONA",1954-06-30,9999-12-31
"https://w3id.org/italia/controlled-vocabulary/territorial-classifications/cities/013222-(1948-01-01)","013222","TAVERNERIO",1948-01-01,9999-12-31
"https://w3id.org/italia/controlled-vocabulary/territorial-classifications/cities/013226-(1948-01-01)","013226","TREZZONE",1948-01-01,9999-12-31
"https://w3id.org/italia/controlled-vocabulary/territorial-classifications/cities/013232-(1948-01-01)","013232","VALMOREA",1948-01-01,9999-12-31
"https://w3id.org/italia/controlled-vocabulary/territorial-classifications/cities/014008-(1948-01-01)","014008","BIANZONE",1948-01-01,9999-12-31
"https://w3id.org/italia/controlled-vocabulary/territorial-classifications/cities/014018-(1948-01-01)","014018","CHIAVENNA",1948-01-01,9999-12-31
"https://w3id.org/italia/controlled-vocabulary/territorial-classifications/cities/014028-(1948-01-01)","014028","FAEDO VALTELLINO",1948-01-01,9999-12-31
"https://w3id.org/italia/controlled-vocabulary/territorial-classifications/cities/014031-(1948-01-01)","014031","GEROLA ALTA",1948-01-01,9999-12-31
"https://w3id.org/italia/controlled-vocabulary/territorial-classifications/cities/014032-(2015-11-25)","014032","GORDONA",2015-11-25,9999-12-31
"https://w3id.org/italia/controlled-vocabulary/territorial-classifications/cities/014041-(1948-01-01)","014041","MELLO",1948-01-01,9999-12-31
"https://w3id.org/italia/controlled-vocabulary/territorial-classifications/cities/014051-(1948-01-01)","014051","POGGIRIDENTI",1948-01-01,9999-12-31
"https://w3id.org/italia/controlled-vocabulary/territorial-classifications/cities/014061-(1948-01-01)","014061","SONDRIO",1948-01-01,9999-12-31
"https://w3id.org/italia/controlled-vocabulary/territorial-classifications/cities/014071-(1948-01-01)","014071","VALDIDENTRO",1948-01-01,9999-12-31
"https://w3id.org/italia/controlled-vocabulary/territorial-classifications/cities/014075-(1948-01-01)","014075","VERCEIA",1948-01-01,9999-12-31
"https://w3id.org/italia/controlled-vocabulary/territorial-classifications/cities/015002-(2015-01-01)","015002","ABBIATEGRASSO",2015-01-01,9999-12-31
"https://w3id.org/italia/controlled-vocabulary/territorial-classifications/cities/015009-(2017-03-11)","015009","ARESE",2017-03-11,9999-12-31
"https://w3id.org/italia/controlled-vocabulary/territorial-classifications/cities/015012-(2015-01-01)","015012","BAREGGIO",2015-01-01,9999-12-31
"https://w3id.org/italia/controlled-vocabulary/territorial-classifications/cities/015016-(2015-01-01)","015016","BELLINZAGO LOMBARDO",2015-01-01,9999-12-31
"https://w3id.org/italia/controlled-vocabulary/territorial-classifications/cities/015026-(2015-01-01)","015026","BOFFALORA SOPRA TICINO",2015-01-01,9999-12-31
"https://w3id.org/italia/controlled-vocabulary/territorial-classifications/cities/015036-(2015-01-01)","015036","BUCCINASCO",2015-01-01,9999-12-31
"https://w3id.org/italia/controlled-vocabulary/territorial-classifications/cities/015046-(2015-01-01)","015046","CANEGRATE",2015-01-01,9999-12-31
"https://w3id.org/italia/controlled-vocabulary/territorial-classifications/cities/015078-(2015-01-01)","015078","CISLIANO",2015-01-01,9999-12-31
"https://w3id.org/italia/controlled-vocabulary/territorial-classifications/cities/015093-(2015-01-01)","015093","CORSICO",2015-01-01,9999-12-31
"https://w3id.org/italia/controlled-vocabulary/territorial-classifications/cities/015098-(2015-01-01)","015098","CUSANO MILANINO",2015-01-01,9999-12-31
"https://w3id.org/italia/controlled-vocabulary/territorial-classifications/cities/015114-(2015-01-01)","015114","INZAGO",2015-01-01,9999-12-31
"https://w3id.org/italia/controlled-vocabulary/territorial-classifications/cities/015134-(2015-01-01)","015134","MARCALLO CON CASONE",2015-01-01,9999-12-31
"https://w3id.org/italia/controlled-vocabulary/territorial-classifications/cities/015158-(2015-01-01)","015158","NOVIGLIO",2015-01-01,9999-12-31
"https://w3id.org/italia/controlled-vocabulary/territorial-classifications/cities/015166-(2015-01-01)","015166","PADERNO DUGNANO",2015-01-01,9999-12-31
"https://w3id.org/italia/controlled-vocabulary/territorial-classifications/cities/015168-(2015-01-01)","015168","PARABIAGO",2015-01-01,9999-12-31
"https://w3id.org/italia/controlled-vocabulary/territorial-classifications/cities/015171-(2015-01-01)","015171","PESCHIERA BORROMEO",2015-01-01,9999-12-31
"https://w3id.org/italia/controlled-vocabulary/territorial-classifications/cities/015181-(2015-01-01)","015181","RESCALDINA",2015-01-01,9999-12-31
"https://w3id.org/italia/controlled-vocabulary/territorial-classifications/cities/015191-(2015-01-01)","015191","SAN COLOMBANO AL LAMBRO",2015-01-01,9999-12-31
"https://w3id.org/italia/controlled-vocabulary/territorial-classifications/cities/015202-(2015-01-01)","015202","SAN ZENONE AL LAMBRO",2015-01-01,9999-12-31
"https://w3id.org/italia/controlled-vocabulary/territorial-classifications/cities/015206-(2015-01-01)","015206","SENAGO",2015-01-01,9999-12-31
"https://w3id.org/italia/controlled-vocabulary/territorial-classifications/cities/015226-(2015-01-01)","015226","TURBIGO",2015-01-01,9999-12-31
"https://w3id.org/italia/controlled-vocabulary/territorial-classifications/cities/015236-(2015-01-01)","015236","VERNATE",2015-01-01,9999-12-31
"https://w3id.org/italia/controlled-vocabulary/territorial-classifications/cities/016009-(1948-01-01)","016009","AMBIVERE",1948-01-01,9999-12-31
"https://w3id.org/italia/controlled-vocabulary/territorial-classifications/cities/016010-(1948-01-01)","016010","ANTEGNATE",1948-01-01,9999-12-31
"https://w3id.org/italia/controlled-vocabulary/territorial-classifications/cities/016019-(1948-01-01)","016019","BARBATA",1948-01-01,9999-12-31
"https://w3id.org/italia/controlled-vocabulary/territorial-classifications/cities/016029-(1948-01-01)","016029","BOLTIERE",1948-01-01,9999-12-31
"https://w3id.org/italia/controlled-vocabulary/territorial-classifications/cities/016037-(2011-09-01)","016037","BREMBATE",2011-09-01,9999-12-31
"https://w3id.org/italia/controlled-vocabulary/territorial-classifications/cities/016052-(1948-01-01)","016052","CAPRINO BERGAMASCO",1948-01-01,9999-12-31
"https://w3id.org/italia/controlled-vocabulary/territorial-classifications/cities/016062-(1948-01-01)","016062","CASTELLI CALEPIO",1948-01-01,9999-12-31
"https://w3id.org/italia/controlled-vocabulary/territorial-classifications/cities/016076-(1948-01-01)","016076","CIVIDATE AL PIANO",1948-01-01,9999-12-31
"https://w3id.org/italia/controlled-vocabulary/territorial-classifications/cities/016082-(1948-01-01)","016082","CORNA IMAGNA",1948-01-01,9999-12-31
"https://w3id.org/italia/controlled-vocabulary/territorial-classifications/cities/016096-(1948-01-01)","016096","FARA GERA D'ADDA",1948-01-01,9999-12-31
"https://w3id.org/italia/controlled-vocabulary/territorial-classifications/cities/016117-(1948-01-01)","016117","GRASSOBBIO",1948-01-01,9999-12-31
"https://w3id.org/italia/controlled-vocabulary/territorial-classifications/cities/016118-(1968-07-26)","016118","GROMO",1968-07-26,9999-12-31
"https://w3id.org/italia/controlled-vocabulary/territorial-classifications/cities/016122-(1948-01-01)","016122","ISSO",1948-01-01,9999-12-31
"https://w3id.org/italia/controlled-vocabulary/territorial-classifications/cities/016127-(1948-01-01)","016127","LOCATELLO",1948-01-01,9999-12-31
"https://w3id.org/italia/controlled-vocabulary/territorial-classifications/cities/016130-(1948-01-01)","016130","LUZZANA",1948-01-01,9999-12-31
"https://w3id.org/italia/controlled-vocabulary/territorial-classifications/cities/016131-(1948-04-22)","016131","MADONE",1948-04-22,9999-12-31
"https://w3id.org/italia/controlled-vocabulary/territorial-classifications/cities/016132-(1948-01-01)","016132","MAPELLO",1948-01-01,9999-12-31
"https://w3id.org/italia/controlled-vocabulary/territorial-classifications/cities/016140-(1948-01-01)","016140","MORENGO",1948-01-01,9999-12-31
"https://w3id.org/italia/controlled-vocabulary/territorial-classifications/cities/016145-(1980-06-15)","016145","OLMO AL BREMBO",1980-06-15,9999-12-31
"https://w3id.org/italia/controlled-vocabulary/territorial-classifications/cities/016160-(1948-01-01)","016160","PEDRENGO",1948-01-01,9999-12-31
"https://w3id.org/italia/controlled-vocabulary/territorial-classifications/cities/016163-(1958-09-05)","016163","PIARIO",1958-09-05,9999-12-31
"https://w3id.org/italia/controlled-vocabulary/territorial-classifications/cities/016174-(1948-01-01)","016174","PREDORE",1948-01-01,9999-12-31
"https://w3id.org/italia/controlled-vocabulary/territorial-classifications/cities/016184-(1948-01-01)","016184","RONCOBELLO",1948-01-01,9999-12-31
"https://w3id.org/italia/controlled-vocabulary/territorial-classifications/cities/016194-(1948-01-01)","016194","SCANZOROSCIATE",1948-01-01,9999-12-31
"https://w3id.org/italia/controlled-vocabulary/territorial-classifications/cities/016198-(1948-01-01)","016198","SERIATE",1948-01-01,9999-12-31
"https://w3id.org/italia/controlled-vocabulary/territorial-classifications/cities/016209-(1948-01-01)","016209","SUISIO",1948-01-01,9999-12-31
"https://w3id.org/italia/controlled-vocabulary/territorial-classifications/cities/016210-(1948-01-01)","016210","TALEGGIO",1948-01-01,9999-12-31
"https://w3id.org/italia/controlled-vocabulary/territorial-classifications/cities/016219-(1948-01-01)","016219","TREVIGLIO",1948-01-01,9999-12-31
"https://w3id.org/italia/controlled-vocabulary/territorial-classifications/cities/016225-(1954-10-29)","016225","VALGOGLIO",1954-10-29,9999-12-31
"https://w3id.org/italia/controlled-vocabulary/territorial-classifications/cities/016229-(1948-01-01)","016229","VALTORTA",1948-01-01,9999-12-31
"https://w3id.org/italia/controlled-vocabulary/territorial-classifications/cities/016234-(1948-01-01)","016234","VERTOVA",1948-01-01,9999-12-31
"https://w3id.org/italia/controlled-vocabulary/territorial-classifications/cities/016241-(1958-09-05)","016241","VILLA D'OGNA",1958-09-05,9999-12-31
"https://w3id.org/italia/controlled-vocabulary/territorial-classifications/cities/016242-(1948-01-01)","016242","VILLONGO",1948-01-01,9999-12-31
"https://w3id.org/italia/controlled-vocabulary/territorial-classifications/cities/016246-(2002-10-26)","016246","ZOGNO",2002-10-26,9999-12-31
"https://w3id.org/italia/controlled-vocabulary/territorial-classifications/cities/016247-(1948-04-22)","016247","COSTA SERINA",1948-04-22,9999-12-31
"https://w3id.org/italia/controlled-vocabulary/territorial-classifications/cities/016251-(1970-03-17)","016251","SOLZA",1970-03-17,9999-12-31
"https://w3id.org/italia/controlled-vocabulary/territorial-classifications/cities/017007-(1959-07-26)","017007","ARTOGNE",1959-07-26,9999-12-31
"https://w3id.org/italia/controlled-vocabulary/territorial-classifications/cities/017014-(1948-01-01)","017014","BEDIZZOLE",1948-01-01,9999-12-31
"https://w3id.org/italia/controlled-vocabulary/territorial-classifications/cities/017018-(2016-04-23)","017018","BIENNO",2016-04-23,9999-12-31
"https://w3id.org/italia/controlled-vocabulary/territorial-classifications/cities/017024-(1963-02-07)","017024","BOVEGNO",1963-02-07,9999-12-31
"https://w3id.org/italia/controlled-vocabulary/territorial-classifications/cities/017034-(1948-01-01)","017034","CALVISANO",1948-01-01,9999-12-31
"https://w3id.org/italia/controlled-vocabulary/territorial-classifications/cities/017044-(1948-01-01)","017044","CASTO",1948-01-01,9999-12-31
"https://w3id.org/italia/controlled-vocabulary/territorial-classifications/cities/017048-(1948-01-01)","017048","CELLATICA",1948-01-01,9999-12-31
"https://w3id.org/italia/controlled-vocabulary/territorial-classifications/cities/017054-(1948-01-01)","017054","CIMBERGO",1948-01-01,9999-12-31
"https://w3id.org/italia/controlled-vocabulary/territorial-classifications/cities/017058-(1948-01-01)","017058","COLLIO",1948-01-01,9999-12-31
"https://w3id.org/italia/controlled-vocabulary/territorial-classifications/cities/017063-(1956-05-24)","017063","CORTENO GOLGI",1956-05-24,9999-12-31
"https://w3id.org/italia/controlled-vocabulary/territorial-classifications/cities/017069-(1962-05-26)","017069","ERBUSCO",1962-05-26,9999-12-31
"https://w3id.org/italia/controlled-vocabulary/territorial-classifications/cities/017078-(1948-01-01)","017078","GHEDI",1948-01-01,9999-12-31
"https://w3id.org/italia/controlled-vocabulary/territorial-classifications/cities/017088-(1948-01-01)","017088","LENO",1948-01-01,9999-12-31
"https://w3id.org/italia/controlled-vocabulary/territorial-classifications/cities/017091-(1948-01-01)","017091","LOGRATO",1948-01-01,9999-12-31
"https://w3id.org/italia/controlled-vocabulary/territorial-classifications/cities/017092-(2007-11-02)","017092","LONATO DEL GARDA",2007-11-02,9999-12-31
"https://w3id.org/italia/controlled-vocabulary/territorial-classifications/cities/017104-(1948-01-01)","017104","MARCHENO",1948-01-01,9999-12-31
"https://w3id.org/italia/controlled-vocabulary/territorial-classifications/cities/017114-(1955-11-26)","017114","MONTIRONE",1955-11-26,9999-12-31
"https://w3id.org/italia/controlled-vocabulary/territorial-classifications/cities/017117-(1956-03-25)","017117","NAVE",1956-03-25,9999-12-31
"https://w3id.org/italia/controlled-vocabulary/territorial-classifications/cities/017126-(1948-01-01)","017126","ORZIVECCHI",1948-01-01,9999-12-31
"https://w3id.org/italia/controlled-vocabulary/territorial-classifications/cities/017127-(1995-05-05)","017127","OSPITALETTO",1995-05-05,9999-12-31
"https://w3id.org/italia/controlled-vocabulary/territorial-classifications/cities/017133-(1962-05-26)","017133","PALAZZOLO SULL'OGLIO",1962-05-26,9999-12-31
"https://w3id.org/italia/controlled-vocabulary/territorial-classifications/cities/017142-(1957-02-14)","017142","PIAN CAMUNO",1957-02-14,9999-12-31
"https://w3id.org/italia/controlled-vocabulary/territorial-classifications/cities/017146-(1948-01-01)","017146","POMPIANO",1948-01-01,9999-12-31
"https://w3id.org/italia/controlled-vocabulary/territorial-classifications/cities/017156-(1948-01-01)","017156","PROVAGLIO D'ISEO",1948-01-01,9999-12-31
"https://w3id.org/italia/controlled-vocabulary/territorial-classifications/cities/017163-(2002-10-26)","017163","RODENGO SAIANO",2002-10-26,9999-12-31
"https://w3id.org/italia/controlled-vocabulary/territorial-classifications/cities/017171-(1948-01-01)","017171","SAN FELICE DEL BENACO",1948-01-01,9999-12-31
"https://w3id.org/italia/controlled-vocabulary/territorial-classifications/cities/017193-(1976-08-19)","017193","VALLIO TERME",1976-08-19,9999-12-31
"https://w3id.org/italia/controlled-vocabulary/territorial-classifications/cities/017195-(1948-05-12)","017195","VEROLANUOVA",1948-05-12,9999-12-31
"https://w3id.org/italia/controlled-vocabulary/territorial-classifications/cities/018001-(1948-01-01)","018001","ALAGNA",1948-01-01,9999-12-31
"https://w3id.org/italia/controlled-vocabulary/territorial-classifications/cities/018031-(1948-01-01)","018031","CASANOVA LONATI",1948-01-01,9999-12-31
"https://w3id.org/italia/controlled-vocabulary/territorial-classifications/cities/018043-(1963-06-21)","018043","CERANOVA",1963-06-21,9999-12-31
"https://w3id.org/italia/controlled-vocabulary/territorial-classifications/cities/018063-(1948-01-01)","018063","FILIGHERA",1948-01-01,9999-12-31
"https://w3id.org/italia/controlled-vocabulary/territorial-classifications/cities/018065-(1948-01-01)","018065","FRASCAROLO",1948-01-01,9999-12-31
"https://w3id.org/italia/controlled-vocabulary/territorial-classifications/cities/018083-(1948-01-01)","018083","LOMELLO",1948-01-01,9999-12-31
"https://w3id.org/italia/controlled-vocabulary/territorial-classifications/cities/018087-(1948-01-01)","018087","MARZANO",1948-01-01,9999-12-31
"https://w3id.org/italia/controlled-vocabulary/territorial-classifications/cities/018093-(1948-01-01)","018093","MIRADOLO TERME",1948-01-01,9999-12-31
"https://w3id.org/italia/controlled-vocabulary/territorial-classifications/cities/018103-(1948-01-01)","018103","NICORVO",1948-01-01,9999-12-31
"https://w3id.org/italia/controlled-vocabulary/territorial-classifications/cities/018108-(1948-01-01)","018108","PANCARANA",1948-01-01,9999-12-31
"https://w3id.org/italia/controlled-vocabulary/territorial-classifications/cities/018113-(1948-01-01)","018113","PIEVE DEL CAIRO",1948-01-01,9999-12-31
"https://w3id.org/italia/controlled-vocabulary/territorial-classifications/cities/018118-(1948-01-01)","018118","PORTALBERA",1948-01-01,9999-12-31
"https://w3id.org/italia/controlled-vocabulary/territorial-classifications/cities/018123-(1948-01-01)","018123","ROBBIO",1948-01-01,9999-12-31
"https://w3id.org/italia/controlled-vocabulary/territorial-classifications/cities/018128-(1948-01-01)","018128","ROMAGNESE",1948-01-01,9999-12-31
"https://w3id.org/italia/controlled-vocabulary/territorial-classifications/cities/018133-(1948-01-01)","018133","SAN CIPRIANO PO",1948-01-01,9999-12-31
"https://w3id.org/italia/controlled-vocabulary/territorial-classifications/cities/018135-(2005-02-19)","018135","SAN GENESIO ED UNITI",2005-02-19,9999-12-31
"https://w3id.org/italia/controlled-vocabulary/territorial-classifications/cities/018141-(1948-01-01)","018141","SANT'ALESSIO CON VIALONE",1948-01-01,9999-12-31
"https://w3id.org/italia/controlled-vocabulary/territorial-classifications/cities/018143-(1948-01-01)","018143","SANTA MARIA DELLA VERSA",1948-01-01,9999-12-31
"https://w3id.org/italia/controlled-vocabulary/territorial-classifications/cities/018151-(1948-01-01)","018151","SOMMO",1948-01-01,9999-12-31
"https://w3id.org/italia/controlled-vocabulary/territorial-classifications/cities/018161-(1948-01-01)","018161","TORRICELLA VERZATE",1948-01-01,9999-12-31
"https://w3id.org/italia/controlled-vocabulary/territorial-classifications/cities/018171-(1948-01-01)","018171","VARZI",1948-01-01,9999-12-31
"https://w3id.org/italia/controlled-vocabulary/territorial-classifications/cities/018185-(1948-01-01)","018185","ZECCONE",1948-01-01,9999-12-31
"https://w3id.org/italia/controlled-vocabulary/territorial-classifications/cities/019007-(1948-01-01)","019007","BORDOLANO",1948-01-01,9999-12-31
"https://w3id.org/italia/controlled-vocabulary/territorial-classifications/cities/019017-(1948-01-01)","019017","CASALE CREMASCO-VIDOLASCO",1948-01-01,9999-12-31
"https://w3id.org/italia/controlled-vocabulary/territorial-classifications/cities/019025-(1948-01-01)","019025","CASTELLEONE",1948-01-01,9999-12-31
"https://w3id.org/italia/controlled-vocabulary/territorial-classifications/cities/019027-(1948-01-01)","019027","CASTELVISCONTI",1948-01-01,9999-12-31
"https://w3id.org/italia/controlled-vocabulary/territorial-classifications/cities/019030-(1948-01-01)","019030","CICOGNOLO",1948-01-01,9999-12-31
"https://w3id.org/italia/controlled-vocabulary/territorial-classifications/cities/019035-(1948-01-01)","019035","CREMA",1948-01-01,9999-12-31
"https://w3id.org/italia/controlled-vocabulary/territorial-classifications/cities/019040-(1948-01-01)","019040","DEROVERE",1948-01-01,9999-12-31
"https://w3id.org/italia/controlled-vocabulary/territorial-classifications/cities/019045-(1948-01-01)","019045","GABBIONETA-BINANUOVA",1948-01-01,9999-12-31
"https://w3id.org/italia/controlled-vocabulary/territorial-classifications/cities/019050-(1948-01-01)","019050","GRONTARDO",1948-01-01,9999-12-31
"https://w3id.org/italia/controlled-vocabulary/territorial-classifications/cities/019055-(1948-01-01)","019055","MADIGNANO",1948-01-01,9999-12-31
"https://w3id.org/italia/controlled-vocabulary/territorial-classifications/cities/019059-(1948-01-01)","019059","MONTODINE",1948-01-01,9999-12-31
"https://w3id.org/italia/controlled-vocabulary/territorial-classifications/cities/019060-(1948-01-01)","019060","MOSCAZZANO",1948-01-01,9999-12-31
"https://w3id.org/italia/controlled-vocabulary/territorial-classifications/cities/019069-(1948-01-01)","019069","PESCAROLO ED UNITI",1948-01-01,9999-12-31
"https://w3id.org/italia/controlled-vocabulary/territorial-classifications/cities/019070-(1948-01-01)","019070","PESSINA CREMONESE",1948-01-01,9999-12-31
"https://w3id.org/italia/controlled-vocabulary/territorial-classifications/cities/019079-(1948-01-01)","019079","RICENGO",1948-01-01,9999-12-31
"https://w3id.org/italia/controlled-vocabulary/territorial-classifications/cities/019099-(1948-01-01)","019099","SOSPIRO",1948-01-01,9999-12-31
"https://w3id.org/italia/controlled-vocabulary/territorial-classifications/cities/019103-(1948-01-01)","019103","STAGNO LOMBARDO",1948-01-01,9999-12-31
"https://w3id.org/italia/controlled-vocabulary/territorial-classifications/cities/019115-(1948-01-01)","019115","VOLTIDO",1948-01-01,9999-12-31
"https://w3id.org/italia/controlled-vocabulary/territorial-classifications/cities/020003-(1948-01-01)","020003","BAGNOLO SAN VITO",1948-01-01,9999-12-31
"https://w3id.org/italia/controlled-vocabulary/territorial-classifications/cities/020013-(1948-01-01)","020013","CASTELBELFORTE",1948-01-01,9999-12-31
"https://w3id.org/italia/controlled-vocabulary/territorial-classifications/cities/020031-(1948-01-01)","020031","MARCARIA",1948-01-01,9999-12-31
"https://w3id.org/italia/controlled-vocabulary/territorial-classifications/cities/020033-(1948-01-01)","020033","MARMIROLO",1948-01-01,9999-12-31
"https://w3id.org/italia/controlled-vocabulary/territorial-classifications/cities/020041-(1948-01-01)","020041","PIUBEGA",1948-01-01,9999-12-31
"https://w3id.org/italia/controlled-vocabulary/territorial-classifications/cities/020051-(1948-01-01)","020051","RODIGO",1948-01-01,9999-12-31
"https://w3id.org/italia/controlled-vocabulary/territorial-classifications/cities/020061-(2017-03-01)","020061","SERMIDE E FELONICA",2017-03-01,9999-12-31
"https://w3id.org/italia/controlled-vocabulary/territorial-classifications/cities/020065-(1948-01-01)","020065","SUZZARA",1948-01-01,9999-12-31
"https://w3id.org/italia/controlled-vocabulary/territorial-classifications/cities/097006-(1995-01-01)","097006","BARZANÒ",1995-01-01,9999-12-31
"https://w3id.org/italia/controlled-vocabulary/territorial-classifications/cities/097016-(1995-01-01)","097016","CASATENOVO",1995-01-01,9999-12-31
"https://w3id.org/italia/controlled-vocabulary/territorial-classifications/cities/097048-(1995-01-01)","097048","MERATE",1995-01-01,9999-12-31
"https://w3id.org/italia/controlled-vocabulary/territorial-classifications/cities/097053-(1995-01-01)","097053","MONTEVECCHIA",1995-01-01,9999-12-31
"https://w3id.org/italia/controlled-vocabulary/territorial-classifications/cities/097058-(1995-01-01)","097058","OLGIATE MOLGORA",1995-01-01,9999-12-31
"https://w3id.org/italia/controlled-vocabulary/territorial-classifications/cities/097063-(1995-01-01)","097063","PAGNONA",1995-01-01,9999-12-31
"https://w3id.org/italia/controlled-vocabulary/territorial-classifications/cities/097068-(1995-01-01)","097068","PESCATE",1995-01-01,9999-12-31
"https://w3id.org/italia/controlled-vocabulary/territorial-classifications/cities/097078-(1995-01-01)","097078","SUELLO",1995-01-01,9999-12-31
"https://w3id.org/italia/controlled-vocabulary/territorial-classifications/cities/097083-(1995-01-01)","097083","VALMADRERA",1995-01-01,9999-12-31
"https://w3id.org/italia/controlled-vocabulary/territorial-classifications/cities/098001-(1995-01-01)","098001","ABBADIA CERRETO",1995-01-01,9999-12-31
"https://w3id.org/italia/controlled-vocabulary/territorial-classifications/cities/098011-(1995-01-01)","098011","CASELLE LANDI",1995-01-01,9999-12-31
"https://w3id.org/italia/controlled-vocabulary/territorial-classifications/cities/098021-(1995-01-01)","098021","CORNEGLIANO LAUDENSE",1995-01-01,9999-12-31
"https://w3id.org/italia/controlled-vocabulary/territorial-classifications/cities/098025-(1995-01-01)","098025","CRESPIATICA",1995-01-01,9999-12-31
"https://w3id.org/italia/controlled-vocabulary/territorial-classifications/cities/098031-(1995-01-01)","098031","LODI",1995-01-01,9999-12-31
"https://w3id.org/italia/controlled-vocabulary/territorial-classifications/cities/098035-(1995-01-01)","098035","MALEO",1995-01-01,9999-12-31
"https://w3id.org/italia/controlled-vocabulary/territorial-classifications/cities/098045-(1995-01-01)","098045","PIEVE FISSIRAGA",1995-01-01,9999-12-31
"https://w3id.org/italia/controlled-vocabulary/territorial-classifications/cities/098053-(1995-01-01)","098053","SENNA LODIGIANA",1995-01-01,9999-12-31
"https://w3id.org/italia/controlled-vocabulary/territorial-classifications/cities/098055-(1995-01-01)","098055","SORDIO",1995-01-01,9999-12-31
"https://w3id.org/italia/controlled-vocabulary/territorial-classifications/cities/108004-(2009-06-30)","108004","ARCORE",2009-06-30,9999-12-31
"https://w3id.org/italia/controlled-vocabulary/territorial-classifications/cities/108006-(2009-06-30)","108006","BELLUSCO",2009-06-30,9999-12-31
"https://w3id.org/italia/controlled-vocabulary/territorial-classifications/cities/108014-(2009-06-30)","108014","CAMPARADA",2009-06-30,9999-12-31
"https://w3id.org/italia/controlled-vocabulary/territorial-classifications/cities/108016-(2009-06-30)","108016","CARNATE",2009-06-30,9999-12-31
"https://w3id.org/italia/controlled-vocabulary/territorial-classifications/cities/108048-(2009-06-30)","108048","VERANO BRIANZA",2009-06-30,9999-12-31
"https://w3id.org/italia/controlled-vocabulary/territorial-classifications/cities/012007-(1956-01-24)","012007","AZZIO",1956-01-24,9999-12-31
"https://w3id.org/italia/controlled-vocabulary/territorial-classifications/cities/012013-(1948-01-01)","012013","BESOZZO",1948-01-01,9999-12-31
"https://w3id.org/italia/controlled-vocabulary/territorial-classifications/cities/012020-(1953-07-24)","012020","BREZZO DI BEDERO",1953-07-24,9999-12-31
"https://w3id.org/italia/controlled-vocabulary/territorial-classifications/cities/012022-(1953-07-21)","012022","BRISSAGO-VALTRAVAGLIA",1953-07-21,9999-12-31
"https://w3id.org/italia/controlled-vocabulary/territorial-classifications/cities/012023-(1956-03-04)","012023","BRUNELLO",1956-03-04,9999-12-31
"https://w3id.org/italia/controlled-vocabulary/territorial-classifications/cities/012027-(1948-01-01)","012027","CADEGLIANO-VICONAGO",1948-01-01,9999-12-31
"https://w3id.org/italia/controlled-vocabulary/territorial-classifications/cities/012033-(1948-01-01)","012033","CARNAGO",1948-01-01,9999-12-31
"https://w3id.org/italia/controlled-vocabulary/territorial-classifications/cities/012037-(1948-01-01)","012037","CASALZUIGNO",1948-01-01,9999-12-31
"https://w3id.org/italia/controlled-vocabulary/territorial-classifications/cities/012047-(1948-01-01)","012047","CASTRONNO",1948-01-01,9999-12-31
"https://w3id.org/italia/controlled-vocabulary/territorial-classifications/cities/012057-(1948-01-01)","012057","CROSIO DELLA VALLE",1948-01-01,9999-12-31
"https://w3id.org/italia/controlled-vocabulary/territorial-classifications/cities/012062-(1970-01-11)","012062","CUVEGLIO",1970-01-11,9999-12-31
"https://w3id.org/italia/controlled-vocabulary/territorial-classifications/cities/012070-(1948-01-01)","012070","GALLARATE",1948-01-01,9999-12-31
"https://w3id.org/italia/controlled-vocabulary/territorial-classifications/cities/012080-(1948-01-01)","012080","GORNATE OLONA",1948-01-01,9999-12-31
"https://w3id.org/italia/controlled-vocabulary/territorial-classifications/cities/012081-(1987-10-29)","012081","GRANTOLA",1987-10-29,9999-12-31
"https://w3id.org/italia/controlled-vocabulary/territorial-classifications/cities/012088-(1963-09-14)","012088","LEGGIUNO",1963-09-14,9999-12-31
"https://w3id.org/italia/controlled-vocabulary/territorial-classifications/cities/012090-(1948-01-01)","012090","LONATE POZZOLO",1948-01-01,9999-12-31
"https://w3id.org/italia/controlled-vocabulary/territorial-classifications/cities/012097-(1978-02-12)","012097","MARCHIROLO",1978-02-12,9999-12-31
"https://w3id.org/italia/controlled-vocabulary/territorial-classifications/cities/012101-(1948-01-01)","012101","MERCALLO",1948-01-01,9999-12-31
"https://w3id.org/italia/controlled-vocabulary/territorial-classifications/cities/012110-(1956-01-24)","012110","ORINO",1956-01-24,9999-12-31
"https://w3id.org/italia/controlled-vocabulary/territorial-classifications/cities/012115-(1948-01-01)","012115","RANCIO VALCUVIA",1948-01-01,9999-12-31
"https://w3id.org/italia/controlled-vocabulary/territorial-classifications/cities/012117-(1953-10-15)","012117","SALTRIO",1953-10-15,9999-12-31
"https://w3id.org/italia/controlled-vocabulary/territorial-classifications/cities/012125-(1948-01-01)","012125","TAINO",1948-01-01,9999-12-31
"https://w3id.org/italia/controlled-vocabulary/territorial-classifications/cities/013009-(1948-01-01)","013009","ANZANO DEL PARCO",1948-01-01,9999-12-31
"https://w3id.org/italia/controlled-vocabulary/territorial-classifications/cities/013042-(1948-01-01)","013042","CANZO",1948-01-01,9999-12-31
"https://w3id.org/italia/controlled-vocabulary/territorial-classifications/cities/013045-(1953-09-13)","013045","CARBONATE",1953-09-13,9999-12-31
"https://w3id.org/italia/controlled-vocabulary/territorial-classifications/cities/013052-(1948-01-01)","013052","CASLINO D'ERBA",1948-01-01,9999-12-31
"https://w3id.org/italia/controlled-vocabulary/territorial-classifications/cities/013059-(1948-04-23)","013059","CASTELNUOVO BOZZENTE",1948-04-23,9999-12-31
"https://w3id.org/italia/controlled-vocabulary/territorial-classifications/cities/013062-(1948-01-01)","013062","CAVARGNA",1948-01-01,9999-12-31
"https://w3id.org/italia/controlled-vocabulary/territorial-classifications/cities/013107-(1948-01-01)","013107","GERA LARIO",1948-01-01,9999-12-31
"https://w3id.org/italia/controlled-vocabulary/territorial-classifications/cities/013120-(1948-01-01)","013120","LAINO",1948-01-01,9999-12-31
"https://w3id.org/italia/controlled-vocabulary/territorial-classifications/cities/013130-(1950-04-05)","013130","LIVO",1950-04-05,9999-12-31
"https://w3id.org/italia/controlled-vocabulary/territorial-classifications/cities/013139-(1950-04-05)","013139","MAGREGLIO",1950-04-05,9999-12-31
"https://w3id.org/italia/controlled-vocabulary/territorial-classifications/cities/013154-(1948-01-01)","013154","MONTANO LUCINO",1948-01-01,9999-12-31
"https://w3id.org/italia/controlled-vocabulary/territorial-classifications/cities/013160-(1948-01-01)","013160","MUSSO",1948-01-01,9999-12-31
"https://w3id.org/italia/controlled-vocabulary/territorial-classifications/cities/013184-(1948-01-01)","013184","PIGRA",1948-01-01,9999-12-31
"https://w3id.org/italia/controlled-vocabulary/territorial-classifications/cities/013229-(1948-01-01)","013229","VALBRONA",1948-01-01,9999-12-31
"https://w3id.org/italia/controlled-vocabulary/territorial-classifications/cities/013234-(1948-01-01)","013234","VALSOLDA",1948-01-01,9999-12-31
"https://w3id.org/italia/controlled-vocabulary/territorial-classifications/cities/013242-(1948-01-01)","013242","VERTEMATE CON MINOPRIO",1948-01-01,9999-12-31
"https://w3id.org/italia/controlled-vocabulary/territorial-classifications/cities/013249-(2011-02-11)","013249","GRAVEDONA ED UNITI",2011-02-11,9999-12-31
"https://w3id.org/italia/controlled-vocabulary/territorial-classifications/cities/014006-(1948-01-01)","014006","BEMA",1948-01-01,9999-12-31
"https://w3id.org/italia/controlled-vocabulary/territorial-classifications/cities/014014-(1948-01-01)","014014","CASTELLO DELL'ACQUA",1948-01-01,9999-12-31
"https://w3id.org/italia/controlled-vocabulary/territorial-classifications/cities/014016-(1948-01-01)","014016","CEDRASCO",1948-01-01,9999-12-31
"https://w3id.org/italia/controlled-vocabulary/territorial-classifications/cities/014024-(1948-01-01)","014024","COSIO VALTELLINO",1948-01-01,9999-12-31
"https://w3id.org/italia/controlled-vocabulary/territorial-classifications/cities/014034-(1948-01-01)","014034","GROSOTTO",1948-01-01,9999-12-31
"https://w3id.org/italia/controlled-vocabulary/territorial-classifications/cities/014038-(1948-01-01)","014038","LOVERO",1948-01-01,9999-12-31
"https://w3id.org/italia/controlled-vocabulary/territorial-classifications/cities/014044-(1948-01-01)","014044","MONTAGNA IN VALTELLINA",1948-01-01,9999-12-31
"https://w3id.org/italia/controlled-vocabulary/territorial-classifications/cities/014048-(1948-01-01)","014048","PIANTEDO",1948-01-01,9999-12-31
"https://w3id.org/italia/controlled-vocabulary/territorial-classifications/cities/014058-(1948-01-01)","014058","SAN GIACOMO FILIPPO",1948-01-01,9999-12-31
"https://w3id.org/italia/controlled-vocabulary/territorial-classifications/cities/014068-(1948-01-01)","014068","TOVO DI SANT'AGATA",1948-01-01,9999-12-31
"https://w3id.org/italia/controlled-vocabulary/territorial-classifications/cities/014078-(1948-01-01)","014078","VILLA DI TIRANO",1948-01-01,9999-12-31
"https://w3id.org/italia/controlled-vocabulary/territorial-classifications/cities/015019-(2015-01-01)","015019","BERNATE TICINO",2015-01-01,9999-12-31
"https://w3id.org/italia/controlled-vocabulary/territorial-classifications/cities/015022-(2015-01-01)","015022","BESATE",2015-01-01,9999-12-31
"https://w3id.org/italia/controlled-vocabulary/territorial-classifications/cities/015032-(2015-01-01)","015032","BRESSO",2015-01-01,9999-12-31
"https://w3id.org/italia/controlled-vocabulary/territorial-classifications/cities/015042-(2015-01-01)","015042","CALVIGNASCO",2015-01-01,9999-12-31
"https://w3id.org/italia/controlled-vocabulary/territorial-classifications/cities/015062-(2015-01-01)","015062","CASTANO PRIMO",2015-01-01,9999-12-31
"https://w3id.org/italia/controlled-vocabulary/territorial-classifications/cities/015076-(2015-01-01)","015076","CESATE",2015-01-01,9999-12-31
"https://w3id.org/italia/controlled-vocabulary/territorial-classifications/cities/015086-(2015-01-01)","015086","CORMANO",2015-01-01,9999-12-31
"https://w3id.org/italia/controlled-vocabulary/territorial-classifications/cities/015096-(2015-01-01)","015096","CUGGIONO",2015-01-01,9999-12-31
"https://w3id.org/italia/controlled-vocabulary/territorial-classifications/cities/015110-(2015-01-01)","015110","GREZZAGO",2015-01-01,9999-12-31
"https://w3id.org/italia/controlled-vocabulary/territorial-classifications/cities/015112-(2015-01-01)","015112","GUDO VISCONTI",2015-01-01,9999-12-31
"https://w3id.org/italia/controlled-vocabulary/territorial-classifications/cities/015130-(2015-01-01)","015130","MAGENTA",2015-01-01,9999-12-31
"https://w3id.org/italia/controlled-vocabulary/territorial-classifications/cities/015140-(2015-01-01)","015140","MELEGNANO",2015-01-01,9999-12-31
"https://w3id.org/italia/controlled-vocabulary/territorial-classifications/cities/015144-(2015-01-01)","015144","MESERO",2015-01-01,9999-12-31
"https://w3id.org/italia/controlled-vocabulary/territorial-classifications/cities/015150-(2015-01-01)","015150","MORIMONDO",2015-01-01,9999-12-31
"https://w3id.org/italia/controlled-vocabulary/territorial-classifications/cities/015154-(2015-01-01)","015154","NERVIANO",2015-01-01,9999-12-31
"https://w3id.org/italia/controlled-vocabulary/territorial-classifications/cities/015164-(2015-01-01)","015164","OSSONA",2015-01-01,9999-12-31
"https://w3id.org/italia/controlled-vocabulary/territorial-classifications/cities/015178-(2015-01-01)","015178","POZZUOLO MARTESANA",2015-01-01,9999-12-31
"https://w3id.org/italia/controlled-vocabulary/territorial-classifications/cities/015184-(2015-01-01)","015184","ROBECCO SUL NAVIGLIO",2015-01-01,9999-12-31
"https://w3id.org/italia/controlled-vocabulary/territorial-classifications/cities/015188-(2015-01-01)","015188","ROSATE",2015-01-01,9999-12-31
"https://w3id.org/italia/controlled-vocabulary/territorial-classifications/cities/015200-(2015-01-01)","015200","SANTO STEFANO TICINO",2015-01-01,9999-12-31
"https://w3id.org/italia/controlled-vocabulary/territorial-classifications/cities/015209-(2015-01-01)","015209","SESTO SAN GIOVANNI",2015-01-01,9999-12-31
"https://w3id.org/italia/controlled-vocabulary/territorial-classifications/cities/015219-(2015-01-01)","015219","TREZZANO ROSA",2015-01-01,9999-12-31
"https://w3id.org/italia/controlled-vocabulary/territorial-classifications/cities/015222-(2015-01-01)","015222","TRIBIANO",2015-01-01,9999-12-31
"https://w3id.org/italia/controlled-vocabulary/territorial-classifications/cities/015224-(2015-01-01)","015224","TRUCCAZZANO",2015-01-01,9999-12-31
"https://w3id.org/italia/controlled-vocabulary/territorial-classifications/cities/015229-(2015-01-01)","015229","VANZAGO",2015-01-01,9999-12-31
"https://w3id.org/italia/controlled-vocabulary/territorial-classifications/cities/015242-(2015-01-01)","015242","VIMODRONE",2015-01-01,9999-12-31
"https://w3id.org/italia/controlled-vocabulary/territorial-classifications/cities/016007-(1948-01-01)","016007","ALMENNO SAN SALVATORE",1948-01-01,9999-12-31
"https://w3id.org/italia/controlled-vocabulary/territorial-classifications/cities/016015-(1948-01-01)","016015","AVIATICO",1948-01-01,9999-12-31
"https://w3id.org/italia/controlled-vocabulary/territorial-classifications/cities/016017-(1948-01-01)","016017","AZZONE",1948-01-01,9999-12-31
"https://w3id.org/italia/controlled-vocabulary/territorial-classifications/cities/016020-(1948-01-01)","016020","BARIANO",1948-01-01,9999-12-31
"https://w3id.org/italia/controlled-vocabulary/territorial-classifications/cities/016025-(1948-01-01)","016025","BERZO SAN FERMO",1948-01-01,9999-12-31
"https://w3id.org/italia/controlled-vocabulary/territorial-classifications/cities/016026-(1955-07-10)","016026","BIANZANO",1955-07-10,9999-12-31
"https://w3id.org/italia/controlled-vocabulary/territorial-classifications/cities/016027-(1948-01-01)","016027","BLELLO",1948-01-01,9999-12-31
"https://w3id.org/italia/controlled-vocabulary/territorial-classifications/cities/016030-(1948-01-01)","016030","BONATE SOPRA",1948-01-01,9999-12-31
"https://w3id.org/italia/controlled-vocabulary/territorial-classifications/cities/016040-(1948-01-01)","016040","BRIGNANO GERA D'ADDA",1948-01-01,9999-12-31
"https://w3id.org/italia/controlled-vocabulary/territorial-classifications/cities/016042-(1956-05-20)","016042","BRUSAPORTO",1956-05-20,9999-12-31
"https://w3id.org/italia/controlled-vocabulary/territorial-classifications/cities/016050-(1948-01-01)","016050","CAPIZZONE",1948-01-01,9999-12-31
"https://w3id.org/italia/controlled-vocabulary/territorial-classifications/cities/016055-(1948-01-01)","016055","CAROBBIO DEGLI ANGELI",1948-01-01,9999-12-31
"https://w3id.org/italia/controlled-vocabulary/territorial-classifications/cities/016059-(1948-01-01)","016059","CASIRATE D'ADDA",1948-01-01,9999-12-31
"https://w3id.org/italia/controlled-vocabulary/territorial-classifications/cities/016060-(1960-02-13)","016060","CASNIGO",1960-02-13,9999-12-31
"https://w3id.org/italia/controlled-vocabulary/territorial-classifications/cities/016069-(1948-01-01)","016069","CENATE SOTTO",1948-01-01,9999-12-31
"https://w3id.org/italia/controlled-vocabulary/territorial-classifications/cities/016070-(1948-01-01)","016070","CENE",1948-01-01,9999-12-31
"https://w3id.org/italia/controlled-vocabulary/territorial-classifications/cities/016079-(1948-01-01)","016079","COLOGNO AL SERIO",1948-01-01,9999-12-31
"https://w3id.org/italia/controlled-vocabulary/territorial-classifications/cities/016089-(1948-01-01)","016089","CURNO",1948-01-01,9999-12-31
"https://w3id.org/italia/controlled-vocabulary/territorial-classifications/cities/016092-(1948-01-01)","016092","DOSSENA",1948-01-01,9999-12-31
"https://w3id.org/italia/controlled-vocabulary/territorial-classifications/cities/016099-(1948-01-01)","016099","FINO DEL MONTE",1948-01-01,9999-12-31
"https://w3id.org/italia/controlled-vocabulary/territorial-classifications/cities/016103-(1948-01-01)","016103","FOPPOLO",1948-01-01,9999-12-31
"https://w3id.org/italia/controlled-vocabulary/territorial-classifications/cities/016105-(1964-10-10)","016105","FORNOVO SAN GIOVANNI",1964-10-10,9999-12-31
"https://w3id.org/italia/controlled-vocabulary/territorial-classifications/cities/016119-(1948-01-01)","016119","GRONE",1948-01-01,9999-12-31
"https://w3id.org/italia/controlled-vocabulary/territorial-classifications/cities/016125-(1978-02-12)","016125","LENNA",1978-02-12,9999-12-31
"https://w3id.org/italia/controlled-vocabulary/territorial-classifications/cities/016125-(1978-02-12)","016125","LENNA",1978-02-12,9999-12-31
"https://w3id.org/italia/controlled-vocabulary/territorial-classifications/cities/016128-(2006-03-04)","016128","LOVERE",2006-03-04,9999-12-31
"https://w3id.org/italia/controlled-vocabulary/territorial-classifications/cities/016129-(1948-01-01)","016129","LURANO",1948-01-01,9999-12-31
"https://w3id.org/italia/controlled-vocabulary/territorial-classifications/cities/016137-(1948-01-01)","016137","MONASTEROLO DEL CASTELLO",1948-01-01,9999-12-31
"https://w3id.org/italia/controlled-vocabulary/territorial-classifications/cities/016157-(1948-01-01)","016157","PALOSCO",1948-01-01,9999-12-31
"https://w3id.org/italia/controlled-vocabulary/territorial-classifications/cities/016162-(1948-01-01)","016162","PIANICO",1948-01-01,9999-12-31
"https://w3id.org/italia/controlled-vocabulary/territorial-classifications/cities/016167-(1948-01-01)","016167","POGNANO",1948-01-01,9999-12-31
"https://w3id.org/italia/controlled-vocabulary/territorial-classifications/cities/016172-(1948-01-01)","016172","PONTIROLO NUOVO",1948-01-01,9999-12-31
"https://w3id.org/italia/controlled-vocabulary/territorial-classifications/cities/016176-(1964-03-01)","016176","PRESEZZO",1964-03-01,9999-12-31
"https://w3id.org/italia/controlled-vocabulary/territorial-classifications/cities/016177-(1948-01-01)","016177","PUMENENGO",1948-01-01,9999-12-31
"https://w3id.org/italia/controlled-vocabulary/territorial-classifications/cities/016180-(1948-01-01)","016180","RIVA DI SOLTO",1948-01-01,9999-12-31
"https://w3id.org/italia/controlled-vocabulary/territorial-classifications/cities/016182-(1948-01-01)","016182","ROGNO",1948-01-01,9999-12-31
"https://w3id.org/italia/controlled-vocabulary/territorial-classifications/cities/016207-(1963-02-07)","016207","STEZZANO",1963-02-07,9999-12-31
"https://w3id.org/italia/controlled-vocabulary/territorial-classifications/cities/016217-(1948-01-01)","016217","TORRE PALLAVICINA",1948-01-01,9999-12-31
"https://w3id.org/italia/controlled-vocabulary/territorial-classifications/cities/016224-(1970-06-02)","016224","VALBREMBO",1970-06-02,9999-12-31
"https://w3id.org/italia/controlled-vocabulary/territorial-classifications/cities/016227-(1978-02-12)","016227","VALNEGRA",1978-02-12,9999-12-31
"https://w3id.org/italia/controlled-vocabulary/territorial-classifications/cities/016230-(1948-01-01)","016230","VEDESETA",1948-01-01,9999-12-31
"https://w3id.org/italia/controlled-vocabulary/territorial-classifications/cities/016235-(1948-01-01)","016235","VIADANICA",1948-01-01,9999-12-31
"https://w3id.org/italia/controlled-vocabulary/territorial-classifications/cities/016240-(1948-01-01)","016240","VILLA DI SERIO",1948-01-01,9999-12-31
"https://w3id.org/italia/controlled-vocabulary/territorial-classifications/cities/016245-(1948-01-01)","016245","ZANICA",1948-01-01,9999-12-31
"https://w3id.org/italia/controlled-vocabulary/territorial-classifications/cities/017006-(1963-07-17)","017006","ANGOLO TERME",1963-07-17,9999-12-31
"https://w3id.org/italia/controlled-vocabulary/territorial-classifications/cities/017030-(1948-03-01)","017030","BRIONE",1948-03-01,9999-12-31
"https://w3id.org/italia/controlled-vocabulary/territorial-classifications/cities/017031-(1956-03-25)","017031","CAINO",1956-03-25,9999-12-31
"https://w3id.org/italia/controlled-vocabulary/territorial-classifications/cities/017032-(1948-01-01)","017032","CALCINATO",1948-01-01,9999-12-31
"https://w3id.org/italia/controlled-vocabulary/territorial-classifications/cities/017056-(1948-01-01)","017056","COCCAGLIO",1948-01-01,9999-12-31
"https://w3id.org/italia/controlled-vocabulary/territorial-classifications/cities/017064-(1948-01-01)","017064","CORZANO",1948-01-01,9999-12-31
"https://w3id.org/italia/controlled-vocabulary/territorial-classifications/cities/017066-(1948-01-01)","017066","DELLO",1948-01-01,9999-12-31
"https://w3id.org/italia/controlled-vocabulary/territorial-classifications/cities/017073-(1950-08-03)","017073","GAMBARA",1950-08-03,9999-12-31
"https://w3id.org/italia/controlled-vocabulary/territorial-classifications/cities/017074-(1948-01-01)","017074","GARDONE RIVIERA",1948-01-01,9999-12-31
"https://w3id.org/italia/controlled-vocabulary/territorial-classifications/cities/017098-(1948-01-01)","017098","MAGASA",1948-01-01,9999-12-31
"https://w3id.org/italia/controlled-vocabulary/territorial-classifications/cities/017100-(1948-01-01)","017100","MALEGNO",1948-01-01,9999-12-31
"https://w3id.org/italia/controlled-vocabulary/territorial-classifications/cities/017109-(1952-01-22)","017109","MONIGA DEL GARDA",1952-01-22,9999-12-31
"https://w3id.org/italia/controlled-vocabulary/territorial-classifications/cities/017110-(1948-01-01)","017110","MONNO",1948-01-01,9999-12-31
"https://w3id.org/italia/controlled-vocabulary/territorial-classifications/cities/017118-(1949-08-27)","017118","NIARDO",1949-08-27,9999-12-31
"https://w3id.org/italia/controlled-vocabulary/territorial-classifications/cities/017119-(1948-01-01)","017119","NUVOLENTO",1948-01-01,9999-12-31
"https://w3id.org/italia/controlled-vocabulary/territorial-classifications/cities/017120-(1948-01-01)","017120","NUVOLERA",1948-01-01,9999-12-31
"https://w3id.org/italia/controlled-vocabulary/territorial-classifications/cities/017124-(1948-01-01)","017124","ONO SAN PIETRO",1948-01-01,9999-12-31
"https://w3id.org/italia/controlled-vocabulary/territorial-classifications/cities/017128-(1963-02-13)","017128","OSSIMO",1963-02-13,9999-12-31
"https://w3id.org/italia/controlled-vocabulary/territorial-classifications/cities/017129-(1958-04-25)","017129","PADENGHE SUL GARDA",1958-04-25,9999-12-31
"https://w3id.org/italia/controlled-vocabulary/territorial-classifications/cities/017134-(1948-01-01)","017134","PARATICO",1948-01-01,9999-12-31
"https://w3id.org/italia/controlled-vocabulary/territorial-classifications/cities/017144-(1948-01-01)","017144","POLAVENO",1948-01-01,9999-12-31
"https://w3id.org/italia/controlled-vocabulary/territorial-classifications/cities/017152-(1948-01-01)","017152","PRALBOINO",1948-01-01,9999-12-31
"https://w3id.org/italia/controlled-vocabulary/territorial-classifications/cities/017162-(1948-01-01)","017162","ROCCAFRANCA",1948-01-01,9999-12-31
"https://w3id.org/italia/controlled-vocabulary/territorial-classifications/cities/017172-(1948-01-01)","017172","SAN GERVASIO BRESCIANO",1948-01-01,9999-12-31
"https://w3id.org/italia/controlled-vocabulary/territorial-classifications/cities/017182-(1948-01-01)","017182","SULZANO",1948-01-01,9999-12-31
"https://w3id.org/italia/controlled-vocabulary/territorial-classifications/cities/017186-(1948-01-01)","017186","TORBOLE CASAGLIA",1948-01-01,9999-12-31
"https://w3id.org/italia/controlled-vocabulary/territorial-classifications/cities/017188-(1948-01-01)","017188","TRAVAGLIATO",1948-01-01,9999-12-31
"https://w3id.org/italia/controlled-vocabulary/territorial-classifications/cities/017202-(1948-01-01)","017202","VIONE",1948-01-01,9999-12-31
"https://w3id.org/italia/controlled-vocabulary/territorial-classifications/cities/017206-(1963-02-13)","017206","PIANCOGNO",1963-02-13,9999-12-31
"https://w3id.org/italia/controlled-vocabulary/territorial-classifications/cities/018004-(1948-01-01)","018004","ALBUZZANO",1948-01-01,9999-12-31
"https://w3id.org/italia/controlled-vocabulary/territorial-classifications/cities/018015-(1958-08-28)","018015","BORGARELLO",1958-08-28,9999-12-31
"https://w3id.org/italia/controlled-vocabulary/territorial-classifications/cities/018018-(1948-01-01)","018018","BORGO SAN SIRO",1948-01-01,9999-12-31
"https://w3id.org/italia/controlled-vocabulary/territorial-classifications/cities/018041-(1948-01-01)","018041","CAVA MANARA",1948-01-01,9999-12-31
"https://w3id.org/italia/controlled-vocabulary/territorial-classifications/cities/018051-(1948-01-01)","018051","CODEVILLA",1948-01-01,9999-12-31
"https://w3id.org/italia/controlled-vocabulary/territorial-classifications/cities/018053-(2002-10-26)","018053","COPIANO",2002-10-26,9999-12-31
"https://w3id.org/italia/controlled-vocabulary/territorial-classifications/cities/018061-(1948-01-01)","018061","DORNO",1948-01-01,9999-12-31
"https://w3id.org/italia/controlled-vocabulary/territorial-classifications/cities/018066-(1948-01-01)","018066","GALLIAVOLA",1948-01-01,9999-12-31
"https://w3id.org/italia/controlled-vocabulary/territorial-classifications/cities/018071-(1948-01-01)","018071","GERENZAGO",1948-01-01,9999-12-31
"https://w3id.org/italia/controlled-vocabulary/territorial-classifications/cities/018081-(1948-01-01)","018081","LINAROLO",1948-01-01,9999-12-31
"https://w3id.org/italia/controlled-vocabulary/territorial-classifications/cities/018090-(1989-07-27)","018090","MEZZANA BIGLI",1989-07-27,9999-12-31
"https://w3id.org/italia/controlled-vocabulary/territorial-classifications/cities/018106-(1948-01-01)","018106","OTTOBIANO",1948-01-01,9999-12-31
"https://w3id.org/italia/controlled-vocabulary/territorial-classifications/cities/018116-(1948-01-01)","018116","PIZZALE",1948-01-01,9999-12-31
"https://w3id.org/italia/controlled-vocabulary/territorial-classifications/cities/018126-(1948-01-01)","018126","ROCCA SUSELLA",1948-01-01,9999-12-31
"https://w3id.org/italia/controlled-vocabulary/territorial-classifications/cities/018148-(1948-01-01)","018148","SEMIANA",1948-01-01,9999-12-31
"https://w3id.org/italia/controlled-vocabulary/territorial-classifications/cities/018150-(1998-04-19)","018150","SIZIANO",1998-04-19,9999-12-31
"https://w3id.org/italia/controlled-vocabulary/territorial-classifications/cities/018158-(1948-01-01)","018158","TORRE DE' NEGRI",1948-01-01,9999-12-31
"https://w3id.org/italia/controlled-vocabulary/territorial-classifications/cities/018163-(1948-01-01)","018163","TRIVOLZIO",1948-01-01,9999-12-31
"https://w3id.org/italia/controlled-vocabulary/territorial-classifications/cities/018168-(1948-01-01)","018168","VALLE LOMELLINA",1948-01-01,9999-12-31
"https://w3id.org/italia/controlled-vocabulary/territorial-classifications/cities/018173-(1948-01-01)","018173","VELLEZZO BELLINI",1948-01-01,9999-12-31
"https://w3id.org/italia/controlled-vocabulary/territorial-classifications/cities/018178-(1948-01-01)","018178","VILLA BISCOSSI",1948-01-01,9999-12-31
"https://w3id.org/italia/controlled-vocabulary/territorial-classifications/cities/018183-(1948-01-01)","018183","VOLPARA",1948-01-01,9999-12-31
"https://w3id.org/italia/controlled-vocabulary/territorial-classifications/cities/018188-(1948-01-01)","018188","ZERBO",1948-01-01,9999-12-31
"https://w3id.org/italia/controlled-vocabulary/territorial-classifications/cities/019003-(1948-01-01)","019003","ANNICCO",1948-01-01,9999-12-31
"https://w3id.org/italia/controlled-vocabulary/territorial-classifications/cities/019013-(1948-01-01)","019013","CAPPELLA CANTONE",1948-01-01,9999-12-31
"https://w3id.org/italia/controlled-vocabulary/territorial-classifications/cities/019023-(1948-01-01)","019023","CASTELDIDONE",1948-01-01,9999-12-31
"https://w3id.org/italia/controlled-vocabulary/territorial-classifications/cities/019033-(2019-07-04)","019033","CORTE DE' FRATI",2019-07-04,9999-12-31
"https://w3id.org/italia/controlled-vocabulary/territorial-classifications/cities/019043-(1948-01-01)","019043","FIESCO",1948-01-01,9999-12-31
"https://w3id.org/italia/controlled-vocabulary/territorial-classifications/cities/019047-(1948-01-01)","019047","GENIVOLTA",1948-01-01,9999-12-31
"https://w3id.org/italia/controlled-vocabulary/territorial-classifications/cities/019057-(1948-01-01)","019057","MARTIGNANA DI PO",1948-01-01,9999-12-31
"https://w3id.org/italia/controlled-vocabulary/territorial-classifications/cities/019067-(1948-01-01)","019067","PANDINO",1948-01-01,9999-12-31
"https://w3id.org/italia/controlled-vocabulary/territorial-classifications/cities/019075-(1948-01-01)","019075","PIEVE SAN GIACOMO",1948-01-01,9999-12-31
"https://w3id.org/italia/controlled-vocabulary/territorial-classifications/cities/019077-(2019-07-04)","019077","POZZAGLIO ED UNITI",2019-07-04,9999-12-31
"https://w3id.org/italia/controlled-vocabulary/territorial-classifications/cities/019085-(1948-01-01)","019085","ROBECCO D'OGLIO",1948-01-01,9999-12-31
"https://w3id.org/italia/controlled-vocabulary/territorial-classifications/cities/019087-(1948-01-01)","019087","SALVIROLA",1948-01-01,9999-12-31
"https://w3id.org/italia/controlled-vocabulary/territorial-classifications/cities/019095-(1948-01-01)","019095","SESTO ED UNITI",1948-01-01,9999-12-31
"https://w3id.org/italia/controlled-vocabulary/territorial-classifications/cities/019101-(1948-01-01)","019101","SPINEDA",1948-01-01,9999-12-31
"https://w3id.org/italia/controlled-vocabulary/territorial-classifications/cities/019107-(2019-01-01)","019107","TORRE DE' PICENARDI",2019-01-01,9999-12-31
"https://w3id.org/italia/controlled-vocabulary/territorial-classifications/cities/019111-(1948-01-01)","019111","VAIANO CREMASCO",1948-01-01,9999-12-31
"https://w3id.org/italia/controlled-vocabulary/territorial-classifications/cities/020038-(1948-01-01)","020038","OSTIGLIA",1948-01-01,9999-12-31
"https://w3id.org/italia/controlled-vocabulary/territorial-classifications/cities/020043-(1948-01-01)","020043","POMPONESCO",1948-01-01,9999-12-31
"https://w3id.org/italia/controlled-vocabulary/territorial-classifications/cities/020048-(1948-01-01)","020048","REDONDESCO",1948-01-01,9999-12-31
"https://w3id.org/italia/controlled-vocabulary/territorial-classifications/cities/020052-(1980-06-15)","020052","RONCOFERRARO",1980-06-15,9999-12-31
"https://w3id.org/italia/controlled-vocabulary/territorial-classifications/cities/020053-(1948-01-01)","020053","ROVERBELLA",1948-01-01,9999-12-31
"https://w3id.org/italia/controlled-vocabulary/territorial-classifications/cities/020058-(1948-01-01)","020058","SAN GIOVANNI DEL DOSSO",1948-01-01,9999-12-31
"https://w3id.org/italia/controlled-vocabulary/territorial-classifications/cities/020063-(1948-01-01)","020063","SOLFERINO",1948-01-01,9999-12-31
"https://w3id.org/italia/controlled-vocabulary/territorial-classifications/cities/020068-(1948-01-01)","020068","VILLIMPENTA",1948-01-01,9999-12-31
"https://w3id.org/italia/controlled-vocabulary/territorial-classifications/cities/020072-(2018-01-01)","020072","BORGO MANTOVANO",2018-01-01,9999-12-31
"https://w3id.org/italia/controlled-vocabulary/territorial-classifications/cities/097002-(1995-01-01)","097002","AIRUNO",1995-01-01,9999-12-31
"https://w3id.org/italia/controlled-vocabulary/territorial-classifications/cities/097004-(1995-01-01)","097004","BALLABIO",1995-01-01,9999-12-31
"https://w3id.org/italia/controlled-vocabulary/territorial-classifications/cities/097012-(1995-01-01)","097012","CALCO",1995-01-01,9999-12-31
"https://w3id.org/italia/controlled-vocabulary/territorial-classifications/cities/097021-(2004-06-08)","097021","CESANA BRIANZA",2004-06-08,9999-12-31
"https://w3id.org/italia/controlled-vocabulary/territorial-classifications/cities/097022-(1995-01-01)","097022","CIVATE",1995-01-01,9999-12-31
"https://w3id.org/italia/controlled-vocabulary/territorial-classifications/cities/097026-(1995-01-01)","097026","COSTA MASNAGA",1995-01-01,9999-12-31
"https://w3id.org/italia/controlled-vocabulary/territorial-classifications/cities/097032-(1995-01-01)","097032","DORIO",1995-01-01,9999-12-31
"https://w3id.org/italia/controlled-vocabulary/territorial-classifications/cities/097036-(1995-01-01)","097036","GALBIATE",1995-01-01,9999-12-31
"https://w3id.org/italia/controlled-vocabulary/territorial-classifications/cities/097046-(1995-01-01)","097046","MANDELLO DEL LARIO",1995-01-01,9999-12-31
"https://w3id.org/italia/controlled-vocabulary/territorial-classifications/cities/097056-(1995-01-01)","097056","NIBIONNO",1995-01-01,9999-12-31
"https://w3id.org/italia/controlled-vocabulary/territorial-classifications/cities/097076-(1995-01-01)","097076","SIRTORI",1995-01-01,9999-12-31
"https://w3id.org/italia/controlled-vocabulary/territorial-classifications/cities/098004-(1995-01-01)","098004","BORGHETTO LODIGIANO",1995-01-01,9999-12-31
"https://w3id.org/italia/controlled-vocabulary/territorial-classifications/cities/098008-(1995-01-01)","098008","CASALETTO LODIGIANO",1995-01-01,9999-12-31
"https://w3id.org/italia/controlled-vocabulary/territorial-classifications/cities/098028-(1995-01-01)","098028","GRAFFIGNANA",1995-01-01,9999-12-31
"https://w3id.org/italia/controlled-vocabulary/territorial-classifications/cities/098038-(1995-01-01)","098038","MELETI",1995-01-01,9999-12-31
"https://w3id.org/italia/controlled-vocabulary/territorial-classifications/cities/098051-(1995-01-01)","098051","SANTO STEFANO LODIGIANO",1995-01-01,9999-12-31
"https://w3id.org/italia/controlled-vocabulary/territorial-classifications/cities/098061-(1995-01-01)","098061","ZELO BUON PERSICO",1995-01-01,9999-12-31
"https://w3id.org/italia/controlled-vocabulary/territorial-classifications/cities/108002-(2009-06-30)","108002","AICURZIO",2009-06-30,9999-12-31
"https://w3id.org/italia/controlled-vocabulary/territorial-classifications/cities/108012-(2009-06-30)","108012","BRUGHERIO",2009-06-30,9999-12-31
"https://w3id.org/italia/controlled-vocabulary/territorial-classifications/cities/108022-(2009-06-30)","108022","CORREZZANA",2009-06-30,9999-12-31
"https://w3id.org/italia/controlled-vocabulary/territorial-classifications/cities/108026-(2009-06-30)","108026","LESMO",2009-06-30,9999-12-31
"https://w3id.org/italia/controlled-vocabulary/territorial-classifications/cities/108032-(2009-06-30)","108032","MISINTO",2009-06-30,9999-12-31
"https://w3id.org/italia/controlled-vocabulary/territorial-classifications/cities/108036-(2009-06-30)","108036","ORNAGO",2009-06-30,9999-12-31
"https://w3id.org/italia/controlled-vocabulary/territorial-classifications/cities/108046-(2009-06-30)","108046","VEDANO AL LAMBRO",2009-06-30,9999-12-31
"https://w3id.org/italia/controlled-vocabulary/territorial-classifications/cities/108051-(2009-12-18)","108051","BUSNAGO",2009-12-18,9999-12-31
"https://w3id.org/italia/controlled-vocabulary/territorial-classifications/cities/108055-(2009-12-18)","108055","RONCELLO",2009-12-18,9999-12-31
"https://w3id.org/italia/controlled-vocabulary/territorial-classifications/cities/017025-(1948-01-01)","017025","BOVEZZO",1948-01-01,9999-12-31
"https://w3id.org/italia/controlled-vocabulary/territorial-classifications/cities/017170-(1948-01-01)","017170","SALÒ",1948-01-01,9999-12-31
"https://w3id.org/italia/controlled-vocabulary/territorial-classifications/cities/018079-(1948-01-01)","018079","LANGOSCO",1948-01-01,9999-12-31
"https://w3id.org/italia/controlled-vocabulary/territorial-classifications/cities/016142-(1948-01-01)","016142","MOZZANICA",1948-01-01,9999-12-31
"https://w3id.org/italia/controlled-vocabulary/territorial-classifications/cities/018154-(1948-01-01)","018154","SUARDI",1948-01-01,9999-12-31
"https://w3id.org/italia/controlled-vocabulary/territorial-classifications/cities/019083-(1948-01-01)","019083","RIVAROLO DEL RE ED UNITI",1948-01-01,9999-12-31
"https://w3id.org/italia/controlled-vocabulary/territorial-classifications/cities/013155-(1948-01-01)","013155","MONTEMEZZO",1948-01-01,9999-12-31
"https://w3id.org/italia/controlled-vocabulary/territorial-classifications/cities/017029-(1948-01-01)","017029","BRESCIA",1948-01-01,9999-12-31
"https://w3id.org/italia/controlled-vocabulary/territorial-classifications/cities/017132-(1948-01-01)","017132","PAITONE",1948-01-01,9999-12-31
"https://w3id.org/italia/controlled-vocabulary/territorial-classifications/cities/012001-(1948-01-01)","012001","AGRA",1948-01-01,9999-12-31
"https://w3id.org/italia/controlled-vocabulary/territorial-classifications/cities/012003-(1957-01-25)","012003","ANGERA",1957-01-25,9999-12-31
"https://w3id.org/italia/controlled-vocabulary/territorial-classifications/cities/012006-(1956-03-04)","012006","AZZATE",1956-03-04,9999-12-31
"https://w3id.org/italia/controlled-vocabulary/territorial-classifications/cities/012015-(1948-01-01)","012015","BISUSCHIO",1948-01-01,9999-12-31
"https://w3id.org/italia/controlled-vocabulary/territorial-classifications/cities/012021-(1948-01-01)","012021","BRINZIO",1948-01-01,9999-12-31
"https://w3id.org/italia/controlled-vocabulary/territorial-classifications/cities/012035-(1948-01-01)","012035","CARONNO VARESINO",1948-01-01,9999-12-31
"https://w3id.org/italia/controlled-vocabulary/territorial-classifications/cities/012036-(1958-05-28)","012036","CASALE LITTA",1958-05-28,9999-12-31
"https://w3id.org/italia/controlled-vocabulary/territorial-classifications/cities/012043-(1948-01-01)","012043","CASTELLO CABIAGLIO",1948-01-01,9999-12-31
"https://w3id.org/italia/controlled-vocabulary/territorial-classifications/cities/012045-(1948-01-01)","012045","CASTELVECCANA",1948-01-01,9999-12-31
"https://w3id.org/italia/controlled-vocabulary/territorial-classifications/cities/012053-(1948-01-01)","012053","COCQUIO-TREVISAGO",1948-01-01,9999-12-31
"https://w3id.org/italia/controlled-vocabulary/territorial-classifications/cities/012066-(1954-06-04)","012066","DUNO",1954-06-04,9999-12-31
"https://w3id.org/italia/controlled-vocabulary/territorial-classifications/cities/012067-(1952-10-18)","012067","FAGNANO OLONA",1952-10-18,9999-12-31
"https://w3id.org/italia/controlled-vocabulary/territorial-classifications/cities/012073-(1948-01-01)","012073","GAZZADA SCHIANNO",1948-01-01,9999-12-31
"https://w3id.org/italia/controlled-vocabulary/territorial-classifications/cities/012075-(1950-07-19)","012075","GERENZANO",1950-07-19,9999-12-31
"https://w3id.org/italia/controlled-vocabulary/territorial-classifications/cities/012077-(1948-01-01)","012077","GOLASECCA",1948-01-01,9999-12-31
"https://w3id.org/italia/controlled-vocabulary/territorial-classifications/cities/012079-(1948-01-01)","012079","GORLA MINORE",1948-01-01,9999-12-31
"https://w3id.org/italia/controlled-vocabulary/territorial-classifications/cities/012083-(1950-12-24)","012083","INDUNO OLONA",1950-12-24,9999-12-31
"https://w3id.org/italia/controlled-vocabulary/territorial-classifications/cities/012087-(1948-01-01)","012087","LAVENO-MOMBELLO",1948-01-01,9999-12-31
"https://w3id.org/italia/controlled-vocabulary/territorial-classifications/cities/012089-(1948-01-01)","012089","LONATE CEPPINO",1948-01-01,9999-12-31
"https://w3id.org/italia/controlled-vocabulary/territorial-classifications/cities/012099-(1978-02-12)","012099","MARZIO",1978-02-12,9999-12-31
"https://w3id.org/italia/controlled-vocabulary/territorial-classifications/cities/012100-(1997-07-26)","012100","MASCIAGO PRIMO",1997-07-26,9999-12-31
"https://w3id.org/italia/controlled-vocabulary/territorial-classifications/cities/012102-(1953-07-21)","012102","MESENZANA",1953-07-21,9999-12-31
"https://w3id.org/italia/controlled-vocabulary/territorial-classifications/cities/012113-(1985-03-05)","012113","PORTO CERESIO",1985-03-05,9999-12-31
"https://w3id.org/italia/controlled-vocabulary/territorial-classifications/cities/012123-(1948-01-01)","012123","SOMMA LOMBARDO",1948-01-01,9999-12-31
"https://w3id.org/italia/controlled-vocabulary/territorial-classifications/cities/012127-(1948-01-01)","012127","TRADATE",1948-01-01,9999-12-31
"https://w3id.org/italia/controlled-vocabulary/territorial-classifications/cities/012136-(1960-09-29)","012136","VENEGONO INFERIORE",1960-09-29,9999-12-31
"https://w3id.org/italia/controlled-vocabulary/territorial-classifications/cities/013007-(1948-01-01)","013007","ALZATE BRIANZA",1948-01-01,9999-12-31
"https://w3id.org/italia/controlled-vocabulary/territorial-classifications/cities/013015-(1950-04-05)","013015","BARNI",1950-04-05,9999-12-31
"https://w3id.org/italia/controlled-vocabulary/territorial-classifications/cities/013036-(2013-11-12)","013036","CADORAGO",2013-11-12,9999-12-31
"https://w3id.org/italia/controlled-vocabulary/territorial-classifications/cities/013040-(1948-01-01)","013040","CAMPIONE D'ITALIA",1948-01-01,9999-12-31
"https://w3id.org/italia/controlled-vocabulary/territorial-classifications/cities/013048-(2009-08-23)","013048","CARUGO",2009-08-23,9999-12-31
"https://w3id.org/italia/controlled-vocabulary/territorial-classifications/cities/013064-(1948-01-01)","013064","CERMENATE",1948-01-01,9999-12-31
"https://w3id.org/italia/controlled-vocabulary/territorial-classifications/cities/013084-(1948-01-01)","013084","CUCCIAGO",1948-01-01,9999-12-31
"https://w3id.org/italia/controlled-vocabulary/territorial-classifications/cities/013129-(1948-01-01)","013129","LIPOMO",1948-01-01,9999-12-31
"https://w3id.org/italia/controlled-vocabulary/territorial-classifications/cities/013136-(1967-03-10)","013136","LURAGO D'ERBA",1967-03-10,9999-12-31
"https://w3id.org/italia/controlled-vocabulary/territorial-classifications/cities/013137-(1948-01-01)","013137","LURAGO MARINONE",1948-01-01,9999-12-31
"https://w3id.org/italia/controlled-vocabulary/territorial-classifications/cities/013138-(2013-11-12)","013138","LURATE CACCIVIO",2013-11-12,9999-12-31
"https://w3id.org/italia/controlled-vocabulary/territorial-classifications/cities/013152-(1948-01-01)","013152","MOLTRASIO",1948-01-01,9999-12-31
"https://w3id.org/italia/controlled-vocabulary/territorial-classifications/cities/013170-(1948-01-01)","013170","ORSENIGO",1948-01-01,9999-12-31
"https://w3id.org/italia/controlled-vocabulary/territorial-classifications/cities/013207-(1950-04-05)","013207","SAN NAZZARO VAL CAVARGNA",1950-04-05,9999-12-31
"https://w3id.org/italia/controlled-vocabulary/territorial-classifications/cities/013217-(1948-01-01)","013217","SORMANO",1948-01-01,9999-12-31
"https://w3id.org/italia/controlled-vocabulary/territorial-classifications/cities/013227-(1948-01-01)","013227","TURATE",1948-01-01,9999-12-31
"https://w3id.org/italia/controlled-vocabulary/territorial-classifications/cities/013239-(1950-04-05)","013239","VERCANA",1950-04-05,9999-12-31
"https://w3id.org/italia/controlled-vocabulary/territorial-classifications/cities/013251-(2014-02-04)","013251","COLVERDE",2014-02-04,9999-12-31
"https://w3id.org/italia/controlled-vocabulary/territorial-classifications/cities/014001-(2006-08-09)","014001","ALBAREDO PER SAN MARCO",2006-08-09,9999-12-31
"https://w3id.org/italia/controlled-vocabulary/territorial-classifications/cities/014002-(1948-01-01)","014002","ALBOSAGGIA",1948-01-01,9999-12-31
"https://w3id.org/italia/controlled-vocabulary/territorial-classifications/cities/014004-(1959-09-09)","014004","APRICA",1959-09-09,9999-12-31
"https://w3id.org/italia/controlled-vocabulary/territorial-classifications/cities/014012-(1948-01-01)","014012","CAMPODOLCINO",1948-01-01,9999-12-31
"https://w3id.org/italia/controlled-vocabulary/territorial-classifications/cities/014022-(1948-01-01)","014022","CIVO",1948-01-01,9999-12-31
"https://w3id.org/italia/controlled-vocabulary/territorial-classifications/cities/014026-(1948-01-01)","014026","DELEBIO",1948-01-01,9999-12-31
"https://w3id.org/italia/controlled-vocabulary/territorial-classifications/cities/014035-(1983-07-14)","014035","MADESIMO",1983-07-14,9999-12-31
"https://w3id.org/italia/controlled-vocabulary/territorial-classifications/cities/014036-(1948-01-01)","014036","LANZADA",1948-01-01,9999-12-31
"https://w3id.org/italia/controlled-vocabulary/territorial-classifications/cities/014045-(2006-08-09)","014045","MORBEGNO",2006-08-09,9999-12-31
"https://w3id.org/italia/controlled-vocabulary/territorial-classifications/cities/014046-(1948-01-01)","014046","NOVATE MEZZOLA",1948-01-01,9999-12-31
"https://w3id.org/italia/controlled-vocabulary/territorial-classifications/cities/014054-(1948-01-01)","014054","PRATA CAMPORTACCIO",1948-01-01,9999-12-31
"https://w3id.org/italia/controlled-vocabulary/territorial-classifications/cities/014056-(1948-01-01)","014056","ROGOLO",1948-01-01,9999-12-31
"https://w3id.org/italia/controlled-vocabulary/territorial-classifications/cities/014064-(1948-01-01)","014064","TARTANO",1948-01-01,9999-12-31
"https://w3id.org/italia/controlled-vocabulary/territorial-classifications/cities/014066-(1948-01-01)","014066","TIRANO",1948-01-01,9999-12-31
"https://w3id.org/italia/controlled-vocabulary/territorial-classifications/cities/015010-(2015-01-01)","015010","ARLUNO",2015-01-01,9999-12-31
"https://w3id.org/italia/controlled-vocabulary/territorial-classifications/cities/015040-(2015-01-01)","015040","BUSSERO",2015-01-01,9999-12-31
"https://w3id.org/italia/controlled-vocabulary/territorial-classifications/cities/015044-(2015-01-01)","015044","CAMBIAGO",2015-01-01,9999-12-31
"https://w3id.org/italia/controlled-vocabulary/territorial-classifications/cities/015059-(2015-01-01)","015059","CASSANO D'ADDA",2015-01-01,9999-12-31
"https://w3id.org/italia/controlled-vocabulary/territorial-classifications/cities/015072-(2015-01-01)","015072","CERRO MAGGIORE",2015-01-01,9999-12-31
"https://w3id.org/italia/controlled-vocabulary/territorial-classifications/cities/015074-(2015-01-01)","015074","CESANO BOSCONE",2015-01-01,9999-12-31
"https://w3id.org/italia/controlled-vocabulary/territorial-classifications/cities/015082-(2015-01-01)","015082","COLTURANO",2015-01-01,9999-12-31
"https://w3id.org/italia/controlled-vocabulary/territorial-classifications/cities/015122-(2015-01-01)","015122","LISCATE",2015-01-01,9999-12-31
"https://w3id.org/italia/controlled-vocabulary/territorial-classifications/cities/015142-(2015-01-01)","015142","MELZO",2015-01-01,9999-12-31
"https://w3id.org/italia/controlled-vocabulary/territorial-classifications/cities/015170-(2015-01-01)","015170","PERO",2015-01-01,9999-12-31
"https://w3id.org/italia/controlled-vocabulary/territorial-classifications/cities/015176-(2015-01-01)","015176","POGLIANO MILANESE",2015-01-01,9999-12-31
"https://w3id.org/italia/controlled-vocabulary/territorial-classifications/cities/015194-(2015-01-01)","015194","SAN GIORGIO SU LEGNANO",2015-01-01,9999-12-31
"https://w3id.org/italia/controlled-vocabulary/territorial-classifications/cities/015210-(2015-01-01)","015210","SETTALA",2015-01-01,9999-12-31
"https://w3id.org/italia/controlled-vocabulary/territorial-classifications/cities/015220-(2015-01-01)","015220","TREZZANO SUL NAVIGLIO",2015-01-01,9999-12-31
"https://w3id.org/italia/controlled-vocabulary/territorial-classifications/cities/015230-(2015-01-01)","015230","VAPRIO D'ADDA",2015-01-01,9999-12-31
"https://w3id.org/italia/controlled-vocabulary/territorial-classifications/cities/015244-(2015-01-01)","015244","VIZZOLO PREDABISSI",2015-01-01,9999-12-31
"https://w3id.org/italia/controlled-vocabulary/territorial-classifications/cities/015249-(2015-01-01)","015249","VANZAGHELLO",2015-01-01,9999-12-31
"https://w3id.org/italia/controlled-vocabulary/territorial-classifications/cities/015250-(2015-01-01)","015250","BARANZATE",2015-01-01,9999-12-31
"https://w3id.org/italia/controlled-vocabulary/territorial-classifications/cities/015251-(2019-02-08)","015251","VERMEZZO CON ZELO",2019-02-08,9999-12-31
"https://w3id.org/italia/controlled-vocabulary/territorial-classifications/cities/016003-(1948-01-01)","016003","ALBANO SANT'ALESSANDRO",1948-01-01,9999-12-31
"https://w3id.org/italia/controlled-vocabulary/territorial-classifications/cities/016013-(1948-01-01)","016013","ARZAGO D'ADDA",1948-01-01,9999-12-31
"https://w3id.org/italia/controlled-vocabulary/territorial-classifications/cities/016023-(1948-01-01)","016023","BERBENNO",1948-01-01,9999-12-31
"https://w3id.org/italia/controlled-vocabulary/territorial-classifications/cities/016033-(1948-01-01)","016033","BOSSICO",1948-01-01,9999-12-31
"https://w3id.org/italia/controlled-vocabulary/territorial-classifications/cities/016043-(1948-01-01)","016043","CALCINATE",1948-01-01,9999-12-31
"https://w3id.org/italia/controlled-vocabulary/territorial-classifications/cities/016047-(1948-01-01)","016047","CALVENZANO",1948-01-01,9999-12-31
"https://w3id.org/italia/controlled-vocabulary/territorial-classifications/cities/016051-(2011-09-01)","016051","CAPRIATE SAN GERVASIO",2011-09-01,9999-12-31
"https://w3id.org/italia/controlled-vocabulary/territorial-classifications/cities/016057-(1948-01-01)","016057","CARVICO",1948-01-01,9999-12-31
"https://w3id.org/italia/controlled-vocabulary/territorial-classifications/cities/016064-(1958-09-10)","016064","CASTIONE DELLA PRESOLANA",1958-09-10,9999-12-31
"https://w3id.org/italia/controlled-vocabulary/territorial-classifications/cities/016065-(1948-01-01)","016065","CASTRO",1948-01-01,9999-12-31
"https://w3id.org/italia/controlled-vocabulary/territorial-classifications/cities/016077-(1948-01-01)","016077","CLUSONE",1948-01-01,9999-12-31
"https://w3id.org/italia/controlled-vocabulary/territorial-classifications/cities/016080-(1948-01-01)","016080","COLZATE",1948-01-01,9999-12-31
"https://w3id.org/italia/controlled-vocabulary/territorial-classifications/cities/016086-(2006-03-04)","016086","COSTA VOLPINO",2006-03-04,9999-12-31
"https://w3id.org/italia/controlled-vocabulary/territorial-classifications/cities/016090-(1948-01-01)","016090","CUSIO",1948-01-01,9999-12-31
"https://w3id.org/italia/controlled-vocabulary/territorial-classifications/cities/016098-(1958-09-10)","016098","FILAGO",1958-09-10,9999-12-31
"https://w3id.org/italia/controlled-vocabulary/territorial-classifications/cities/016101-(1948-01-01)","016101","FONTANELLA",1948-01-01,9999-12-31
"https://w3id.org/italia/controlled-vocabulary/territorial-classifications/cities/016115-(1948-01-01)","016115","GORLE",1948-01-01,9999-12-31
"https://w3id.org/italia/controlled-vocabulary/territorial-classifications/cities/016121-(1948-01-01)","016121","ISOLA DI FONDRA",1948-01-01,9999-12-31
"https://w3id.org/italia/controlled-vocabulary/territorial-classifications/cities/016135-(1948-01-01)","016135","MISANO DI GERA D'ADDA",1948-01-01,9999-12-31
"https://w3id.org/italia/controlled-vocabulary/territorial-classifications/cities/016136-(1956-08-26)","016136","MOIO DE' CALVI",1956-08-26,9999-12-31
"https://w3id.org/italia/controlled-vocabulary/territorial-classifications/cities/016139-(1962-08-02)","016139","MONTELLO",1962-08-02,9999-12-31
"https://w3id.org/italia/controlled-vocabulary/territorial-classifications/cities/016159-(1948-01-01)","016159","PARZANICA",1948-01-01,9999-12-31
"https://w3id.org/italia/controlled-vocabulary/territorial-classifications/cities/016165-(1948-01-01)","016165","PIAZZATORRE",1948-01-01,9999-12-31
"https://w3id.org/italia/controlled-vocabulary/territorial-classifications/cities/016169-(1970-03-06)","016169","PONTERANICA",1970-03-06,9999-12-31
"https://w3id.org/italia/controlled-vocabulary/territorial-classifications/cities/016179-(1948-01-01)","016179","RANZANICO",1948-01-01,9999-12-31
"https://w3id.org/italia/controlled-vocabulary/territorial-classifications/cities/016187-(1948-01-01)","016187","ROVETTA",1948-01-01,9999-12-31
"https://w3id.org/italia/controlled-vocabulary/territorial-classifications/cities/016189-(1948-01-01)","016189","SAN PAOLO D'ARGON",1948-01-01,9999-12-31
"https://w3id.org/italia/controlled-vocabulary/territorial-classifications/cities/016196-(2002-10-26)","016196","SEDRINA",2002-10-26,9999-12-31
"https://w3id.org/italia/controlled-vocabulary/territorial-classifications/cities/016197-(1948-01-01)","016197","SELVINO",1948-01-01,9999-12-31
"https://w3id.org/italia/controlled-vocabulary/territorial-classifications/cities/016213-(1948-01-01)","016213","TERNO D'ISOLA",1948-01-01,9999-12-31
"https://w3id.org/italia/controlled-vocabulary/territorial-classifications/cities/016218-(1948-03-26)","016218","TRESCORE BALNEARIO",1948-03-26,9999-12-31
"https://w3id.org/italia/controlled-vocabulary/territorial-classifications/cities/016223-(1948-01-01)","016223","VALBONDIONE",1948-01-01,9999-12-31
"https://w3id.org/italia/controlled-vocabulary/territorial-classifications/cities/016233-(1948-01-01)","016233","VERDELLO",1948-01-01,9999-12-31
"https://w3id.org/italia/controlled-vocabulary/territorial-classifications/cities/016237-(1948-01-01)","016237","VIGOLO",1948-01-01,9999-12-31
"https://w3id.org/italia/controlled-vocabulary/territorial-classifications/cities/016243-(1948-01-01)","016243","VILMINORE DI SCALVE",1948-01-01,9999-12-31
"https://w3id.org/italia/controlled-vocabulary/territorial-classifications/cities/017005-(1948-01-01)","017005","ANFO",1948-01-01,9999-12-31
"https://w3id.org/italia/controlled-vocabulary/territorial-classifications/cities/017009-(1948-01-01)","017009","BAGNOLO MELLA",1948-01-01,9999-12-31
"https://w3id.org/italia/controlled-vocabulary/territorial-classifications/cities/017010-(1948-01-01)","017010","BAGOLINO",1948-01-01,9999-12-31
"https://w3id.org/italia/controlled-vocabulary/territorial-classifications/cities/017016-(1948-01-21)","017016","BERZO DEMO",1948-01-21,9999-12-31
"https://w3id.org/italia/controlled-vocabulary/territorial-classifications/cities/017019-(1948-01-01)","017019","BIONE",1948-01-01,9999-12-31
"https://w3id.org/italia/controlled-vocabulary/territorial-classifications/cities/017020-(1948-01-01)","017020","BORGO SAN GIACOMO",1948-01-01,9999-12-31
"https://w3id.org/italia/controlled-vocabulary/territorial-classifications/cities/017022-(1963-02-13)","017022","BORNO",1963-02-13,9999-12-31
"https://w3id.org/italia/controlled-vocabulary/territorial-classifications/cities/017028-(1949-08-27)","017028","BRENO",1949-08-27,9999-12-31
"https://w3id.org/italia/controlled-vocabulary/territorial-classifications/cities/017039-(1948-01-01)","017039","CARPENEDOLO",1948-01-01,9999-12-31
"https://w3id.org/italia/controlled-vocabulary/territorial-classifications/cities/017042-(1948-01-01)","017042","CASTEL MELLA",1948-01-01,9999-12-31
"https://w3id.org/italia/controlled-vocabulary/territorial-classifications/cities/017049-(1948-01-01)","017049","CERVENO",1948-01-01,9999-12-31
"https://w3id.org/italia/controlled-vocabulary/territorial-classifications/cities/017052-(1948-01-01)","017052","CHIARI",1948-01-01,9999-12-31
"https://w3id.org/italia/controlled-vocabulary/territorial-classifications/cities/017062-(1948-01-01)","017062","CORTE FRANCA",1948-01-01,9999-12-31
"https://w3id.org/italia/controlled-vocabulary/territorial-classifications/cities/017068-(1948-04-21)","017068","EDOLO",1948-04-21,9999-12-31
"https://w3id.org/italia/controlled-vocabulary/territorial-classifications/cities/017071-(1950-08-03)","017071","FIESSE",1950-08-03,9999-12-31
"https://w3id.org/italia/controlled-vocabulary/territorial-classifications/cities/017076-(1948-01-01)","017076","GARGNANO",1948-01-01,9999-12-31
"https://w3id.org/italia/controlled-vocabulary/territorial-classifications/cities/017082-(1948-01-01)","017082","IDRO",1948-01-01,9999-12-31
"https://w3id.org/italia/controlled-vocabulary/territorial-classifications/cities/017086-(1948-01-01)","017086","ISORELLA",1948-01-01,9999-12-31
"https://w3id.org/italia/controlled-vocabulary/territorial-classifications/cities/017096-(1948-01-01)","017096","LUMEZZANE",1948-01-01,9999-12-31
"https://w3id.org/italia/controlled-vocabulary/territorial-classifications/cities/017105-(1955-03-12)","017105","MARMENTINO",1955-03-12,9999-12-31
"https://w3id.org/italia/controlled-vocabulary/territorial-classifications/cities/017107-(1948-01-01)","017107","MAZZANO",1948-01-01,9999-12-31
"https://w3id.org/italia/controlled-vocabulary/territorial-classifications/cities/017112-(1948-01-01)","017112","MONTICELLI BRUSATI",1948-01-01,9999-12-31
"https://w3id.org/italia/controlled-vocabulary/territorial-classifications/cities/017122-(1948-01-01)","017122","OFFLAGA",1948-01-01,9999-12-31
"https://w3id.org/italia/controlled-vocabulary/territorial-classifications/cities/017138-(1964-10-02)","017138","SAN PAOLO",1964-10-02,9999-12-31
"https://w3id.org/italia/controlled-vocabulary/territorial-classifications/cities/017140-(1948-01-01)","017140","PERTICA BASSA",1948-01-01,9999-12-31
"https://w3id.org/italia/controlled-vocabulary/territorial-classifications/cities/017150-(1948-01-01)","017150","PONTOGLIO",1948-01-01,9999-12-31
"https://w3id.org/italia/controlled-vocabulary/territorial-classifications/cities/017164-(1948-01-01)","017164","ROÈ VOLCIANO",1948-01-01,9999-12-31
"https://w3id.org/italia/controlled-vocabulary/territorial-classifications/cities/017168-(1956-09-16)","017168","SABBIO CHIESE",1956-09-16,9999-12-31
"https://w3id.org/italia/controlled-vocabulary/territorial-classifications/cities/017174-(1948-01-01)","017174","SAREZZO",1948-01-01,9999-12-31
"https://w3id.org/italia/controlled-vocabulary/territorial-classifications/cities/017181-(1948-04-21)","017181","SONICO",1948-04-21,9999-12-31
"https://w3id.org/italia/controlled-vocabulary/territorial-classifications/cities/017184-(1948-01-01)","017184","TEMÙ",1948-01-01,9999-12-31
"https://w3id.org/italia/controlled-vocabulary/territorial-classifications/cities/017194-(1948-01-01)","017194","VALVESTINO",1948-01-01,9999-12-31
"https://w3id.org/italia/controlled-vocabulary/territorial-classifications/cities/017198-(1948-01-01)","017198","VEZZA D'OGLIO",1948-01-01,9999-12-31
"https://w3id.org/italia/controlled-vocabulary/territorial-classifications/cities/017200-(1948-01-01)","017200","VILLACHIARA",1948-01-01,9999-12-31
"https://w3id.org/italia/controlled-vocabulary/territorial-classifications/cities/018006-(1948-01-01)","018006","BADIA PAVESE",1948-01-01,9999-12-31
"https://w3id.org/italia/controlled-vocabulary/territorial-classifications/cities/018014-(1948-01-01)","018014","BEREGUARDO",1948-01-01,9999-12-31
"https://w3id.org/italia/controlled-vocabulary/territorial-classifications/cities/018016-(1948-01-01)","018016","BORGO PRIOLO",1948-01-01,9999-12-31
"https://w3id.org/italia/controlled-vocabulary/territorial-classifications/cities/018024-(1948-01-01)","018024","BRONI",1948-01-01,9999-12-31
"https://w3id.org/italia/controlled-vocabulary/territorial-classifications/cities/018034-(1948-01-01)","018034","CASORATE PRIMO",1948-01-01,9999-12-31
"https://w3id.org/italia/controlled-vocabulary/territorial-classifications/cities/018038-(2006-05-12)","018038","CASTELLETTO DI BRANDUZZO",2006-05-12,9999-12-31
"https://w3id.org/italia/controlled-vocabulary/territorial-classifications/cities/018044-(1955-11-13)","018044","CERETTO LOMELLINA",1955-11-13,9999-12-31
"https://w3id.org/italia/controlled-vocabulary/territorial-classifications/cities/018047-(1959-01-07)","018047","CERVESINA",1959-01-07,9999-12-31
"https://w3id.org/italia/controlled-vocabulary/territorial-classifications/cities/018048-(1948-01-01)","018048","CHIGNOLO PO",1948-01-01,9999-12-31
"https://w3id.org/italia/controlled-vocabulary/territorial-classifications/cities/018054-(1948-01-01)","018054","CORANA",1948-01-01,9999-12-31
"https://w3id.org/italia/controlled-vocabulary/territorial-classifications/cities/018058-(1948-01-01)","018058","COSTA DE' NOBILI",1948-01-01,9999-12-31
"https://w3id.org/italia/controlled-vocabulary/territorial-classifications/cities/018068-(1948-01-01)","018068","GAMBOLÒ",1948-01-01,9999-12-31
"https://w3id.org/italia/controlled-vocabulary/territorial-classifications/cities/018078-(1948-01-01)","018078","LANDRIANO",1948-01-01,9999-12-31
"https://w3id.org/italia/controlled-vocabulary/territorial-classifications/cities/018091-(1948-01-01)","018091","MEZZANA RABATTONE",1948-01-01,9999-12-31
"https://w3id.org/italia/controlled-vocabulary/territorial-classifications/cities/018092-(1979-10-17)","018092","MEZZANINO",1979-10-17,9999-12-31
"https://w3id.org/italia/controlled-vocabulary/territorial-classifications/cities/018097-(1948-03-03)","018097","MONTESCANO",1948-03-03,9999-12-31
"https://w3id.org/italia/controlled-vocabulary/territorial-classifications/cities/018102-(1948-01-01)","018102","MORTARA",1948-01-01,9999-12-31
"https://w3id.org/italia/controlled-vocabulary/territorial-classifications/cities/018104-(1948-01-01)","018104","OLEVANO DI LOMELLINA",1948-01-01,9999-12-31
"https://w3id.org/italia/controlled-vocabulary/territorial-classifications/cities/018112-(1948-01-01)","018112","PIEVE ALBIGNOLA",1948-01-01,9999-12-31
"https://w3id.org/italia/controlled-vocabulary/territorial-classifications/cities/018119-(2005-01-08)","018119","REA",2005-01-08,9999-12-31
"https://w3id.org/italia/controlled-vocabulary/territorial-classifications/cities/018136-(1948-01-01)","018136","SAN GIORGIO DI LOMELLINA",1948-01-01,9999-12-31
"https://w3id.org/italia/controlled-vocabulary/territorial-classifications/cities/018146-(1948-01-01)","018146","SARTIRANA LOMELLINA",1948-01-01,9999-12-31
"https://w3id.org/italia/controlled-vocabulary/territorial-classifications/cities/018156-(1948-01-01)","018156","TORRE BERETTI E CASTELLARO",1948-01-01,9999-12-31
"https://w3id.org/italia/controlled-vocabulary/territorial-classifications/cities/018166-(1948-01-01)","018166","VAL DI NIZZA",1948-01-01,9999-12-31
"https://w3id.org/italia/controlled-vocabulary/territorial-classifications/cities/018176-(1948-01-01)","018176","VIDIGULFO",1948-01-01,9999-12-31
"https://w3id.org/italia/controlled-vocabulary/territorial-classifications/cities/018182-(1959-01-07)","018182","VOGHERA",1959-01-07,9999-12-31
"https://w3id.org/italia/controlled-vocabulary/territorial-classifications/cities/018184-(1956-04-08)","018184","ZAVATTARELLO",1956-04-08,9999-12-31
"https://w3id.org/italia/controlled-vocabulary/territorial-classifications/cities/019001-(1948-01-01)","019001","ACQUANEGRA CREMONESE",1948-01-01,9999-12-31
"https://w3id.org/italia/controlled-vocabulary/territorial-classifications/cities/019006-(1948-01-01)","019006","BONEMERSE",1948-01-01,9999-12-31
"https://w3id.org/italia/controlled-vocabulary/territorial-classifications/cities/019016-(1948-01-01)","019016","CASALBUTTANO ED UNITI",1948-01-01,9999-12-31
"https://w3id.org/italia/controlled-vocabulary/territorial-classifications/cities/019021-(1948-01-01)","019021","CASALMAGGIORE",1948-01-01,9999-12-31
"https://w3id.org/italia/controlled-vocabulary/territorial-classifications/cities/019031-(1948-01-01)","019031","CINGIA DE' BOTTI",1948-01-01,9999-12-31
"https://w3id.org/italia/controlled-vocabulary/territorial-classifications/cities/019053-(1948-01-01)","019053","ISOLA DOVARESE",1948-01-01,9999-12-31
"https://w3id.org/italia/controlled-vocabulary/territorial-classifications/cities/019063-(1948-01-01)","019063","OLMENETA",1948-01-01,9999-12-31
"https://w3id.org/italia/controlled-vocabulary/territorial-classifications/cities/019073-(1948-01-01)","019073","PIERANICA",1948-01-01,9999-12-31
"https://w3id.org/italia/controlled-vocabulary/territorial-classifications/cities/019081-(1955-03-12)","019081","RIPALTA CREMASCA",1955-03-12,9999-12-31
"https://w3id.org/italia/controlled-vocabulary/territorial-classifications/cities/019089-(1955-11-18)","019089","SAN DANIELE PO",1955-11-18,9999-12-31
"https://w3id.org/italia/controlled-vocabulary/territorial-classifications/cities/019093-(1948-01-01)","019093","SCANDOLARA RIPA D'OGLIO",1948-01-01,9999-12-31
"https://w3id.org/italia/controlled-vocabulary/territorial-classifications/cities/019097-(1948-01-01)","019097","SONCINO",1948-01-01,9999-12-31
"https://w3id.org/italia/controlled-vocabulary/territorial-classifications/cities/019105-(1961-04-01)","019105","TORLINO VIMERCATI",1961-04-01,9999-12-31
"https://w3id.org/italia/controlled-vocabulary/territorial-classifications/cities/019108-(1948-01-01)","019108","TORRICELLA DEL PIZZO",1948-01-01,9999-12-31
"https://w3id.org/italia/controlled-vocabulary/territorial-classifications/cities/019113-(1948-01-01)","019113","VESCOVATO",1948-01-01,9999-12-31
"https://w3id.org/italia/controlled-vocabulary/territorial-classifications/cities/020002-(1948-01-01)","020002","ASOLA",1948-01-01,9999-12-31
"https://w3id.org/italia/controlled-vocabulary/territorial-classifications/cities/020008-(1948-01-01)","020008","CANNETO SULL'OGLIO",1948-01-01,9999-12-31
"https://w3id.org/italia/controlled-vocabulary/territorial-classifications/cities/020016-(1948-01-01)","020016","CASTELLUCCHIO",1948-01-01,9999-12-31
"https://w3id.org/italia/controlled-vocabulary/territorial-classifications/cities/020018-(1948-01-01)","020018","CAVRIANA",1948-01-01,9999-12-31
"https://w3id.org/italia/controlled-vocabulary/territorial-classifications/cities/020026-(1948-01-01)","020026","GOITO",1948-01-01,9999-12-31
"https://w3id.org/italia/controlled-vocabulary/territorial-classifications/cities/020028-(1948-01-01)","020028","GUIDIZZOLO",1948-01-01,9999-12-31
"https://w3id.org/italia/controlled-vocabulary/territorial-classifications/cities/020036-(1948-01-01)","020036","MONZAMBANO",1948-01-01,9999-12-31
"https://w3id.org/italia/controlled-vocabulary/territorial-classifications/cities/020046-(1948-01-01)","020046","QUINGENTOLE",1948-01-01,9999-12-31
"https://w3id.org/italia/controlled-vocabulary/territorial-classifications/cities/020056-(1948-01-01)","020056","SAN GIACOMO DELLE SEGNATE",1948-01-01,9999-12-31
"https://w3id.org/italia/controlled-vocabulary/territorial-classifications/cities/020057-(2019-01-01)","020057","SAN GIORGIO BIGARELLO",2019-01-01,9999-12-31
"https://w3id.org/italia/controlled-vocabulary/territorial-classifications/cities/020066-(1948-01-01)","020066","VIADANA",1948-01-01,9999-12-31
"https://w3id.org/italia/controlled-vocabulary/territorial-classifications/cities/097010-(1995-01-01)","097010","BRIVIO",1995-01-01,9999-12-31
"https://w3id.org/italia/controlled-vocabulary/territorial-classifications/cities/097014-(1995-01-01)","097014","CARENNO",1995-01-01,9999-12-31
"https://w3id.org/italia/controlled-vocabulary/territorial-classifications/cities/097019-(1995-01-01)","097019","CASTELLO DI BRIANZA",1995-01-01,9999-12-31
"https://w3id.org/italia/controlled-vocabulary/territorial-classifications/cities/097020-(1995-01-01)","097020","CERNUSCO LOMBARDONE",1995-01-01,9999-12-31
"https://w3id.org/italia/controlled-vocabulary/territorial-classifications/cities/097029-(1995-01-01)","097029","CREMENO",1995-01-01,9999-12-31
"https://w3id.org/italia/controlled-vocabulary/territorial-classifications/cities/097034-(1995-01-01)","097034","ERVE",1995-01-01,9999-12-31
"https://w3id.org/italia/controlled-vocabulary/territorial-classifications/cities/097039-(1995-01-01)","097039","IMBERSAGO",1995-01-01,9999-12-31
"https://w3id.org/italia/controlled-vocabulary/territorial-classifications/cities/097042-(1995-01-01)","097042","LECCO",1995-01-01,9999-12-31
"https://w3id.org/italia/controlled-vocabulary/territorial-classifications/cities/097044-(1995-01-01)","097044","LOMAGNA",1995-01-01,9999-12-31
"https://w3id.org/italia/controlled-vocabulary/territorial-classifications/cities/097052-(1995-01-01)","097052","MONTE MARENZO",1995-01-01,9999-12-31
"https://w3id.org/italia/controlled-vocabulary/territorial-classifications/cities/097054-(1995-01-01)","097054","MONTICELLO BRIANZA",1995-01-01,9999-12-31
"https://w3id.org/italia/controlled-vocabulary/territorial-classifications/cities/097062-(1995-01-01)","097062","PADERNO D'ADDA",1995-01-01,9999-12-31
"https://w3id.org/italia/controlled-vocabulary/territorial-classifications/cities/097072-(1995-01-01)","097072","ROGENO",1995-01-01,9999-12-31
"https://w3id.org/italia/controlled-vocabulary/territorial-classifications/cities/097082-(1995-01-01)","097082","VALGREGHENTINO",1995-01-01,9999-12-31
"https://w3id.org/italia/controlled-vocabulary/territorial-classifications/cities/097086-(1995-01-01)","097086","VERCURAGO",1995-01-01,9999-12-31
"https://w3id.org/italia/controlled-vocabulary/territorial-classifications/cities/098006-(1995-01-01)","098006","BREMBIO",1995-01-01,9999-12-31
"https://w3id.org/italia/controlled-vocabulary/territorial-classifications/cities/098014-(1995-01-01)","098014","CASTIGLIONE D'ADDA",1995-01-01,9999-12-31
"https://w3id.org/italia/controlled-vocabulary/territorial-classifications/cities/098026-(1995-01-01)","098026","FOMBIO",1995-01-01,9999-12-31
"https://w3id.org/italia/controlled-vocabulary/territorial-classifications/cities/098048-(1995-01-01)","098048","SAN MARTINO IN STRADA",1995-01-01,9999-12-31
"https://w3id.org/italia/controlled-vocabulary/territorial-classifications/cities/098058-(1995-01-01)","098058","TURANO LODIGIANO",1995-01-01,9999-12-31
"https://w3id.org/italia/controlled-vocabulary/territorial-classifications/cities/108009-(2009-06-30)","108009","BIASSONO",2009-06-30,9999-12-31
"https://w3id.org/italia/controlled-vocabulary/territorial-classifications/cities/108010-(2009-06-30)","108010","BOVISIO-MASCIAGO",2009-06-30,9999-12-31
"https://w3id.org/italia/controlled-vocabulary/territorial-classifications/cities/108019-(2009-06-30)","108019","CESANO MADERNO",2009-06-30,9999-12-31
"https://w3id.org/italia/controlled-vocabulary/territorial-classifications/cities/108024-(2009-06-30)","108024","GIUSSANO",2009-06-30,9999-12-31
"https://w3id.org/italia/controlled-vocabulary/territorial-classifications/cities/108029-(2009-06-30)","108029","MACHERIO",2009-06-30,9999-12-31
"https://w3id.org/italia/controlled-vocabulary/territorial-classifications/cities/108034-(2009-06-30)","108034","MUGGIÒ",2009-06-30,9999-12-31
"https://w3id.org/italia/controlled-vocabulary/territorial-classifications/cities/108039-(2009-06-30)","108039","SEREGNO",2009-06-30,9999-12-31
"https://w3id.org/italia/controlled-vocabulary/territorial-classifications/cities/108042-(2009-06-30)","108042","SULBIATE",2009-06-30,9999-12-31
"https://w3id.org/italia/controlled-vocabulary/territorial-classifications/cities/108044-(2009-06-30)","108044","USMATE VELATE",2009-06-30,9999-12-31
"https://w3id.org/italia/controlled-vocabulary/territorial-classifications/cities/108053-(2009-12-18)","108053","CORNATE D'ADDA",2009-12-18,9999-12-31
"https://w3id.org/italia/controlled-vocabulary/territorial-classifications/cities/012031-(1948-01-01)","012031","CARAVATE",1948-01-01,9999-12-31
"https://w3id.org/italia/controlled-vocabulary/territorial-classifications/cities/012041-(1948-01-01)","012041","CASSANO VALCUVIA",1948-01-01,9999-12-31
"https://w3id.org/italia/controlled-vocabulary/territorial-classifications/cities/012051-(1953-09-01)","012051","CITTIGLIO",1953-09-01,9999-12-31
"https://w3id.org/italia/controlled-vocabulary/territorial-classifications/cities/012061-(1948-01-01)","012061","CURIGLIA CON MONTEVIASCO",1948-01-01,9999-12-31
"https://w3id.org/italia/controlled-vocabulary/territorial-classifications/cities/012065-(1948-01-01)","012065","DUMENZA",1948-01-01,9999-12-31
"https://w3id.org/italia/controlled-vocabulary/territorial-classifications/cities/012071-(1948-01-01)","012071","GALLIATE LOMBARDO",1948-01-01,9999-12-31
"https://w3id.org/italia/controlled-vocabulary/territorial-classifications/cities/012082-(1958-05-28)","012082","INARZO",1958-05-28,9999-12-31
"https://w3id.org/italia/controlled-vocabulary/territorial-classifications/cities/012085-(1948-01-01)","012085","JERAGO CON ORAGO",1948-01-01,9999-12-31
"https://w3id.org/italia/controlled-vocabulary/territorial-classifications/cities/012092-(1955-12-01)","012092","LUINO",1955-12-01,9999-12-31
"https://w3id.org/italia/controlled-vocabulary/territorial-classifications/cities/012142-(2014-02-04)","012142","MACCAGNO CON PINO E VEDDASCA",2014-02-04,9999-12-31
"https://w3id.org/italia/controlled-vocabulary/territorial-classifications/cities/012144-(2023-01-01)","012144","BARDELLO CON MALGESSO E BREGANO",2023-01-01,9999-12-31
"https://w3id.org/italia/controlled-vocabulary/territorial-classifications/cities/013003-(1948-01-01)","013003","ALBAVILLA",1948-01-01,9999-12-31
"https://w3id.org/italia/controlled-vocabulary/territorial-classifications/cities/013005-(1948-01-01)","013005","ALBIOLO",1948-01-01,9999-12-31
"https://w3id.org/italia/controlled-vocabulary/territorial-classifications/cities/013013-(1948-01-01)","013013","ASSO",1948-01-01,9999-12-31
"https://w3id.org/italia/controlled-vocabulary/territorial-classifications/cities/013021-(1950-04-05)","013021","BENE LARIO",1950-04-05,9999-12-31
"https://w3id.org/italia/controlled-vocabulary/territorial-classifications/cities/013023-(1948-01-01)","013023","BINAGO",1948-01-01,9999-12-31
"https://w3id.org/italia/controlled-vocabulary/territorial-classifications/cities/013037-(1948-01-01)","013037","CAGLIO",1948-01-01,9999-12-31
"https://w3id.org/italia/controlled-vocabulary/territorial-classifications/cities/013047-(1948-01-01)","013047","CARLAZZO",1948-01-01,9999-12-31
"https://w3id.org/italia/controlled-vocabulary/territorial-classifications/cities/013077-(1948-01-01)","013077","CORRIDO",1948-01-01,9999-12-31
"https://w3id.org/italia/controlled-vocabulary/territorial-classifications/cities/013089-(1950-04-05)","013089","DOMASO",1950-04-05,9999-12-31
"https://w3id.org/italia/controlled-vocabulary/territorial-classifications/cities/013090-(1948-01-01)","013090","DONGO",1948-01-01,9999-12-31
"https://w3id.org/italia/controlled-vocabulary/territorial-classifications/cities/013099-(1948-01-01)","013099","FALOPPIO",1948-01-01,9999-12-31
"https://w3id.org/italia/controlled-vocabulary/territorial-classifications/cities/013102-(2013-11-12)","013102","FINO MORNASCO",2013-11-12,9999-12-31
"https://w3id.org/italia/controlled-vocabulary/territorial-classifications/cities/013135-(1948-01-01)","013135","LUISAGO",1948-01-01,9999-12-31
"https://w3id.org/italia/controlled-vocabulary/territorial-classifications/cities/013145-(1948-01-01)","013145","MENAGGIO",1948-01-01,9999-12-31
"https://w3id.org/italia/controlled-vocabulary/territorial-classifications/cities/013163-(1950-04-05)","013163","NOVEDRATE",1950-04-05,9999-12-31
"https://w3id.org/italia/controlled-vocabulary/territorial-classifications/cities/013169-(1948-01-01)","013169","OLTRONA DI SAN MAMETTE",1948-01-01,9999-12-31
"https://w3id.org/italia/controlled-vocabulary/territorial-classifications/cities/013178-(1948-04-17)","013178","PEGLIO",1948-04-17,9999-12-31
"https://w3id.org/italia/controlled-vocabulary/territorial-classifications/cities/013189-(1948-01-01)","013189","PORLEZZA",1948-01-01,9999-12-31
"https://w3id.org/italia/controlled-vocabulary/territorial-classifications/cities/013192-(1948-01-01)","013192","PROSERPIO",1948-01-01,9999-12-31
"https://w3id.org/italia/controlled-vocabulary/territorial-classifications/cities/013203-(1950-04-05)","013203","SALA COMACINA",1950-04-05,9999-12-31
"https://w3id.org/italia/controlled-vocabulary/territorial-classifications/cities/013248-(2003-01-01)","013248","SAN SIRO",2003-01-01,9999-12-31
"https://w3id.org/italia/controlled-vocabulary/territorial-classifications/cities/013256-(2024-01-01)","013256","UGGIATE CON RONAGO",2024-01-01,9999-12-31
"https://w3id.org/italia/controlled-vocabulary/territorial-classifications/cities/014009-(1948-01-01)","014009","BORMIO",1948-01-01,9999-12-31
"https://w3id.org/italia/controlled-vocabulary/territorial-classifications/cities/014010-(1948-01-01)","014010","BUGLIO IN MONTE",1948-01-01,9999-12-31
"https://w3id.org/italia/controlled-vocabulary/territorial-classifications/cities/014019-(1948-01-01)","014019","CHIESA IN VALMALENCO",1948-01-01,9999-12-31
"https://w3id.org/italia/controlled-vocabulary/territorial-classifications/cities/014039-(1948-01-01)","014039","MANTELLO",1948-01-01,9999-12-31
"https://w3id.org/italia/controlled-vocabulary/territorial-classifications/cities/014052-(1948-01-01)","014052","PONTE IN VALTELLINA",1948-01-01,9999-12-31
"https://w3id.org/italia/controlled-vocabulary/territorial-classifications/cities/014062-(1948-01-01)","014062","SPRIANA",1948-01-01,9999-12-31
"https://w3id.org/italia/controlled-vocabulary/territorial-classifications/cities/014072-(1948-01-01)","014072","VALDISOTTO",1948-01-01,9999-12-31
"https://w3id.org/italia/controlled-vocabulary/territorial-classifications/cities/014076-(1948-01-01)","014076","VERVIO",1948-01-01,9999-12-31
"https://w3id.org/italia/controlled-vocabulary/territorial-classifications/cities/015050-(2015-01-01)","015050","CARPIANO",2015-01-01,9999-12-31
"https://w3id.org/italia/controlled-vocabulary/territorial-classifications/cities/015060-(2015-01-01)","015060","CASSINA DE' PECCHI",2015-01-01,9999-12-31
"https://w3id.org/italia/controlled-vocabulary/territorial-classifications/cities/015070-(2015-01-01)","015070","CERNUSCO SUL NAVIGLIO",2015-01-01,9999-12-31
"https://w3id.org/italia/controlled-vocabulary/territorial-classifications/cities/015105-(2015-01-01)","015105","GARBAGNATE MILANESE",2015-01-01,9999-12-31
"https://w3id.org/italia/controlled-vocabulary/territorial-classifications/cities/015115-(2015-01-01)","015115","LACCHIARELLA",2015-01-01,9999-12-31
"https://w3id.org/italia/controlled-vocabulary/territorial-classifications/cities/015125-(2015-01-01)","015125","LOCATE DI TRIULZI",2015-01-01,9999-12-31
"https://w3id.org/italia/controlled-vocabulary/territorial-classifications/cities/015139-(2015-01-01)","015139","MEDIGLIA",2015-01-01,9999-12-31
"https://w3id.org/italia/controlled-vocabulary/territorial-classifications/cities/015159-(2015-01-01)","015159","OPERA",2015-01-01,9999-12-31
"https://w3id.org/italia/controlled-vocabulary/territorial-classifications/cities/015169-(2015-01-01)","015169","PAULLO",2015-01-01,9999-12-31
"https://w3id.org/italia/controlled-vocabulary/territorial-classifications/cities/015172-(2015-01-01)","015172","PESSANO CON BORNAGO",2015-01-01,9999-12-31
"https://w3id.org/italia/controlled-vocabulary/territorial-classifications/cities/015179-(2015-01-01)","015179","PREGNANA MILANESE",2015-01-01,9999-12-31
"https://w3id.org/italia/controlled-vocabulary/territorial-classifications/cities/015182-(2015-01-01)","015182","RHO",2015-01-01,9999-12-31
"https://w3id.org/italia/controlled-vocabulary/territorial-classifications/cities/015192-(2015-01-01)","015192","SAN DONATO MILANESE",2015-01-01,9999-12-31
"https://w3id.org/italia/controlled-vocabulary/territorial-classifications/cities/015237-(2015-01-01)","015237","VIGNATE",2015-01-01,9999-12-31
"https://w3id.org/italia/controlled-vocabulary/territorial-classifications/cities/015247-(2015-01-01)","015247","ZIBIDO SAN GIACOMO",2015-01-01,9999-12-31
"https://w3id.org/italia/controlled-vocabulary/territorial-classifications/cities/016001-(1948-01-01)","016001","ADRARA SAN MARTINO",1948-01-01,9999-12-31
"https://w3id.org/italia/controlled-vocabulary/territorial-classifications/cities/016011-(1948-01-01)","016011","ARCENE",1948-01-01,9999-12-31
"https://w3id.org/italia/controlled-vocabulary/territorial-classifications/cities/016021-(1948-01-01)","016021","BARZANA",1948-01-01,9999-12-31
"https://w3id.org/italia/controlled-vocabulary/territorial-classifications/cities/016053-(1948-01-01)","016053","CARAVAGGIO",1948-01-01,9999-12-31
"https://w3id.org/italia/controlled-vocabulary/territorial-classifications/cities/016063-(1948-01-01)","016063","CASTEL ROZZONE",1948-01-01,9999-12-31
"https://w3id.org/italia/controlled-vocabulary/territorial-classifications/cities/016073-(1948-01-01)","016073","CHIUDUNO",1948-01-01,9999-12-31
"https://w3id.org/italia/controlled-vocabulary/territorial-classifications/cities/016083-(1948-01-01)","016083","CORTENUOVA",1948-01-01,9999-12-31
"https://w3id.org/italia/controlled-vocabulary/territorial-classifications/cities/016087-(1948-01-01)","016087","COVO",1948-01-01,9999-12-31
"https://w3id.org/italia/controlled-vocabulary/territorial-classifications/cities/016093-(2006-12-30)","016093","ENDINE GAIANO",2006-12-30,9999-12-31
"https://w3id.org/italia/controlled-vocabulary/territorial-classifications/cities/016097-(1948-01-01)","016097","FARA OLIVANA CON SOLA",1948-01-01,9999-12-31
"https://w3id.org/italia/controlled-vocabulary/territorial-classifications/cities/016100-(1948-01-26)","016100","FIORANO AL SERIO",1948-01-26,9999-12-31
"https://w3id.org/italia/controlled-vocabulary/territorial-classifications/cities/016113-(1948-01-01)","016113","GHISALBA",1948-01-01,9999-12-31
"https://w3id.org/italia/controlled-vocabulary/territorial-classifications/cities/016123-(1948-01-01)","016123","LALLIO",1948-01-01,9999-12-31
"https://w3id.org/italia/controlled-vocabulary/territorial-classifications/cities/016133-(1948-01-01)","016133","MARTINENGO",1948-01-01,9999-12-31
"https://w3id.org/italia/controlled-vocabulary/territorial-classifications/cities/016141-(1948-01-01)","016141","MORNICO AL SERIO",1948-01-01,9999-12-31
"https://w3id.org/italia/controlled-vocabulary/territorial-classifications/cities/016143-(1948-01-01)","016143","MOZZO",1948-01-01,9999-12-31
"https://w3id.org/italia/controlled-vocabulary/territorial-classifications/cities/016166-(1980-06-15)","016166","PIAZZOLO",1980-06-15,9999-12-31
"https://w3id.org/italia/controlled-vocabulary/territorial-classifications/cities/016170-(1964-03-01)","016170","PONTE SAN PIETRO",1964-03-01,9999-12-31
"https://w3id.org/italia/controlled-vocabulary/territorial-classifications/cities/016175-(1948-01-01)","016175","PREMOLO",1948-01-01,9999-12-31
"https://w3id.org/italia/controlled-vocabulary/territorial-classifications/cities/016195-(1948-01-01)","016195","SCHILPARIO",1948-01-01,9999-12-31
"https://w3id.org/italia/controlled-vocabulary/territorial-classifications/cities/016201-(1948-01-01)","016201","SONGAVAZZO",1948-01-01,9999-12-31
"https://w3id.org/italia/controlled-vocabulary/territorial-classifications/cities/016211-(1948-01-01)","016211","TAVERNOLA BERGAMASCA",1948-01-01,9999-12-31
"https://w3id.org/italia/controlled-vocabulary/territorial-classifications/cities/016221-(1948-01-01)","016221","UBIALE CLANEZZO",1948-01-01,9999-12-31
"https://w3id.org/italia/controlled-vocabulary/territorial-classifications/cities/016244-(1948-03-26)","016244","ZANDOBBIO",1948-03-26,9999-12-31
"https://w3id.org/italia/controlled-vocabulary/territorial-classifications/cities/016248-(1963-10-20)","016248","ALGUA",1963-10-20,9999-12-31
"https://w3id.org/italia/controlled-vocabulary/territorial-classifications/cities/016249-(1966-01-22)","016249","CORNALBA",1966-01-22,9999-12-31
"https://w3id.org/italia/controlled-vocabulary/territorial-classifications/cities/017002-(1962-05-26)","017002","ADRO",1962-05-26,9999-12-31
"https://w3id.org/italia/controlled-vocabulary/territorial-classifications/cities/017015-(1948-01-01)","017015","BERLINGO",1948-01-01,9999-12-31
"https://w3id.org/italia/controlled-vocabulary/territorial-classifications/cities/017017-(1948-01-01)","017017","BERZO INFERIORE",1948-01-01,9999-12-31
"https://w3id.org/italia/controlled-vocabulary/territorial-classifications/cities/017046-(2000-04-14)","017046","CAZZAGO SAN MARTINO",2000-04-14,9999-12-31
"https://w3id.org/italia/controlled-vocabulary/territorial-classifications/cities/017050-(1948-01-01)","017050","CETO",1948-01-01,9999-12-31
"https://w3id.org/italia/controlled-vocabulary/territorial-classifications/cities/017059-(1948-01-01)","017059","COLOGNE",1948-01-01,9999-12-31
"https://w3id.org/italia/controlled-vocabulary/territorial-classifications/cities/017060-(1948-01-01)","017060","COMEZZANO-CIZZAGO",1948-01-01,9999-12-31
"https://w3id.org/italia/controlled-vocabulary/territorial-classifications/cities/017070-(1948-01-01)","017070","ESINE",1948-01-01,9999-12-31
"https://w3id.org/italia/controlled-vocabulary/territorial-classifications/cities/017079-(1948-01-01)","017079","GIANICO",1948-01-01,9999-12-31
"https://w3id.org/italia/controlled-vocabulary/territorial-classifications/cities/017089-(1948-01-01)","017089","LIMONE SUL GARDA",1948-01-01,9999-12-31
"https://w3id.org/italia/controlled-vocabulary/territorial-classifications/cities/017099-(1948-01-01)","017099","MAIRANO",1948-01-01,9999-12-31
"https://w3id.org/italia/controlled-vocabulary/territorial-classifications/cities/017115-(1948-01-01)","017115","MURA",1948-01-01,9999-12-31
"https://w3id.org/italia/controlled-vocabulary/territorial-classifications/cities/017137-(1948-01-01)","017137","PAVONE DEL MELLA",1948-01-01,9999-12-31
"https://w3id.org/italia/controlled-vocabulary/territorial-classifications/cities/017139-(1948-01-01)","017139","PERTICA ALTA",1948-01-01,9999-12-31
"https://w3id.org/italia/controlled-vocabulary/territorial-classifications/cities/017149-(1948-01-01)","017149","PONTEVICO",1948-01-01,9999-12-31
"https://w3id.org/italia/controlled-vocabulary/territorial-classifications/cities/017157-(1948-01-01)","017157","PROVAGLIO VAL SABBIA",1948-01-01,9999-12-31
"https://w3id.org/italia/controlled-vocabulary/territorial-classifications/cities/017166-(2000-04-14)","017166","ROVATO",2000-04-14,9999-12-31
"https://w3id.org/italia/controlled-vocabulary/territorial-classifications/cities/017167-(1948-01-01)","017167","RUDIANO",1948-01-01,9999-12-31
"https://w3id.org/italia/controlled-vocabulary/territorial-classifications/cities/017180-(1948-01-01)","017180","SOIANO DEL LAGO",1948-01-01,9999-12-31
"https://w3id.org/italia/controlled-vocabulary/territorial-classifications/cities/017190-(1948-01-01)","017190","TRENZANO",1948-01-01,9999-12-31
"https://w3id.org/italia/controlled-vocabulary/territorial-classifications/cities/017192-(1948-01-01)","017192","URAGO D'OGLIO",1948-01-01,9999-12-31
"https://w3id.org/italia/controlled-vocabulary/territorial-classifications/cities/018008-(2008-08-16)","018008","BARBIANELLO",2008-08-16,9999-12-31
"https://w3id.org/italia/controlled-vocabulary/territorial-classifications/cities/018012-(1948-01-01)","018012","BATTUDA",1948-01-01,9999-12-31
"https://w3id.org/italia/controlled-vocabulary/territorial-classifications/cities/018022-(1948-01-01)","018022","BREME",1948-01-01,9999-12-31
"https://w3id.org/italia/controlled-vocabulary/territorial-classifications/cities/018023-(2005-01-08)","018023","BRESSANA BOTTARONE",2005-01-08,9999-12-31
"https://w3id.org/italia/controlled-vocabulary/territorial-classifications/cities/018032-(1948-01-01)","018032","CASATISMA",1948-01-01,9999-12-31
"https://w3id.org/italia/controlled-vocabulary/territorial-classifications/cities/018064-(1948-01-01)","018064","FORTUNAGO",1948-01-01,9999-12-31
"https://w3id.org/italia/controlled-vocabulary/territorial-classifications/cities/018074-(1948-01-01)","018074","GOLFERENZO",1948-01-01,9999-12-31
"https://w3id.org/italia/controlled-vocabulary/territorial-classifications/cities/018076-(1948-01-01)","018076","GROPELLO CAIROLI",1948-01-01,9999-12-31
"https://w3id.org/italia/controlled-vocabulary/territorial-classifications/cities/018077-(1961-12-26)","018077","INVERNO E MONTELEONE",1961-12-26,9999-12-31
"https://w3id.org/italia/controlled-vocabulary/territorial-classifications/cities/018084-(1948-01-01)","018084","LUNGAVILLA",1948-01-01,9999-12-31
"https://w3id.org/italia/controlled-vocabulary/territorial-classifications/cities/018094-(1948-01-01)","018094","MONTALTO PAVESE",1948-01-01,9999-12-31
"https://w3id.org/italia/controlled-vocabulary/territorial-classifications/cities/018098-(1948-01-01)","018098","MONTESEGALE",1948-01-01,9999-12-31
"https://w3id.org/italia/controlled-vocabulary/territorial-classifications/cities/018100-(1948-01-01)","018100","MONTÙ BECCARIA",1948-01-01,9999-12-31
"https://w3id.org/italia/controlled-vocabulary/territorial-classifications/cities/018114-(1948-01-01)","018114","PIEVE PORTO MORONE",1948-01-01,9999-12-31
"https://w3id.org/italia/controlled-vocabulary/territorial-classifications/cities/018120-(1948-01-01)","018120","REDAVALLE",1948-01-01,9999-12-31
"https://w3id.org/italia/controlled-vocabulary/territorial-classifications/cities/018122-(2009-07-30)","018122","RIVANAZZANO TERME",2009-07-30,9999-12-31
"https://w3id.org/italia/controlled-vocabulary/territorial-classifications/cities/018124-(1948-01-01)","018124","ROBECCO PAVESE",1948-01-01,9999-12-31
"https://w3id.org/italia/controlled-vocabulary/territorial-classifications/cities/018134-(1948-01-01)","018134","SAN DAMIANO AL COLLE",1948-01-01,9999-12-31
"https://w3id.org/italia/controlled-vocabulary/territorial-classifications/cities/018144-(1948-01-01)","018144","SANT'ANGELO LOMELLINA",1948-01-01,9999-12-31
"https://w3id.org/italia/controlled-vocabulary/territorial-classifications/cities/018157-(1948-04-22)","018157","TORRE D'ARESE",1948-04-22,9999-12-31
"https://w3id.org/italia/controlled-vocabulary/territorial-classifications/cities/018186-(1948-01-01)","018186","ZEME",1948-01-01,9999-12-31
"https://w3id.org/italia/controlled-vocabulary/territorial-classifications/cities/018193-(2019-01-01)","018193","COLLI VERDI",2019-01-01,9999-12-31
"https://w3id.org/italia/controlled-vocabulary/territorial-classifications/cities/019004-(1948-01-01)","019004","AZZANELLO",1948-01-01,9999-12-31
"https://w3id.org/italia/controlled-vocabulary/territorial-classifications/cities/019018-(1948-01-01)","019018","CASALETTO CEREDANO",1948-01-01,9999-12-31
"https://w3id.org/italia/controlled-vocabulary/territorial-classifications/cities/019028-(1948-01-01)","019028","CELLA DATI",1948-01-01,9999-12-31
"https://w3id.org/italia/controlled-vocabulary/territorial-classifications/cities/019038-(1948-01-01)","019038","CROTTA D'ADDA",1948-01-01,9999-12-31
"https://w3id.org/italia/controlled-vocabulary/territorial-classifications/cities/019041-(1948-01-01)","019041","DOVERA",1948-01-01,9999-12-31
"https://w3id.org/italia/controlled-vocabulary/territorial-classifications/cities/019051-(1948-01-01)","019051","GRUMELLO CREMONESE ED UNITI",1948-01-01,9999-12-31
"https://w3id.org/italia/controlled-vocabulary/territorial-classifications/cities/019061-(1948-01-01)","019061","MOTTA BALUFFI",1948-01-01,9999-12-31
"https://w3id.org/italia/controlled-vocabulary/territorial-classifications/cities/019072-(1953-08-26)","019072","PIANENGO",1953-08-26,9999-12-31
"https://w3id.org/italia/controlled-vocabulary/territorial-classifications/cities/019106-(1948-01-01)","019106","TORNATA",1948-01-01,9999-12-31
"https://w3id.org/italia/controlled-vocabulary/territorial-classifications/cities/020010-(1948-01-01)","020010","CASALMORO",1948-01-01,9999-12-31
"https://w3id.org/italia/controlled-vocabulary/territorial-classifications/cities/020014-(1948-01-01)","020014","CASTEL D'ARIO",1948-01-01,9999-12-31
"https://w3id.org/italia/controlled-vocabulary/territorial-classifications/cities/020024-(1948-01-01)","020024","GAZOLDO DEGLI IPPOLITI",1948-01-01,9999-12-31
"https://w3id.org/italia/controlled-vocabulary/territorial-classifications/cities/020034-(1948-01-01)","020034","MEDOLE",1948-01-01,9999-12-31
"https://w3id.org/italia/controlled-vocabulary/territorial-classifications/cities/020044-(1948-01-01)","020044","PONTI SUL MINCIO",1948-01-01,9999-12-31
"https://w3id.org/italia/controlled-vocabulary/territorial-classifications/cities/020073-(2019-01-01)","020073","BORGOCARBONARA",2019-01-01,9999-12-31
"https://w3id.org/italia/controlled-vocabulary/territorial-classifications/cities/097007-(1995-01-01)","097007","BARZIO",1995-01-01,9999-12-31
"https://w3id.org/italia/controlled-vocabulary/territorial-classifications/cities/097017-(1995-01-01)","097017","CASSAGO BRIANZA",1995-01-01,9999-12-31
"https://w3id.org/italia/controlled-vocabulary/territorial-classifications/cities/097027-(1995-01-01)","097027","CRANDOLA VALSASSINA",1995-01-01,9999-12-31
"https://w3id.org/italia/controlled-vocabulary/territorial-classifications/cities/097030-(1995-01-01)","097030","DERVIO",1995-01-01,9999-12-31
"https://w3id.org/italia/controlled-vocabulary/territorial-classifications/cities/097040-(1995-01-01)","097040","INTROBIO",1995-01-01,9999-12-31
"https://w3id.org/italia/controlled-vocabulary/territorial-classifications/cities/097050-(1995-01-01)","097050","MOGGIO",1995-01-01,9999-12-31
"https://w3id.org/italia/controlled-vocabulary/territorial-classifications/cities/097060-(1995-01-01)","097060","OLIVETO LARIO",1995-01-01,9999-12-31
"https://w3id.org/italia/controlled-vocabulary/territorial-classifications/cities/097064-(1995-01-01)","097064","PARLASCO",1995-01-01,9999-12-31
"https://w3id.org/italia/controlled-vocabulary/territorial-classifications/cities/097070-(1995-01-01)","097070","PRIMALUNA",1995-01-01,9999-12-31
"https://w3id.org/italia/controlled-vocabulary/territorial-classifications/cities/097074-(1995-01-01)","097074","SANTA MARIA HOÈ",1995-01-01,9999-12-31
"https://w3id.org/italia/controlled-vocabulary/territorial-classifications/cities/097084-(1995-01-01)","097084","VARENNA",1995-01-01,9999-12-31
"https://w3id.org/italia/controlled-vocabulary/territorial-classifications/cities/098002-(1995-01-01)","098002","BERTONICO",1995-01-01,9999-12-31
"https://w3id.org/italia/controlled-vocabulary/territorial-classifications/cities/098012-(1995-01-01)","098012","CASELLE LURANI",1995-01-01,9999-12-31
"https://w3id.org/italia/controlled-vocabulary/territorial-classifications/cities/098022-(1995-01-01)","098022","CORNO GIOVINE",1995-01-01,9999-12-31
"https://w3id.org/italia/controlled-vocabulary/territorial-classifications/cities/098032-(1995-01-01)","098032","LODI VECCHIO",1995-01-01,9999-12-31
"https://w3id.org/italia/controlled-vocabulary/territorial-classifications/cities/098036-(1995-01-01)","098036","MARUDO",1995-01-01,9999-12-31
"https://w3id.org/italia/controlled-vocabulary/territorial-classifications/cities/098042-(1995-01-01)","098042","ORIO LITTA",1995-01-01,9999-12-31
"https://w3id.org/italia/controlled-vocabulary/territorial-classifications/cities/098046-(1995-01-01)","098046","SALERANO SUL LAMBRO",1995-01-01,9999-12-31
"https://w3id.org/italia/controlled-vocabulary/territorial-classifications/cities/098054-(2020-02-05)","098054","SOMAGLIA",2020-02-05,9999-12-31
"https://w3id.org/italia/controlled-vocabulary/territorial-classifications/cities/098056-(1995-01-01)","098056","TAVAZZANO CON VILLAVESCO",1995-01-01,9999-12-31
"https://w3id.org/italia/controlled-vocabulary/territorial-classifications/cities/108007-(2009-06-30)","108007","BERNAREGGIO",2009-06-30,9999-12-31
"https://w3id.org/italia/controlled-vocabulary/territorial-classifications/cities/108017-(2009-06-30)","108017","CAVENAGO DI BRIANZA",2009-06-30,9999-12-31
"https://w3id.org/italia/controlled-vocabulary/territorial-classifications/cities/108020-(2009-06-30)","108020","COGLIATE",2009-06-30,9999-12-31
"https://w3id.org/italia/controlled-vocabulary/territorial-classifications/cities/108027-(2009-06-30)","108027","LIMBIATE",2009-06-30,9999-12-31
"https://w3id.org/italia/controlled-vocabulary/territorial-classifications/cities/108030-(2009-06-30)","108030","MEDA",2009-06-30,9999-12-31
"https://w3id.org/italia/controlled-vocabulary/territorial-classifications/cities/108040-(2009-06-30)","108040","SEVESO",2009-06-30,9999-12-31
"https://w3id.org/italia/controlled-vocabulary/territorial-classifications/cities/108049-(2009-06-30)","108049","VILLASANTA",2009-06-30,9999-12-31
"https://w3id.org/italia/controlled-vocabulary/territorial-classifications/cities/108050-(2009-06-30)","108050","VIMERCATE",2009-06-30,9999-12-31
